ID,DEP_DEL15
152931,1
4566748,1
3264510,1
1885080,1
5501259,1
2039156,1
1120359,1
1635150,1
4766512,1
3972901,1
4376791,1
472751,1
1472021,1
5178383,1
1815184,1
544573,1
1677722,1
4627038,1
4543593,1
4825733,1
3074806,1
288914,1
915059,1
4002630,1
3303419,1
5187790,1
348850,1
434630,1
2585457,1
476323,1
3630105,1
3807434,1
2983556,1
884152,1
2086110,1
863721,1
3358693,1
5064262,1
2171657,1
3237079,1
689542,1
2751720,1
441001,1
977122,1
849631,1
4474383,1
156735,1
5186162,1
4110433,1
2601101,1
583584,1
5330724,1
948216,1
776667,1
2338573,1
4935250,1
5405534,1
2514933,1
639986,1
5006287,1
1198633,1
3214973,1
4918764,1
3945138,1
1879673,1
4794867,1
4691460,1
243421,1
4322922,1
1038622,1
2745209,1
1984217,1
490097,1
5215059,1
5440794,1
5149559,1
5159632,1
3548452,1
5296481,1
293412,1
4940174,1
252003,1
5102591,1
2733856,1
134809,1
3865820,1
3298490,1
5254114,1
3832527,1
2863956,1
1992313,1
1579549,1
118931,1
2411208,1
846952,1
783245,1
994463,1
3852887,1
3100837,1
2544183,1
54873,1
1962996,1
2365626,1
2713669,1
2564997,1
5423931,1
3717423,1
1881767,1
1348018,1
3692784,1
3474577,1
5479083,1
3665794,1
4319880,1
985340,1
792401,1
58610,1
2153625,1
1815050,1
4435309,1
3114647,1
4677493,1
1064303,1
3443869,1
5120313,1
4799959,1
1292813,1
570120,1
2094589,1
628624,1
4993267,1
895484,1
615757,1
1395502,1
2187154,1
2024471,1
3565595,1
4484119,1
3406130,1
1975378,1
4363918,1
2055390,1
1872203,1
3695394,1
2780372,1
1314068,1
5398786,1
5422270,1
4952856,1
3193305,1
4711896,1
1058605,1
4623961,1
5013379,1
770027,1
3308344,1
4870539,1
3358083,1
3976992,1
2020189,1
4589959,1
552726,1
2954533,1
850695,1
2378059,1
1690678,1
3771054,1
3090852,1
364838,1
1586976,1
2637962,1
3875951,1
1434909,1
4635191,1
4701522,1
2714765,1
3156610,1
4227984,1
5100651,1
1799324,1
448123,1
5200902,1
826336,1
4374252,1
5247071,1
333683,1
2039054,1
3213741,1
204991,1
571151,1
4021759,1
992086,1
658690,1
3209582,1
577743,1
2196951,1
236769,1
4927127,1
3495303,1
3112972,1
4688515,1
1246089,1
1280551,1
3524818,1
264756,1
4594328,1
1646332,1
5264350,1
3674039,1
1314935,1
973868,1
556328,1
3951095,1
4494118,1
1943683,1
3253561,1
4541501,1
5548507,1
3453635,1
3271973,1
2830783,1
4154957,1
3173895,1
4818737,1
783046,1
4300879,1
310776,1
1871566,1
2735306,1
1920241,1
2486941,1
3914160,1
5460141,1
5378398,1
2548701,1
3523200,1
3300120,1
301021,1
1127075,1
5321507,1
1383397,1
2298790,1
2109030,1
504814,1
4341940,1
4686544,1
450392,1
3441225,1
4007061,1
5552824,1
1003427,1
3493582,1
370840,1
1373259,1
4425847,1
3983103,1
169611,1
264624,1
1704107,1
4180246,1
1520255,1
4018239,1
4223315,1
3981118,1
3198941,1
3141936,1
4507192,1
28978,1
3576912,1
3182359,1
1939500,1
5504105,1
5556657,1
3457605,1
2152912,1
4631941,1
5257327,1
1422382,1
710808,1
2069830,1
2898618,1
4009283,1
1906783,1
2506924,1
4878779,1
972503,1
4866658,1
1989736,1
3631771,1
4761375,1
2982568,1
190933,1
670544,1
1611740,1
4390329,1
3627454,1
5126897,1
5087064,1
292873,1
4516911,1
1422947,1
4054112,1
3726570,1
4629956,1
3434648,1
4863057,1
3394732,1
4244429,1
5547295,1
1363976,1
4144725,1
1176893,1
4672633,1
921366,1
1172230,1
475007,1
4060473,1
5002141,1
1032083,1
5217185,1
1611743,1
2254768,1
5552027,1
4666938,1
2282714,1
1901625,1
3098838,1
5239196,1
1411584,1
623398,1
3917895,1
2108290,1
5369125,1
4972193,1
58831,1
5269398,1
4952081,1
3784440,1
1637433,1
2346623,1
4643992,1
2888948,1
5094712,1
2305988,1
4459322,1
1244729,1
2876405,1
4030043,1
1566443,1
2936811,1
3195035,1
146774,1
4082867,1
3094811,1
3511045,1
941809,1
3103840,1
5347053,1
659837,1
1258930,1
1704396,1
4598619,1
112102,1
3894448,1
2219179,1
2824595,1
3681707,1
4676532,1
4095884,1
4869406,1
2078184,1
3021195,1
2138257,1
704664,1
4744506,1
3800408,1
2047831,1
4486884,1
4561770,1
2815155,1
3423818,1
2277944,1
1687843,1
2339585,1
2600955,1
1998766,1
2177620,1
1892118,1
2095078,1
223632,1
4239600,1
2834610,1
4866415,1
2091742,1
3861720,1
1046989,1
4989622,1
171508,1
5098958,1
995436,1
2065829,1
3147012,1
2313721,1
2512247,1
4626317,1
32939,1
1336160,1
1603652,1
4789515,1
2872521,1
4114732,1
859995,1
1311249,1
4930447,1
5014713,1
2920696,1
3082455,1
4979903,1
2519697,1
2343356,1
41381,1
1123352,1
3516208,1
2453672,1
3203245,1
5557868,1
3538207,1
1493951,1
3259062,1
2131951,1
4684174,1
2453381,1
300606,1
1204629,1
4511614,1
4923183,1
5337735,1
2921856,1
4023262,1
3947072,1
1715518,1
727036,1
3019497,1
1844711,1
5185118,1
3996062,1
108757,1
333507,1
5214567,1
2916074,1
616731,1
3637222,1
2978211,1
5280559,1
2360393,1
3922346,1
4983942,1
2157068,1
3929572,1
5195995,1
4924705,1
1268275,1
1545332,1
2109025,1
2160295,1
3429720,1
50592,1
3735401,1
1184132,1
3063045,1
4762529,1
4170535,1
907877,1
4135120,1
4472446,1
2442795,1
1020010,1
2131435,1
3747011,1
2773625,1
5245969,1
1926530,1
1955253,1
1836790,1
4039861,1
2808744,1
3568319,1
4639630,1
3048425,1
2002246,1
7157,1
3061718,1
4309951,1
3028212,1
1787523,1
5213341,1
2862870,1
4476917,1
1476066,1
5381112,1
4158947,1
1345823,1
3050842,1
4270251,1
223562,1
5096667,1
2769677,1
241094,1
1476431,1
792024,1
3709192,1
3406944,1
5335598,1
379397,1
3151560,1
4902160,1
14295,1
3039370,1
3089887,1
3271575,1
4282360,1
1266918,1
3732213,1
4132388,1
5135001,1
4632308,1
4314777,1
4153576,1
52237,1
2178204,1
1702214,1
91900,1
4873181,1
1387685,1
3482929,1
2176840,1
2036237,1
2567964,1
3197224,1
582704,1
4888733,1
2410833,1
3214649,1
4231384,1
1759821,1
5411235,1
3780536,1
2995519,1
4971965,1
4197311,1
2332475,1
2137310,1
2669541,1
1802635,1
4884303,1
5022039,1
4749589,1
1756687,1
2793993,1
4332937,1
3585352,1
2042069,1
459784,1
3863706,1
2336282,1
240529,1
347663,1
1776419,1
1627454,1
347254,1
499828,1
4397636,1
887400,1
1471810,1
2845331,1
3507431,1
2328811,1
693678,1
2006669,1
4856694,1
2959303,1
2914458,1
4041938,1
855603,1
526626,1
2815247,1
1247336,1
5554840,1
2699397,1
75792,1
5034676,1
2598241,1
4725106,1
1729710,1
3909587,1
3464879,1
4957747,1
2865190,1
3449101,1
3117130,1
2214837,1
3962395,1
4209262,1
1298636,1
1449655,1
3222621,1
3363184,1
4344780,1
4502715,1
1758267,1
2760331,1
3585803,1
3349589,1
123181,1
203387,1
4622853,1
5434157,1
5444623,1
859089,1
966359,1
3627731,1
2828815,1
994087,1
1729046,1
4940668,1
1603280,1
4104318,1
854507,1
1945608,1
62392,1
74719,1
1337576,1
3456597,1
5318119,1
1308627,1
1927278,1
813447,1
4402352,1
2073475,1
5239408,1
1751178,1
116255,1
3416725,1
5198460,1
4464256,1
1558370,1
158788,1
4460159,1
2874277,1
3884799,1
4040680,1
714396,1
838015,1
486290,1
5063248,1
3853770,1
5036533,1
3473109,1
4611682,1
5377599,1
3803481,1
3976075,1
502621,1
3546754,1
3704019,1
3576505,1
2210033,1
3016034,1
4245135,1
2218936,1
2324664,1
2626344,1
4463601,1
2696788,1
4518103,1
2665012,1
3647087,1
3548736,1
5206206,1
3346339,1
4319917,1
1601119,1
2424624,1
3265022,1
1785984,1
205036,1
2638065,1
89032,1
3994978,1
3752472,1
5507604,1
3725919,1
325802,1
3182837,1
2567394,1
3601148,1
2245557,1
2778246,1
3100084,1
4737867,1
1052986,1
1562232,1
4339122,1
4922610,1
2621584,1
3796047,1
4587556,1
2627592,1
4441785,1
2920932,1
3732019,1
4318386,1
2288307,1
15137,1
2787745,1
2378291,1
4124477,1
2280156,1
3247570,1
3136860,1
2242429,1
3788158,1
2656386,1
1799909,1
5232426,1
120607,1
4545159,1
1542082,1
68836,1
1929043,1
5521644,1
4637351,1
5135390,1
40846,1
5107663,1
2188108,1
1455391,1
3081554,1
4458570,1
4172907,1
1281547,1
2135238,1
3749140,1
2597784,1
5024296,1
5391003,1
3944889,1
3673139,1
2738622,1
3329960,1
583157,1
931257,1
474869,1
3863409,1
4940101,1
5027979,1
967809,1
2445643,1
2109544,1
4825420,1
1341395,1
2646842,1
2915198,1
2406006,1
4682968,1
4391095,1
497750,1
1254394,1
4113455,1
892843,1
3973864,1
564887,1
4484079,1
3366361,1
3786833,1
2575613,1
3181756,1
2610412,1
1024994,1
4072510,1
3260154,1
2725431,1
5283892,1
1474545,1
1468129,1
4346575,1
2676675,1
982940,1
1380343,1
1745047,1
2983051,1
3413702,1
2629528,1
2793905,1
1617244,1
2124332,1
994100,1
2923225,1
3303242,1
818894,1
5111578,1
922593,1
4753630,1
764935,1
4245300,1
133553,1
3494440,1
4205700,1
733308,1
4991806,1
1549970,1
1951480,1
2315148,1
2192546,1
2884938,1
3507357,1
1547328,1
2900474,1
2642555,1
2990608,1
1608744,1
88937,1
4782167,1
4573243,1
4451000,1
5160236,1
4960736,1
3720298,1
5548225,1
1667355,1
1454163,1
1269260,1
128340,1
5315386,1
2282640,1
3115294,1
2263836,1
1791221,1
4475195,1
4737776,1
3633976,1
443337,1
1479108,1
3426524,1
5538534,1
5329359,1
3994638,1
2647663,1
3584888,1
4948045,1
5445825,1
4125048,1
3753025,1
4838166,1
4300678,1
3150508,1
4134023,1
2457526,1
5109994,1
2355225,1
5330302,1
4021484,1
3650234,1
787109,1
3997567,1
2652045,1
2577949,1
4518820,1
4227684,1
2086827,1
4475838,1
2047725,1
172946,1
2951061,1
5163470,1
1322547,1
278493,1
3616554,1
3828268,1
4265230,1
1728310,1
3770131,1
21658,1
4516023,1
5445443,1
1217403,1
3598418,1
2717080,1
1472446,1
165175,1
770100,1
1938254,1
4566846,1
4126390,1
1074197,1
4909112,1
1693837,1
3306238,1
3171207,1
851389,1
3588258,1
1170042,1
5161071,1
4943158,1
4031291,1
2381391,1
2738869,1
5059818,1
1398927,1
2087477,1
997887,1
4377793,1
4065598,1
1078794,1
1835488,1
1518818,1
5050963,1
185896,1
5486956,1
538318,1
2071346,1
1022360,1
3970555,1
1705483,1
1263130,1
975451,1
3475974,1
3945347,1
5250834,1
3348483,1
3988565,1
3050761,1
2345438,1
3193179,1
2002196,1
2181096,1
4794918,1
5321956,1
1840292,1
601435,1
3469641,1
5357529,1
2838082,1
1787833,1
4662424,1
4550373,1
3397935,1
3131552,1
2854370,1
4108985,1
2541281,1
4106968,1
2922741,1
4638033,1
4173240,1
620542,1
14496,1
97854,1
5542447,1
60123,1
2014233,1
4330631,1
44247,1
1757261,1
3655585,1
5171184,1
4280765,1
1059344,1
3141455,1
3165435,1
5516971,1
5308211,1
3065960,1
737962,1
5556212,1
4579165,1
2658203,1
675557,1
2197948,1
3353446,1
2615941,1
4720500,1
4304642,1
715961,1
4185327,1
4371953,1
5443201,1
2360690,1
4296710,1
2623851,1
1385795,1
2359492,1
498386,1
4525626,1
4245764,1
1573398,1
2751227,1
132111,1
225355,1
1797681,1
1887775,1
4425247,1
1291250,1
3957820,1
306566,1
1034255,1
2861676,1
2815592,1
5361280,1
1218187,1
2267993,1
527453,1
5296482,1
4561751,1
2256238,1
3446271,1
4045696,1
3787335,1
2851093,1
4184725,1
207541,1
3294351,1
19391,1
1356604,1
3705239,1
5046818,1
2255865,1
3690151,1
2918360,1
4658548,1
1487500,1
540309,1
146455,1
2923659,1
3543229,1
1292120,1
5318005,1
3435703,1
3881113,1
2711513,1
4298327,1
2813687,1
28688,1
4476185,1
1268686,1
100254,1
5240716,1
316211,1
4252552,1
1167691,1
4196611,1
4171342,1
2715421,1
3417286,1
3707649,1
3869933,1
926341,1
3038649,1
2616853,1
3588595,1
5031026,1
3825388,1
5271458,1
366927,1
4563435,1
2614435,1
3451711,1
1517784,1
2167848,1
36885,1
4621668,1
960439,1
685915,1
897856,1
3126667,1
1608620,1
1208898,1
2837432,1
1717242,1
5232167,1
1287828,1
1979517,1
4921203,1
449641,1
2257632,1
4977486,1
2750498,1
1801253,1
3029201,1
598705,1
2416805,1
2008671,1
560822,1
4122861,1
5137398,1
2924670,1
4424567,1
4731691,1
848470,1
2462378,1
1055016,1
4117831,1
1903388,1
3602353,1
1306149,1
4554217,1
4186201,1
1686202,1
5031332,1
5502515,1
14597,1
776885,1
3543843,1
4262655,1
237126,1
2319983,1
896896,1
5536528,1
3722962,1
2974805,1
4874015,1
1247264,1
2006431,1
4431409,1
3175374,1
1241420,1
5445310,1
4883484,1
2073394,1
3397631,1
1344650,1
1533979,1
4751068,1
4414676,1
1661067,1
3395923,1
4299545,1
4348021,1
4641790,1
782747,1
4497370,1
1785190,1
5518467,1
864978,1
2325652,1
2591256,1
439453,1
1095861,1
2275544,1
1080453,1
3773482,1
539741,1
2520758,1
4220592,1
33911,1
1626316,1
587488,1
3500758,1
4903422,1
3905039,1
867874,1
1493045,1
3193287,1
5314543,1
981492,1
114812,1
1716634,1
2193020,1
5145739,1
2117627,1
729707,1
5017636,1
3398298,1
318249,1
4993999,1
414948,1
344252,1
2209705,1
4826974,1
3410318,1
38523,1
457342,1
4017490,1
4980525,1
710800,1
2859268,1
5169102,1
5283533,1
3328154,1
2075315,1
4076233,1
1846837,1
4428656,1
4141751,1
3134346,1
1544931,1
501813,1
5008498,1
406133,1
4799311,1
1829216,1
3182658,1
3177899,1
2809966,1
3494798,1
3814159,1
4336425,1
318978,1
1531606,1
4734724,1
3760255,1
3011980,1
918228,1
5162642,1
1052335,1
2681857,1
5081431,1
3854952,1
4168820,1
2154203,1
4985495,1
2539983,1
1757315,1
2814936,1
5260104,1
4112055,1
3729882,1
2618291,1
2372698,1
3135162,1
4184273,1
866958,1
1676172,1
2422464,1
2211911,1
5506118,1
5180220,1
2674833,1
1925479,1
4645098,1
1683990,1
4695631,1
1562692,1
3496604,1
1716980,1
5015731,1
5511783,1
3854570,1
3533919,1
4938204,1
3790936,1
3735842,1
5167067,1
5267362,1
760393,1
4731615,1
3666584,1
5143687,1
47496,1
3641963,1
2598436,1
2281296,1
3610072,1
332183,1
2033616,1
4451589,1
3181217,1
2931513,1
5397672,1
2354774,1
913834,1
795024,1
4552465,1
2179990,1
4579788,1
1767346,1
1454398,1
3071275,1
2024256,1
5079863,1
517941,1
1022042,1
4927387,1
2580175,1
654718,1
2177898,1
216358,1
3294932,1
1955044,1
5433465,1
2596305,1
1649623,1
3744891,1
3616496,1
1730518,1
2431441,1
280206,1
3804522,1
854255,1
2274023,1
3003797,1
4720681,1
3998824,1
4792399,1
1714674,1
658008,1
2139009,1
3558770,1
1117850,1
1305243,1
340014,1
4844426,1
146662,1
742711,1
1627201,1
3998074,1
4939289,1
2836186,1
1667769,1
4313985,1
2412128,1
915,1
4997968,1
1465464,1
3036168,1
138906,1
2897988,1
3317550,1
1882223,1
4047555,1
3514751,1
1491551,1
3077576,1
4897916,1
1895187,1
2931915,1
4162020,1
2447896,1
1037060,1
58063,1
2070040,1
3078510,1
2883019,1
1551172,1
4263739,1
62582,1
911529,1
2533392,1
3160859,1
4326206,1
2612262,1
3690258,1
4470682,1
2838370,1
612947,1
3691017,1
4144303,1
3165460,1
1321903,1
1427557,1
3551852,1
85109,1
1026426,1
5060695,1
2065826,1
2776481,1
2133002,1
1493912,1
653548,1
3179060,1
1474651,1
567111,1
2277119,1
1393205,1
4184533,1
3817278,1
3451084,1
707362,1
2698683,1
1885204,1
4055642,1
72730,1
5108141,1
3339648,1
94660,1
3620601,1
2552117,1
1689275,1
402894,1
1956641,1
1960388,1
4732830,1
65474,1
3682849,1
5342711,1
3713265,1
2661334,1
1800301,1
419686,1
3275376,1
257781,1
4037663,1
3834941,1
5277310,1
4820950,1
1316115,1
779510,1
3172688,1
2424173,1
1868200,1
1155640,1
3813076,1
5529026,1
1206877,1
2295703,1
863,1
4329364,1
402904,1
2635110,1
567801,1
1886850,1
951945,1
3457599,1
310068,1
5316534,1
4073067,1
4565756,1
3126535,1
968391,1
3774422,1
3276832,1
5042630,1
5110513,1
4760887,1
3911516,1
275614,1
4012491,1
1134456,1
5435359,1
2948841,1
2571851,1
1942505,1
1530123,1
4245192,1
2027871,1
28715,1
3473416,1
1041004,1
4362502,1
2284004,1
1721605,1
2207136,1
4402199,1
4619533,1
2183746,1
5265195,1
952331,1
1708515,1
4564817,1
1641591,1
3770566,1
5098178,1
1103537,1
4459098,1
1348914,1
2447524,1
3684737,1
3810776,1
5293736,1
3127535,1
769487,1
4346375,1
4242084,1
164953,1
5250112,1
2185421,1
4806335,1
4862961,1
535437,1
2541726,1
5252629,1
1375285,1
3069278,1
560957,1
329241,1
4594179,1
3893440,1
2600399,1
4623026,1
659106,1
2543214,1
4623405,1
1385125,1
4792739,1
4665130,1
274045,1
1158427,1
402949,1
4529796,1
153218,1
905069,1
4070504,1
3602600,1
1279901,1
3784666,1
778366,1
5286774,1
3297703,1
4203337,1
2413127,1
1184701,1
3665809,1
99688,1
2025311,1
4951411,1
370671,1
4418142,1
5545280,1
1271023,1
778368,1
4265816,1
2539128,1
1971333,1
575152,1
2421701,1
3801572,1
2631303,1
5151513,1
3585207,1
760760,1
3295348,1
948465,1
40047,1
907587,1
5316468,1
5421931,1
4586644,1
5447903,1
3619365,1
1618136,1
644678,1
1478384,1
525636,1
2806936,1
2201895,1
4238609,1
5340808,1
3382197,1
817696,1
3972138,1
4246617,1
3558759,1
4503259,1
755497,1
3161199,1
2281243,1
5369854,1
1166274,1
4848087,1
4077222,1
1809456,1
366709,1
5551997,1
1426017,1
2975098,1
4759824,1
2290330,1
4257983,1
1613522,1
5119452,1
1791717,1
3327777,1
3419796,1
5554132,1
3120129,1
4137516,1
823645,1
5341680,1
4522027,1
1844828,1
1289141,1
1165680,1
3689444,1
3518504,1
2892461,1
2538039,1
3924116,1
4855984,1
5381270,1
5486657,1
4288915,1
1740219,1
5142286,1
4025186,1
1014573,1
2895813,1
2693325,1
1577799,1
1508369,1
876547,1
4957950,1
5341971,1
4595638,1
1427074,1
1393693,1
2605621,1
1978178,1
2978012,1
3173215,1
1956224,1
2660827,1
4341891,1
5011706,1
900208,1
4199055,1
1151949,1
1232805,1
1244195,1
222780,1
3218186,1
2303507,1
167081,1
653443,1
881129,1
600732,1
3040384,1
2164662,1
3951341,1
2376528,1
4893482,1
4727138,1
4820861,1
4269462,1
1526185,1
3759427,1
212151,1
506178,1
3076802,1
4325926,1
730252,1
858918,1
4972765,1
444219,1
5526595,1
1309921,1
5363284,1
3583298,1
2351077,1
5046179,1
3077592,1
627778,1
4979606,1
1484784,1
1039891,1
3368414,1
3841648,1
1644194,1
5179320,1
4678259,1
2877479,1
4303316,1
3036766,1
4747115,1
960343,1
5378038,1
5154168,1
4103453,1
4367055,1
5011274,1
2799079,1
1719557,1
2054151,1
4180794,1
1643263,1
1976764,1
164574,1
4291770,1
5134762,1
2386550,1
2471583,1
403486,1
3878038,1
5503816,1
747181,1
3331484,1
4003006,1
4443746,1
244122,1
2620246,1
2464319,1
385392,1
5525589,1
4507076,1
5207856,1
1783360,1
1819098,1
2232155,1
3842035,1
4856946,1
3344431,1
4743119,1
4767977,1
2382707,1
2862316,1
1207488,1
3189253,1
3190204,1
2530624,1
3461853,1
772279,1
4345471,1
1104443,1
1784859,1
3943128,1
810860,1
187491,1
514841,1
199247,1
325566,1
3702006,1
3448656,1
3865328,1
3331464,1
4923306,1
432629,1
4924817,1
260262,1
502474,1
5461508,1
4132373,1
4011355,1
1848261,1
3804418,1
4451743,1
820090,1
307282,1
3307380,1
4811662,1
5448967,1
590127,1
680281,1
2300499,1
3916211,1
2190017,1
5040400,1
3269981,1
3123755,1
534261,1
1437768,1
1994102,1
1267067,1
4862981,1
2521680,1
1146968,1
1351425,1
3421977,1
1563311,1
517761,1
2249165,1
5259867,1
3649746,1
2709770,1
1515581,1
3114399,1
2820960,1
4302117,1
5217100,1
3396284,1
1676015,1
3184715,1
1320305,1
129542,1
1871991,1
5543156,1
256014,1
2537165,1
3964660,1
3909955,1
2331189,1
4314796,1
2786731,1
4474496,1
3844342,1
3840623,1
1687951,1
2761572,1
2942111,1
876267,1
1268455,1
4436871,1
1737786,1
1019914,1
894941,1
5141944,1
3787935,1
3241541,1
4463535,1
3442774,1
2163791,1
258018,1
3504196,1
3515864,1
880509,1
904221,1
4640202,1
5169324,1
1042497,1
3696744,1
632641,1
4070368,1
2704003,1
3994715,1
4496428,1
4257093,1
1767163,1
4485223,1
3407597,1
4013751,1
3477082,1
775634,1
5224991,1
5277684,1
3504343,1
914747,1
4481366,1
2131711,1
2669469,1
1651619,1
1620548,1
5525390,1
3427029,1
2717419,1
4660680,1
3682509,1
4302038,1
2009721,1
895193,1
3353246,1
1467847,1
4117643,1
1713708,1
3806404,1
4035044,1
2508858,1
4100951,1
1301926,1
240835,1
1725907,1
3321281,1
1515929,1
3508408,1
2001239,1
3311281,1
3460378,1
1297304,1
5192400,1
3453594,1
5372964,1
5512890,1
4541204,1
3110492,1
1902796,1
1612378,1
5014016,1
508616,1
171077,1
629856,1
3144330,1
1613587,1
999116,1
358065,1
2355241,1
4415900,1
2426628,1
5461825,1
262208,1
276601,1
1943487,1
3642198,1
1561624,1
698587,1
1423595,1
4243027,1
5071220,1
861485,1
3271044,1
415674,1
4024624,1
5251504,1
3036241,1
5144387,1
980609,1
5417543,1
992319,1
4739887,1
4951600,1
1071794,1
2708547,1
3933446,1
5490586,1
4999258,1
2799626,1
1070479,1
5088010,1
154129,1
737042,1
2663743,1
5537793,1
4681099,1
4891810,1
111967,1
4855042,1
3583798,1
2039437,1
1085507,1
4705724,1
2600835,1
683429,1
4757048,1
1979631,1
3058162,1
1421263,1
10096,1
4763954,1
2363168,1
1040770,1
2366902,1
24956,1
240113,1
1394629,1
1232209,1
4049535,1
1651931,1
1816121,1
4042237,1
675988,1
436320,1
2893797,1
196788,1
2815352,1
1905665,1
1995454,1
367027,1
4249363,1
2421088,1
5485732,1
718322,1
3399162,1
4916544,1
3820249,1
348752,1
111239,1
4850655,1
5186314,1
2129666,1
173729,1
4666961,1
4758486,1
2968052,1
5215768,1
1769506,1
2533362,1
666565,1
2330511,1
363800,1
1210924,1
3611894,1
956647,1
4746487,1
4556137,1
1119408,1
1845418,1
2291622,1
4531934,1
2333674,1
3118909,1
4411174,1
1596458,1
934419,1
3559665,1
3500543,1
717440,1
3288094,1
3956248,1
2156265,1
2739405,1
3368570,1
3036309,1
2875869,1
5506876,1
1023582,1
799775,1
623378,1
4279274,1
3628413,1
2086431,1
5026379,1
3989868,1
384306,1
1570260,1
4806716,1
688433,1
1609359,1
1438565,1
3468464,1
4811035,1
5285185,1
5302810,1
5537819,1
5391343,1
994672,1
1228133,1
2239435,1
559069,1
5234579,1
2294215,1
1297710,1
3328036,1
5133848,1
2747558,1
2105694,1
5031438,1
1908402,1
72799,1
1383025,1
4171252,1
4827043,1
4690368,1
3464862,1
3799907,1
447625,1
2625327,1
1607977,1
4600280,1
5033977,1
3741327,1
5322478,1
57925,1
3069710,1
4907303,1
4474697,1
4599833,1
1024359,1
4750877,1
2460932,1
1867884,1
1273750,1
4797715,1
4261789,1
650632,1
2594916,1
2817948,1
974363,1
2345053,1
1138687,1
2576430,1
4512018,1
1103203,1
4308872,1
3045596,1
3941559,1
2281947,1
1722542,1
5067700,1
4244656,1
1947679,1
893665,1
390872,1
4832352,1
4104411,1
475516,1
4493567,1
4956784,1
743063,1
2574948,1
2217012,1
5301823,1
253671,1
5051418,1
1504414,1
4545651,1
4339896,1
3652915,1
2618185,1
3860261,1
2225918,1
1937894,1
5111372,1
1239373,1
2349574,1
1421073,1
149475,1
5421664,1
1114550,1
1956072,1
5316923,1
4012826,1
3978867,1
3610176,1
3183077,1
3919053,1
1698844,1
3108683,1
186849,1
2554799,1
4544234,1
5442105,1
2591164,1
97608,1
4817362,1
5334061,1
4048876,1
1676916,1
1598228,1
3773330,1
4406753,1
4520003,1
3163687,1
265408,1
2637808,1
2103711,1
4095279,1
3158554,1
5462462,1
3511712,1
5354254,1
1242447,1
5230241,1
798432,1
4624158,1
5311950,1
759311,1
1251646,1
4437441,1
2146356,1
2970760,1
537878,1
2024082,1
684184,1
5223450,1
2464172,1
3097093,1
2776127,1
4843179,1
552541,1
5318359,1
4183014,1
5370769,1
1759085,1
3127941,1
2799404,1
1896585,1
3418135,1
2074506,1
215740,1
930953,1
5390908,1
4183431,1
2045856,1
5494410,1
3674198,1
2245573,1
2129199,1
3893901,1
4202787,1
315017,1
4343157,1
1053472,1
2825754,1
5210588,1
5450373,1
1171346,1
3463283,1
2926991,1
1532002,1
1239867,1
861697,1
2322875,1
4190738,1
1613425,1
4302497,1
1260316,1
966924,1
3016005,1
4378719,1
4963976,1
5506188,1
3553647,1
1240089,1
1880807,1
4480362,1
2833531,1
2222515,1
5079572,1
547780,1
5283516,1
5400420,1
3057765,1
3883557,1
5241644,1
2842966,1
5400045,1
5525333,1
1713483,1
269640,1
2329373,1
2077991,1
4214481,1
2894560,1
1217774,1
3549860,1
2865657,1
4087467,1
1993927,1
5286115,1
3937901,1
681045,1
4983088,1
4001637,1
4977732,1
261862,1
5405703,1
5511654,1
1942674,1
5014925,1
2868681,1
1354413,1
4434873,1
426241,1
3471646,1
2594176,1
3574732,1
2319608,1
4194832,1
5165497,1
3838570,1
755915,1
5346913,1
3087471,1
1681006,1
249353,1
327956,1
2983659,1
4549141,1
5472925,1
3172442,1
356568,1
1607866,1
376223,1
903071,1
2712495,1
1107570,1
4541082,1
1368206,1
1738634,1
5280568,1
1767680,1
3717239,1
4449641,1
413867,1
2494923,1
2142328,1
3145158,1
5146006,1
3138008,1
1450866,1
3792468,1
5134942,1
3762782,1
1664582,1
585955,1
4809049,1
4790440,1
2179087,1
1158108,1
1113483,1
1274581,1
914061,1
1122398,1
3610453,1
3006787,1
1943512,1
5185042,1
182783,1
1283732,1
369597,1
5364766,1
202333,1
5002667,1
974460,1
5225753,1
2721173,1
1334615,1
4771657,1
4662522,1
4138058,1
2669507,1
3150815,1
5014037,1
4691566,1
1230164,1
4014439,1
2723187,1
4967964,1
4678208,1
5463950,1
5154922,1
3197608,1
4336933,1
201669,1
573893,1
1088463,1
2421624,1
944939,1
3124100,1
1526489,1
1957992,1
1965794,1
5325862,1
148658,1
490892,1
1257589,1
2933428,1
153285,1
4195034,1
2680291,1
2758208,1
837895,1
1643076,1
4305544,1
5397427,1
5432023,1
1717776,1
4420508,1
4624647,1
5039909,1
5489181,1
231801,1
2039817,1
1443854,1
5446306,1
5033486,1
2235945,1
1337146,1
4139346,1
5145719,1
924731,1
2852648,1
1521307,1
5395385,1
4587948,1
5107792,1
820109,1
169151,1
576813,1
1782819,1
946235,1
4073486,1
2831192,1
1503418,1
139918,1
4039035,1
1640241,1
4068554,1
4751793,1
4313606,1
1848022,1
2556735,1
1177001,1
1643752,1
4105974,1
4679057,1
4237370,1
3633609,1
4822187,1
485384,1
2470794,1
829084,1
2095980,1
2751035,1
3195959,1
1052235,1
427979,1
1655537,1
1980389,1
2996414,1
785510,1
1643637,1
2534230,1
1987004,1
5254024,1
1747868,1
1387054,1
4787073,1
1456462,1
2729615,1
2008384,1
4733227,1
65499,1
5346368,1
3102810,1
1132901,1
894903,1
3994842,1
2309120,1
3843182,1
668263,1
5229804,1
4937264,1
287858,1
3413630,1
1267906,1
2168478,1
3540856,1
3661235,1
4848555,1
168672,1
3755738,1
2041373,1
2310377,1
2976116,1
1053484,1
4247114,1
232090,1
1503238,1
1852432,1
2112026,1
5350623,1
1973207,1
1737333,1
594786,1
439195,1
1839737,1
1581640,1
3612406,1
4030623,1
5266635,1
4479790,1
3901589,1
2487032,1
1044312,1
1525733,1
2994353,1
5279646,1
816726,1
3263882,1
2805391,1
5422866,1
3134951,1
788537,1
2341208,1
5286572,1
1952288,1
4611071,1
5363444,1
2659039,1
1181121,1
1839662,1
1219936,1
4944906,1
4962705,1
5058297,1
3894880,1
5253427,1
5523602,1
900639,1
4233146,1
777702,1
3066987,1
4310116,1
3985043,1
1234129,1
2702975,1
1412707,1
2739030,1
3532926,1
5559302,1
874981,1
4579591,1
1159934,1
1361380,1
120115,1
1920160,1
3620725,1
2383136,1
1074186,1
3318184,1
3076878,1
1235214,1
2403960,1
27005,1
5172236,1
1236819,1
4511905,1
5040851,1
4072465,1
4532852,1
1489112,1
4963010,1
4888909,1
4036782,1
3072442,1
2104632,1
1075572,1
3828814,1
3076509,1
3663909,1
4682242,1
3959970,1
211590,1
5151753,1
2789919,1
3711692,1
3563559,1
3948937,1
1458491,1
2383297,1
1737831,1
3294530,1
4194791,1
4609132,1
4721332,1
5399060,1
1062972,1
1028211,1
5525697,1
4382416,1
2496318,1
3263369,1
3011457,1
2642038,1
4203813,1
2468188,1
1068231,1
1837612,1
3319995,1
4879381,1
3493964,1
4645444,1
1394861,1
389778,1
2812287,1
375318,1
26647,1
2114386,1
4764036,1
396319,1
3978996,1
4410002,1
4333698,1
1367880,1
982831,1
2235173,1
3726421,1
5426550,1
4174542,1
3496647,1
1505650,1
2545875,1
900881,1
2375670,1
3227414,1
972534,1
4205894,1
3236150,1
5014065,1
892627,1
5031433,1
3543724,1
561940,1
1714388,1
3331367,1
1123459,1
4917116,1
1150952,1
4300042,1
461344,1
1317924,1
5410304,1
2416000,1
463394,1
1397865,1
316735,1
957254,1
1925989,1
3507968,1
5094225,1
861811,1
4012638,1
1171441,1
4944306,1
2999012,1
1141237,1
308880,1
4399936,1
4284722,1
3384935,1
3857343,1
594988,1
711171,1
161620,1
832445,1
4623835,1
4426741,1
4222435,1
1767914,1
4898704,1
4881358,1
5199924,1
5141368,1
3821163,1
4121248,1
4820295,1
3564898,1
2581607,1
1957909,1
4106979,1
611368,1
2176212,1
1025060,1
1873707,1
2727569,1
3663560,1
4990838,1
2232226,1
2322535,1
1794945,1
374817,1
430497,1
311231,1
820236,1
4425369,1
5148010,1
2037667,1
4236666,1
1483700,1
1193856,1
2270166,1
2081157,1
2331376,1
5096532,1
2340372,1
4718083,1
5304013,1
3009571,1
1083763,1
1138170,1
1430189,1
1227501,1
4536497,1
3045073,1
4320684,1
117350,1
5203340,1
1470883,1
1870151,1
401802,1
2482561,1
5320552,1
707478,1
4130258,1
850810,1
3814712,1
2730752,1
1316347,1
1246388,1
2106592,1
5291520,1
3894311,1
3288709,1
3780527,1
4234837,1
3081416,1
829813,1
4717603,1
838956,1
1334840,1
2798192,1
2844068,1
2102881,1
447082,1
811674,1
1591709,1
4307416,1
428412,1
5383009,1
4951613,1
555680,1
5322201,1
4042660,1
2986012,1
3999498,1
3703257,1
2747658,1
3732659,1
796494,1
4206319,1
3924647,1
1023628,1
3577404,1
5132707,1
3433597,1
5360133,1
1941989,1
3018115,1
150389,1
404602,1
2934873,1
511486,1
5369272,1
2965564,1
1343738,1
561455,1
3562610,1
3187514,1
2947856,1
2297554,1
3270525,1
4003290,1
2542916,1
4199747,1
1794133,1
5445157,1
4566573,1
4219468,1
837027,1
3818692,1
2035305,1
1372414,1
3361336,1
3095854,1
4055551,1
3017988,1
701219,1
1861080,1
205522,1
3228439,1
1753950,1
2139069,1
3480296,1
176642,1
4944122,1
5246679,1
4027492,1
3345831,1
2398908,1
3152155,1
3194570,1
4370596,1
853212,1
1394817,1
1195743,1
2409535,1
2242709,1
2176356,1
5334055,1
1291626,1
4885640,1
967813,1
606347,1
4344861,1
3515162,1
1672515,1
1802600,1
785107,1
4163119,1
4044789,1
2228365,1
658520,1
2816027,1
4379498,1
1427071,1
2992222,1
753843,1
1748721,1
1206314,1
3566188,1
124159,1
705244,1
5468606,1
495214,1
3512574,1
615747,1
2185851,1
1106454,1
5220528,1
4008961,1
334495,1
3050581,1
4009179,1
746777,1
2372074,1
1902510,1
4798056,1
1757553,1
325151,1
5466928,1
5478919,1
2034469,1
5054526,1
3714367,1
2801028,1
3276531,1
2116276,1
3312610,1
860555,1
1048098,1
3786875,1
2059475,1
3217544,1
131289,1
1108272,1
2008660,1
468646,1
4644468,1
3569311,1
1060245,1
1509441,1
4389770,1
3595403,1
2611977,1
2049417,1
3602434,1
5375868,1
87774,1
3481858,1
310702,1
757019,1
5151801,1
1123508,1
671441,1
2151948,1
4157151,1
192104,1
790698,1
2404602,1
461729,1
4224316,1
3404151,1
3137543,1
1926161,1
5399252,1
1021,1
3406452,1
3372884,1
5279691,1
2703695,1
1478729,1
3879681,1
1180455,1
1070273,1
4884146,1
1406073,1
1048639,1
3668647,1
1097066,1
568302,1
946924,1
556732,1
1056257,1
2181021,1
5062543,1
4421721,1
2902650,1
1468143,1
3208638,1
5218868,1
1128124,1
206385,1
1627659,1
3738607,1
1796649,1
750434,1
729711,1
4041647,1
4557945,1
4487196,1
535303,1
4568425,1
2843949,1
4630015,1
5201186,1
2312658,1
5212402,1
4007566,1
2646474,1
3755790,1
3738325,1
371711,1
3079542,1
3651294,1
4500742,1
2421979,1
4178488,1
1275364,1
4835456,1
5521747,1
210156,1
2874496,1
741623,1
3087317,1
2736878,1
1338737,1
5005593,1
2127925,1
2518781,1
2484875,1
1713832,1
2121755,1
1320646,1
451077,1
4918836,1
89508,1
3829012,1
4154307,1
262020,1
1347700,1
2903648,1
780407,1
2738278,1
655543,1
4435498,1
3063248,1
4605038,1
3940684,1
1782511,1
855456,1
4131993,1
412115,1
3213854,1
3448964,1
2632848,1
3915815,1
5245932,1
4179773,1
3346068,1
3332930,1
1549671,1
3637976,1
3480124,1
1957164,1
3208032,1
5157765,1
2642273,1
4715883,1
3761931,1
2227560,1
3227233,1
1709649,1
2938168,1
5267463,1
3999178,1
1298383,1
4033746,1
1432704,1
4780581,1
3102362,1
2586394,1
4354516,1
4696844,1
2130207,1
1116082,1
5265339,1
3137837,1
1659974,1
2470823,1
4356868,1
944084,1
4740788,1
2036878,1
1253256,1
3976867,1
4005039,1
3257112,1
1622640,1
3508744,1
3159543,1
4150251,1
5120406,1
2131835,1
2263037,1
4507711,1
1458812,1
1524120,1
3919535,1
236296,1
2312640,1
2237435,1
505257,1
4332386,1
674652,1
260626,1
4982433,1
2789119,1
4876190,1
2654650,1
2783828,1
1036807,1
21355,1
693363,1
1410384,1
275088,1
3101780,1
780419,1
3575056,1
46637,1
4089839,1
2293786,1
4080385,1
67034,1
2563742,1
2276454,1
4177138,1
3348609,1
3920438,1
2962781,1
760035,1
5075353,1
2105546,1
3628833,1
2529753,1
4603653,1
5236668,1
5025316,1
2306613,1
1836569,1
830190,1
3180760,1
899934,1
1136980,1
1989679,1
3295322,1
1031861,1
944418,1
3725150,1
1535660,1
22520,1
3769032,1
4106222,1
2562818,1
2734192,1
4617194,1
496275,1
55120,1
2864316,1
4849199,1
5395166,1
4500559,1
4437186,1
5234057,1
3477453,1
4819472,1
965948,1
2784477,1
2274986,1
1208329,1
4131067,1
5343615,1
2736153,1
2209127,1
1054313,1
1301414,1
799168,1
1210097,1
1359487,1
1072566,1
2570333,1
1408577,1
1916439,1
3385471,1
2934507,1
5421156,1
1778604,1
4269414,1
3106099,1
5499329,1
3506027,1
2889797,1
357772,1
4867653,1
4625693,1
5488444,1
2848703,1
2623000,1
4713265,1
2979026,1
4837030,1
1672789,1
2607637,1
1960867,1
493241,1
4569138,1
3368339,1
1918720,1
1701000,1
238176,1
3413739,1
602032,1
1779909,1
5146059,1
4481890,1
1471096,1
3498838,1
4835647,1
2897553,1
2130614,1
4581394,1
809487,1
4455038,1
3181946,1
257377,1
2610620,1
2229423,1
111236,1
2337777,1
2965226,1
2230999,1
1370703,1
3612985,1
2731527,1
1151310,1
1766099,1
5245873,1
4305852,1
1883631,1
1177693,1
3398270,1
4116365,1
5454582,1
1414739,1
655321,1
1166321,1
3928594,1
3922367,1
4743034,1
2891431,1
923321,1
5108743,1
1969153,1
967576,1
72791,1
968473,1
4163816,1
2391484,1
727097,1
3290017,1
3995317,1
1314265,1
2478318,1
5394402,1
2578328,1
5527518,1
5007516,1
3498865,1
4393013,1
4302832,1
3804387,1
3625446,1
4053639,1
2572567,1
1655028,1
4198965,1
2985601,1
2050946,1
398866,1
1097532,1
4122532,1
558157,1
4375389,1
793152,1
4927266,1
4945768,1
5473958,1
1659335,1
1928410,1
5521825,1
5028671,1
3991985,1
3272449,1
4893485,1
3203617,1
5222530,1
170593,1
3526721,1
3615122,1
3201099,1
4368973,1
2794803,1
1773730,1
4587676,1
5122264,1
1136949,1
2615725,1
4128112,1
1817375,1
220762,1
1383669,1
4572199,1
4926457,1
798302,1
1508884,1
1217347,1
4772189,1
1054162,1
3078609,1
4303674,1
2602284,1
1479695,1
1937953,1
1133061,1
5320738,1
1404,1
2543067,1
3978138,1
2243577,1
2111397,1
985637,1
2970640,1
3703695,1
4769097,1
2804164,1
59165,1
2524131,1
2747638,1
5034477,1
4872241,1
811546,1
1498525,1
5435397,1
378565,1
1492813,1
2079304,1
1209295,1
866286,1
267064,1
2718336,1
1825669,1
1281701,1
2701772,1
5372413,1
2621386,1
3942258,1
3772170,1
1451347,1
5378758,1
2379936,1
54598,1
2978901,1
2020465,1
32712,1
2813751,1
3523437,1
1311750,1
805387,1
2803574,1
1223869,1
1174872,1
76131,1
2992765,1
4009913,1
1909233,1
3078796,1
1107659,1
2289703,1
5122434,1
1567482,1
831655,1
874845,1
4795097,1
4476108,1
4541514,1
1582660,1
4938906,1
1902770,1
421565,1
4505187,1
5093635,1
5514460,1
5428313,1
1928484,1
1994167,1
2724526,1
448246,1
4341210,1
4413891,1
1595577,1
658951,1
3871283,1
823476,1
2380557,1
4995539,1
1101441,1
2977710,1
3899060,1
1554892,1
3299001,1
3311725,1
520628,1
3434090,1
526540,1
5329902,1
4972458,1
733329,1
1084760,1
4284126,1
1154370,1
1945913,1
2129623,1
1847295,1
5375865,1
1853565,1
1183720,1
1444527,1
3036488,1
2433433,1
3198755,1
1181733,1
3375326,1
1462677,1
406693,1
3780239,1
5001776,1
2110053,1
1587664,1
102080,1
2695164,1
1470383,1
5543128,1
629571,1
265605,1
3915181,1
3649259,1
2222400,1
1655504,1
3236981,1
5425043,1
4579664,1
5482724,1
2086426,1
2698667,1
5066742,1
1881741,1
458003,1
4896819,1
3621620,1
1416711,1
2100582,1
4104723,1
2198989,1
822000,1
3739206,1
2889249,1
2527673,1
2333528,1
3627577,1
1226031,1
166144,1
4242408,1
2653520,1
4687928,1
1528766,1
3180599,1
1248305,1
3896189,1
5092463,1
4454714,1
3078909,1
3716869,1
539046,1
74776,1
2825794,1
3660243,1
3743715,1
4695577,1
982110,1
4633488,1
2300573,1
4057313,1
3564675,1
2086663,1
2854856,1
1043112,1
4505146,1
2034648,1
4641411,1
5024865,1
4621803,1
1973129,1
3220205,1
2266467,1
734829,1
564941,1
2144414,1
4518184,1
5331729,1
1316560,1
4992664,1
5455139,1
4723076,1
2151590,1
4831032,1
4938739,1
2845872,1
10755,1
1949404,1
2248804,1
3694319,1
4736064,1
3914736,1
3677257,1
3437523,1
5212180,1
194387,1
1095189,1
1307513,1
1598512,1
2620335,1
2661290,1
1965900,1
4392035,1
4195112,1
1478827,1
3407651,1
3769336,1
5069503,1
4009353,1
1413059,1
2756000,1
103460,1
4201555,1
1088055,1
93211,1
2310614,1
857842,1
5011318,1
4148024,1
4149094,1
2682497,1
913433,1
2353401,1
5424784,1
3853756,1
4062094,1
3183393,1
3111134,1
2690603,1
3341507,1
486359,1
3801266,1
48532,1
3019710,1
109622,1
5048466,1
688454,1
2794750,1
2715870,1
2520279,1
4269409,1
291682,1
5231934,1
1383518,1
1710595,1
5064223,1
4031701,1
5397915,1
4551836,1
4085687,1
1165,1
3690570,1
4833244,1
1014455,1
5492372,1
3472836,1
3478643,1
1660424,1
2222170,1
1873167,1
3312785,1
2723684,1
3768341,1
4711624,1
1707357,1
4524166,1
1912143,1
2964372,1
1892710,1
3950847,1
915814,1
2476866,1
3010344,1
1689181,1
5318605,1
4301679,1
800295,1
513587,1
4493306,1
2932920,1
2348625,1
209722,1
2805207,1
4295200,1
2872934,1
1005737,1
2511166,1
976663,1
1507711,1
2097988,1
4636747,1
2573759,1
1116468,1
2304410,1
2921355,1
5425455,1
5306031,1
710226,1
1532332,1
3816159,1
1036161,1
4254198,1
218317,1
3864460,1
1931766,1
1013416,1
1053514,1
5474426,1
1850090,1
1632855,1
2768653,1
1992482,1
547663,1
2373665,1
3054235,1
2613320,1
1428446,1
5047376,1
2154592,1
5431779,1
4176313,1
4738394,1
33406,1
50541,1
2776818,1
388240,1
1789759,1
2422015,1
4939055,1
4472248,1
3075697,1
3899643,1
8304,1
901881,1
2613271,1
2683703,1
367692,1
2785318,1
1082022,1
5455099,1
5126585,1
2023772,1
2429010,1
252040,1
3190745,1
888495,1
4936875,1
954764,1
1001019,1
10068,1
521656,1
4046437,1
1066617,1
12805,1
4548287,1
1847732,1
5256954,1
4149876,1
3408757,1
3100971,1
2895624,1
506703,1
4991934,1
1524158,1
5525933,1
2391661,1
110017,1
5139935,1
735269,1
1738646,1
3523075,1
1428151,1
4604623,1
4410828,1
5454257,1
2961256,1
4732501,1
1181135,1
4274119,1
1696223,1
5412239,1
3981169,1
4502723,1
3537066,1
3801624,1
2643550,1
370339,1
13557,1
4018276,1
5158853,1
4608747,1
3293305,1
1787464,1
3153304,1
3704841,1
2835437,1
3524757,1
2129990,1
1789363,1
699971,1
2117989,1
1751320,1
3525464,1
69303,1
3279928,1
4732595,1
1521268,1
547481,1
4130371,1
594034,1
3949296,1
3742353,1
4726745,1
5101733,1
4122318,1
3945246,1
2263647,1
3828185,1
3865180,1
3723026,1
4421550,1
1996321,1
64372,1
2450677,1
580893,1
115166,1
5328501,1
1469125,1
2718012,1
3964864,1
1474114,1
3129876,1
2922261,1
599111,1
1350945,1
4818373,1
2011294,1
1640987,1
195848,1
3964410,1
339829,1
1832442,1
4853423,1
4958652,1
5014442,1
4486166,1
5096405,1
727125,1
4355077,1
4974957,1
3411428,1
4925752,1
2561970,1
5174334,1
4047338,1
4543450,1
947145,1
2999621,1
1238529,1
5249201,1
702561,1
3753164,1
4310033,1
3095418,1
4525808,1
1819908,1
967539,1
2094677,1
1739351,1
4699976,1
2134255,1
4264913,1
1312459,1
2924663,1
746051,1
5351611,1
1605806,1
3337264,1
3673965,1
4407627,1
2816356,1
4301919,1
3007501,1
3364696,1
4130101,1
1030675,1
2639315,1
2005041,1
994283,1
4545555,1
3378119,1
4448654,1
5547534,1
5483339,1
1822512,1
2894993,1
2876283,1
3437146,1
1612432,1
1323075,1
2149699,1
5339581,1
2409287,1
2672350,1
4284153,1
3341016,1
4490780,1
933399,1
153449,1
841208,1
45507,1
3529343,1
568021,1
5298140,1
2860204,1
5245240,1
843738,1
2191005,1
2750054,1
841202,1
1703311,1
2115545,1
4151657,1
321452,1
3898525,1
1124329,1
4133940,1
2190442,1
3541886,1
3840744,1
4230871,1
1940112,1
801234,1
4402520,1
831982,1
228465,1
100805,1
445915,1
863291,1
800075,1
3580592,1
1566554,1
775606,1
4680717,1
497208,1
4635403,1
1848838,1
4399052,1
4270976,1
1923396,1
2919122,1
1989825,1
1373363,1
3865070,1
2733534,1
4768430,1
4591718,1
4851084,1
4335559,1
2285916,1
3275204,1
3965836,1
4483006,1
2926046,1
2704217,1
265692,1
3159758,1
1806253,1
1931261,1
3545153,1
5205557,1
817718,1
1964280,1
1513581,1
243841,1
3466815,1
4748347,1
24309,1
505048,1
3506456,1
4909519,1
69470,1
1452636,1
2308375,1
5016061,1
4415970,1
1893343,1
20518,1
4848580,1
3015336,1
4541574,1
4265868,1
135998,1
5168455,1
1696181,1
4963288,1
5331956,1
323258,1
4864302,1
3313342,1
4851631,1
3054431,1
4499962,1
574393,1
3068186,1
4604790,1
380403,1
3267429,1
2942647,1
4167217,1
4692038,1
4009931,1
4154390,1
190217,1
62318,1
2049183,1
961137,1
2663435,1
4282691,1
4616522,1
2862486,1
4713306,1
5353808,1
5375240,1
1343159,1
1435973,1
2801300,1
2315466,1
880305,1
1090752,1
2178091,1
968790,1
2714400,1
3901093,1
1258367,1
2031862,1
2292698,1
3611848,1
3635911,1
2177404,1
1020556,1
430603,1
2088000,1
4526905,1
2383678,1
1915357,1
3667806,1
3537870,1
2259099,1
2635705,1
5171316,1
1073223,1
5176096,1
2494887,1
1028321,1
1225730,1
5342832,1
3136223,1
3161940,1
5525563,1
733810,1
3488000,1
2286495,1
3621222,1
5047084,1
1283519,1
4342785,1
4302281,1
770143,1
4976049,1
2139551,1
4373339,1
425728,1
3309776,1
3426419,1
1367944,1
366993,1
1119849,1
1293952,1
3355734,1
4320436,1
2092853,1
1722924,1
971443,1
3571974,1
3453716,1
2311846,1
3283024,1
1635406,1
1072733,1
551397,1
4608628,1
4595737,1
3015062,1
933325,1
3101512,1
820973,1
3537522,1
5125223,1
5142398,1
137862,1
5456345,1
3906050,1
454484,1
3703094,1
313866,1
4217281,1
3712252,1
4270620,1
2907967,1
4495844,1
1382412,1
5059805,1
4738655,1
4105415,1
5362743,1
798069,1
5306886,1
873820,1
3968023,1
5282670,1
3871722,1
4168485,1
1816269,1
1763868,1
4863154,1
4646016,1
5461171,1
1403527,1
2820932,1
2803612,1
2938734,1
4029991,1
3917049,1
4558483,1
5012395,1
5192352,1
1827784,1
2167574,1
2215165,1
1380813,1
1578034,1
4366723,1
1334333,1
3039668,1
489511,1
2237452,1
5544792,1
5377006,1
1550411,1
1339949,1
3565515,1
4747600,1
1417758,1
900687,1
2850431,1
4933429,1
1490877,1
656798,1
1421861,1
3614679,1
3070445,1
3402736,1
1636419,1
4502721,1
95772,1
5254202,1
2459007,1
2925559,1
222929,1
4966282,1
3851569,1
1387342,1
1527117,1
4479613,1
1629432,1
2660718,1
4431580,1
4408639,1
1469700,1
4666047,1
1430428,1
178802,1
4775807,1
5211265,1
545190,1
2358876,1
3576311,1
5434819,1
1428765,1
4139531,1
1582085,1
977042,1
1872019,1
4721441,1
4282529,1
3538196,1
2699300,1
4948988,1
4415406,1
4563124,1
4618023,1
5278361,1
3110526,1
148671,1
413557,1
2630471,1
571486,1
2031738,1
641370,1
1090522,1
1377986,1
4900650,1
3640706,1
5533358,1
4245458,1
130571,1
4674169,1
621539,1
2512000,1
607968,1
3682522,1
844511,1
4014960,1
4019345,1
2571577,1
2599284,1
4370483,1
2325409,1
5354602,1
2658770,1
779908,1
2147467,1
4285381,1
3234084,1
1511191,1
2866289,1
2100533,1
1211224,1
5535458,1
1334973,1
583083,1
502678,1
4894210,1
1716832,1
1657643,1
2322772,1
5526495,1
3093351,1
2276852,1
1415636,1
2409468,1
408911,1
1821615,1
5558419,1
2929451,1
3894665,1
3416556,1
1361922,1
4307040,1
4979312,1
5269856,1
5146020,1
539255,1
4780538,1
5488634,1
3563303,1
1961541,1
2736608,1
2820597,1
1399842,1
2397662,1
364683,1
4589990,1
4347405,1
5335298,1
4953604,1
5298793,1
1466261,1
757768,1
3335150,1
4574490,1
4632872,1
2430987,1
4849834,1
407982,1
2673611,1
134920,1
486509,1
1302182,1
4376232,1
4941371,1
5352090,1
3387912,1
4341180,1
3128492,1
3656219,1
3122245,1
2637865,1
4005107,1
4248862,1
2844298,1
4784236,1
3808619,1
1124659,1
4610578,1
3128226,1
2368833,1
52681,1
4468552,1
691208,1
3338280,1
181495,1
258030,1
4992154,1
649380,1
4685914,1
1777370,1
5508973,1
268297,1
5334259,1
4773218,1
2140742,1
4818886,1
2837005,1
828138,1
2791568,1
5345331,1
808511,1
2775758,1
2811205,1
2369294,1
3139232,1
2499803,1
3554869,1
3396381,1
936901,1
894430,1
303365,1
3625287,1
5474738,1
2124762,1
2924965,1
3449413,1
4311785,1
2215231,1
467069,1
1924370,1
4938651,1
249402,1
1716793,1
2596162,1
57760,1
4428075,1
3560129,1
4738417,1
2606974,1
4015058,1
4347166,1
4784525,1
1490393,1
2777681,1
4489355,1
1346321,1
3125866,1
214981,1
1260074,1
529100,1
5183665,1
1691476,1
48251,1
4352827,1
4943319,1
2906097,1
3005,1
3334701,1
3427119,1
5183635,1
3197797,1
5230992,1
2800880,1
3135792,1
404879,1
4569153,1
3236990,1
2899263,1
3172907,1
1278532,1
2327881,1
4545984,1
1957526,1
2739325,1
4684083,1
4470799,1
4954994,1
305754,1
3311748,1
3235643,1
3985974,1
5177254,1
2017407,1
3319256,1
2606145,1
2209644,1
3941936,1
3792610,1
3599665,1
470968,1
3409625,1
2994627,1
3562065,1
556102,1
303085,1
4215252,1
2966881,1
1873745,1
4819634,1
5526219,1
880306,1
4691994,1
5232718,1
2700458,1
1022083,1
5273691,1
5489266,1
436822,1
365960,1
3725320,1
4612648,1
4752476,1
4774254,1
4453259,1
3801338,1
4734639,1
5448259,1
2536324,1
2051169,1
3058044,1
4417674,1
5382965,1
5305144,1
2327344,1
2600391,1
2917943,1
3345936,1
3620192,1
2775718,1
2556304,1
5505024,1
5531920,1
1918056,1
2927130,1
884489,1
4359992,1
5064446,1
3405377,1
4774033,1
613492,1
1523986,1
1702222,1
1698309,1
2147620,1
105202,1
4138153,1
4972888,1
5279158,1
1345700,1
1165890,1
412861,1
4178426,1
5166978,1
2401221,1
3207038,1
4314022,1
2902546,1
4897508,1
1689045,1
3297904,1
2278573,1
5000283,1
291182,1
1493944,1
5340670,1
1892152,1
4018310,1
4151947,1
768081,1
3101603,1
4670957,1
2164699,1
2731514,1
2741773,1
5169062,1
4607410,1
3578919,1
2233421,1
4808339,1
502134,1
4885709,1
2725615,1
810194,1
4587776,1
4583042,1
3993542,1
4310830,1
5306883,1
541764,1
2474364,1
5028180,1
68246,1
2500491,1
23921,1
1492271,1
4229623,1
5495922,1
1475342,1
3077279,1
4278531,1
429334,1
5165,1
2540731,1
3819003,1
4164204,1
2770019,1
4527424,1
237306,1
4182636,1
2227264,1
4018372,1
1493138,1
3008483,1
2088242,1
1134321,1
1661102,1
4543120,1
4449044,1
2601186,1
681571,1
5424549,1
4120063,1
5462053,1
2026810,1
4643740,1
1923755,1
4081255,1
984428,1
302883,1
4986981,1
1988209,1
3221078,1
3033463,1
462414,1
2185266,1
3061198,1
5150962,1
2177938,1
4138828,1
304601,1
2258562,1
314296,1
546903,1
4924340,1
2127512,1
3466499,1
5442543,1
1437943,1
1805707,1
4151158,1
922020,1
2581070,1
2153453,1
2773038,1
1098546,1
2540299,1
4979445,1
3495992,1
2149724,1
3171559,1
3429856,1
5172297,1
2826205,1
2873265,1
4784252,1
5371095,1
2390159,1
1639166,1
1656246,1
2684067,1
507991,1
4197963,1
3316032,1
4840251,1
5003442,1
4259563,1
500676,1
4923151,1
4695692,1
1619299,1
3001702,1
4415117,1
657919,1
2324482,1
4180178,1
781776,1
999482,1
4833625,1
788121,1
697541,1
4163804,1
526059,1
1916187,1
2963460,1
297835,1
4600056,1
4163253,1
5465044,1
217102,1
3403228,1
414477,1
4865196,1
2141162,1
509353,1
1557753,1
4483589,1
499567,1
5058700,1
1303817,1
269771,1
4386777,1
1080600,1
1535859,1
3789097,1
3048076,1
4212430,1
645631,1
4179453,1
1281358,1
2524542,1
4744214,1
2431328,1
1190192,1
2018286,1
5249177,1
2079768,1
593249,1
4900558,1
2157545,1
1513726,1
3559640,1
288262,1
3750205,1
171288,1
5044558,1
3995828,1
1776848,1
5170795,1
1824572,1
1373569,1
4628910,1
3603916,1
888229,1
687298,1
1273895,1
1008847,1
1265449,1
749842,1
2554029,1
1883536,1
3324367,1
936732,1
4904208,1
5145417,1
675631,1
1764676,1
1131032,1
3067111,1
4991005,1
4521967,1
2905337,1
1165067,1
1022011,1
926591,1
2134294,1
2932756,1
782456,1
3310167,1
1918855,1
4614042,1
374871,1
5099469,1
4896883,1
1334943,1
2675563,1
4125586,1
2894669,1
4196694,1
3054999,1
4939247,1
4763256,1
474637,1
4653155,1
980079,1
5501508,1
3652976,1
3056565,1
3741863,1
4294790,1
2725165,1
2609276,1
1162673,1
3946099,1
2727382,1
2342615,1
17602,1
4448098,1
2258947,1
4624756,1
608861,1
2151574,1
3841407,1
4193665,1
858503,1
93705,1
267896,1
2821176,1
3622101,1
2938851,1
3053136,1
1132497,1
663595,1
2879918,1
2991919,1
5412644,1
838798,1
113075,1
5034570,1
4009689,1
2387054,1
1962294,1
935591,1
3938742,1
2926633,1
1994733,1
2910528,1
796754,1
4706515,1
2955871,1
3756703,1
3498175,1
773630,1
136609,1
141622,1
3522119,1
4761860,1
3824656,1
4989934,1
723568,1
3848202,1
942831,1
5114926,1
2464698,1
1261448,1
4937482,1
4049597,1
3894390,1
2867371,1
2007464,1
2485123,1
5364557,1
2893236,1
4783127,1
5079834,1
2286210,1
3134589,1
3344216,1
2838605,1
3264583,1
5043958,1
1634920,1
3698462,1
3822450,1
3220995,1
2144463,1
3700747,1
5155537,1
2199727,1
1065950,1
844605,1
4345285,1
2425460,1
4875794,1
1816003,1
3469554,1
5241014,1
2583642,1
4403217,1
1017029,1
1394171,1
2055764,1
3444050,1
904619,1
1898031,1
5539921,1
2205421,1
1393810,1
3790980,1
3865740,1
2944807,1
3965752,1
3785302,1
3739548,1
2474638,1
3732774,1
4916774,1
3502565,1
2635591,1
1937792,1
2778011,1
3319986,1
367922,1
983135,1
1378897,1
3832745,1
607119,1
1275919,1
4286422,1
1400545,1
1619956,1
4078819,1
4705476,1
1163912,1
4666452,1
3457568,1
3312517,1
487344,1
4896033,1
4875422,1
4356789,1
570438,1
985513,1
5110649,1
2026338,1
3270418,1
1729431,1
2698995,1
3731844,1
5425347,1
2197701,1
1047931,1
898909,1
5479801,1
103888,1
1176875,1
2463542,1
4459529,1
904445,1
1930947,1
2451479,1
596262,1
3901132,1
3711033,1
1306458,1
4774300,1
2656084,1
580890,1
4006635,1
3092276,1
3991581,1
4042373,1
3870027,1
3871991,1
1251454,1
5458810,1
1939975,1
5102821,1
4390049,1
2799362,1
4549125,1
2958480,1
2362681,1
1088431,1
5351360,1
1970887,1
698388,1
556412,1
4297971,1
3973342,1
1276954,1
1728570,1
3175727,1
316565,1
4674954,1
2852427,1
2644398,1
5298116,1
1083573,1
2295883,1
2410159,1
3183913,1
4371659,1
1817329,1
615385,1
1789192,1
829305,1
1237065,1
2872939,1
388999,1
2794586,1
5173043,1
2460881,1
4505937,1
1255295,1
3150539,1
637707,1
3646889,1
3040151,1
5413537,1
2937151,1
5108693,1
5330662,1
2736681,1
716241,1
3115281,1
3889684,1
3322267,1
2483055,1
3802359,1
2234455,1
3408236,1
1458402,1
1778574,1
1205250,1
1026123,1
2943408,1
2742110,1
1341692,1
3573936,1
1992289,1
3023189,1
1250761,1
1990257,1
2890247,1
3113447,1
4428042,1
4175055,1
1298569,1
5341341,1
4981857,1
1328422,1
138243,1
362498,1
4580348,1
20188,1
2907732,1
141335,1
2829088,1
2779088,1
416995,1
591643,1
4550753,1
3034968,1
3964968,1
4550834,1
2624175,1
3626023,1
1297397,1
4226783,1
457520,1
5218200,1
3133889,1
1560205,1
4013019,1
3576015,1
3247987,1
2001620,1
1552003,1
4800579,1
5484587,1
87523,1
5122958,1
1213631,1
3482858,1
522427,1
4098686,1
4734210,1
2042787,1
3362289,1
713103,1
3165377,1
3549018,1
4431566,1
3642307,1
4833431,1
4875476,1
797678,1
2839950,1
2849626,1
4702241,1
1367824,1
792572,1
2696171,1
2889183,1
5330951,1
1399031,1
4612840,1
5488912,1
3334704,1
4928704,1
1820519,1
3689062,1
1062133,1
3006339,1
3912507,1
1648242,1
2407972,1
1137509,1
4559674,1
3248341,1
1876078,1
5218739,1
4731577,1
3461659,1
3179264,1
4212860,1
3878651,1
219221,1
1733453,1
3222359,1
2455204,1
757453,1
1691754,1
2153058,1
5415002,1
139974,1
1754180,1
5545801,1
400228,1
3428363,1
1492115,1
2200408,1
5432157,1
384028,1
4541625,1
1900310,1
3104195,1
378216,1
1275439,1
1375304,1
251059,1
3484643,1
5102168,1
4728321,1
3144095,1
2511283,1
1759411,1
3197283,1
4472200,1
4044219,1
118972,1
1663742,1
2599741,1
1121591,1
4405164,1
2096820,1
1099152,1
1171851,1
1755445,1
3993815,1
1062501,1
4227770,1
3626569,1
1799186,1
2810397,1
1789311,1
4395629,1
5225640,1
5101512,1
441915,1
371719,1
1394910,1
722392,1
3792939,1
2838311,1
3883023,1
2569538,1
3593030,1
2793003,1
897292,1
4399264,1
2569813,1
4582348,1
5038210,1
1250029,1
2361804,1
1075410,1
1725031,1
1843095,1
529707,1
2859105,1
5523317,1
5062517,1
653725,1
3878514,1
2726120,1
3325064,1
2304764,1
4823448,1
3834528,1
4122177,1
1741367,1
375274,1
744754,1
4305880,1
1188475,1
4355962,1
618351,1
3927581,1
394325,1
2733442,1
720677,1
5262387,1
770538,1
4853523,1
435136,1
2923246,1
2351395,1
3691247,1
1470029,1
3860401,1
936325,1
3003774,1
4951771,1
3335591,1
4194595,1
4230125,1
1682755,1
3504380,1
2038001,1
252454,1
2864590,1
1851045,1
799712,1
2648135,1
2273421,1
3089628,1
721357,1
3593543,1
4629940,1
1753462,1
1826651,1
3676411,1
5274074,1
4787264,1
3152103,1
1684080,1
282603,1
4526813,1
2170843,1
3570682,1
5224683,1
157519,1
77919,1
549650,1
3512418,1
3409090,1
3303732,1
3195002,1
2496733,1
1342808,1
5532938,1
463804,1
889719,1
1415475,1
5342159,1
2551670,1
1362627,1
2312933,1
1450026,1
172182,1
5405950,1
1127457,1
1423741,1
3045605,1
2727488,1
5062909,1
2574109,1
5304393,1
4423950,1
4274776,1
5515289,1
4274036,1
4165744,1
4585430,1
5389440,1
1406944,1
805844,1
4981019,1
3378565,1
3534646,1
5415785,1
3653703,1
1955073,1
4956681,1
5355718,1
4578334,1
5203597,1
1284872,1
2059383,1
3048902,1
3213414,1
3314615,1
1231426,1
2616654,1
993745,1
2583497,1
4112939,1
198857,1
2537622,1
3213261,1
3171420,1
202872,1
6266,1
2645071,1
2014794,1
3957664,1
3894161,1
3522563,1
1890595,1
3221239,1
1555418,1
1123692,1
4500081,1
4462054,1
5118729,1
4982198,1
3835319,1
13801,1
1323878,1
4406192,1
431062,1
4709521,1
4478500,1
1099032,1
5279370,1
2919298,1
2907957,1
3984369,1
2382604,1
1013758,1
3740142,1
3811488,1
4549028,1
221013,1
4804670,1
5064015,1
818303,1
1069487,1
1409551,1
5458125,1
1807280,1
2432948,1
2683367,1
884677,1
4539488,1
5162515,1
1972444,1
1506378,1
3264618,1
969193,1
4996786,1
4107017,1
1783434,1
1122922,1
4050772,1
2577227,1
2668041,1
3781897,1
3124645,1
3426399,1
5547218,1
355203,1
3788831,1
1397922,1
929844,1
5372450,1
5496967,1
3787888,1
612365,1
1572791,1
775710,1
2855821,1
5025260,1
1827673,1
115009,1
1122254,1
3649379,1
3011494,1
4519694,1
4972672,1
538706,1
5515173,1
4870713,1
3029364,1
1093268,1
2667742,1
1909464,1
4906934,1
135214,1
3856577,1
4985169,1
3781951,1
2175108,1
2427388,1
4369945,1
5276433,1
4229129,1
5236963,1
2268744,1
5014366,1
3382445,1
3335668,1
1148777,1
5365867,1
3824078,1
987977,1
2991763,1
4166410,1
4663826,1
3946562,1
2276579,1
1355756,1
4417487,1
2798870,1
3263331,1
3267655,1
424019,1
2339541,1
4231821,1
2463155,1
2270142,1
2142706,1
3909674,1
4330295,1
4136070,1
2474942,1
266988,1
5174424,1
593605,1
3073279,1
1032245,1
4326159,1
2739955,1
3259647,1
2380357,1
1676121,1
4915546,1
2689227,1
4275631,1
1541867,1
1674709,1
5484289,1
1495191,1
234883,1
538540,1
616108,1
4685763,1
4289474,1
721498,1
5524465,1
5369350,1
5175277,1
139017,1
4409897,1
90147,1
621359,1
112105,1
2528630,1
1004164,1
771595,1
3511299,1
3949447,1
5235158,1
875398,1
5171511,1
4538775,1
3054542,1
830547,1
4889048,1
1019752,1
3642902,1
1273472,1
4134525,1
2597076,1
187741,1
4179352,1
770515,1
761776,1
3599293,1
368075,1
4603776,1
1331969,1
5086039,1
503234,1
3410616,1
3931602,1
3496556,1
2003546,1
4125160,1
255641,1
4741718,1
3514650,1
3861882,1
4756666,1
1871470,1
791881,1
2101546,1
1492055,1
481978,1
2785697,1
3277226,1
2341133,1
523912,1
3741035,1
2689631,1
2477740,1
4496497,1
5228655,1
2288785,1
1119037,1
3141369,1
3906443,1
4903694,1
3682929,1
1005025,1
4441758,1
1565900,1
2676842,1
1345997,1
4432143,1
4214771,1
362181,1
1941642,1
3111097,1
2292978,1
2349293,1
2536269,1
2347194,1
3988286,1
3035555,1
3191442,1
4473507,1
5242316,1
5505195,1
4632023,1
1199347,1
1009104,1
1010906,1
2778253,1
87290,1
4067589,1
3251676,1
1925743,1
4573829,1
3896248,1
4087621,1
2434527,1
2393969,1
5233800,1
1686563,1
2171008,1
2705267,1
2316356,1
179836,1
1242392,1
3732662,1
2059619,1
1584425,1
3632169,1
298661,1
1210217,1
2531997,1
1525128,1
976643,1
4085740,1
990016,1
2083608,1
804346,1
1445026,1
4577455,1
4766321,1
5414847,1
4473733,1
3960183,1
3322675,1
4871142,1
4709049,1
4961887,1
3741750,1
3664070,1
3922297,1
2887115,1
1650290,1
468321,1
3705951,1
94156,1
2859615,1
5275343,1
3485174,1
4206227,1
5268817,1
3493140,1
5397686,1
1745481,1
1050017,1
1645129,1
3245356,1
3005049,1
5093096,1
1838242,1
985210,1
4119578,1
1299859,1
5300037,1
4598703,1
3698100,1
1687796,1
2458463,1
2962768,1
4893319,1
91404,1
1248745,1
737705,1
5525400,1
2904250,1
3577749,1
4798258,1
696191,1
89634,1
1346750,1
3499989,1
3137939,1
2441309,1
3158577,1
20441,1
4738616,1
2463434,1
5327120,1
5026609,1
467702,1
2828944,1
5250121,1
2435672,1
2740969,1
3764006,1
1290504,1
3630512,1
1802026,1
1324072,1
1683172,1
3115862,1
2374376,1
3968735,1
2183267,1
1220976,1
5528762,1
5181293,1
5337047,1
2262070,1
2258747,1
4606858,1
4535754,1
3378272,1
494701,1
996380,1
739004,1
1802763,1
1035515,1
193750,1
4319790,1
2859017,1
3319992,1
743988,1
3361066,1
3073737,1
5544098,1
4474996,1
2530827,1
1478835,1
4411770,1
248159,1
2361538,1
1518135,1
1747753,1
3463638,1
4731893,1
2232589,1
3412144,1
3567918,1
3937168,1
124147,1
1328092,1
420904,1
2153417,1
4139837,1
1866436,1
4188223,1
4147750,1
5379591,1
101429,1
607696,1
358658,1
299953,1
3700757,1
4305945,1
5113153,1
4506146,1
4157630,1
267290,1
915430,1
1997500,1
1179739,1
12079,1
4199954,1
833287,1
5516638,1
3758665,1
1687653,1
1849159,1
5269548,1
4873578,1
3536821,1
5527918,1
5232159,1
264431,1
3353092,1
4203008,1
3920533,1
975328,1
159096,1
546520,1
1682868,1
1611543,1
5347610,1
4141253,1
3189766,1
4642520,1
4485757,1
3108897,1
4993680,1
5342494,1
3384047,1
1570003,1
1194014,1
4949498,1
1481168,1
5068269,1
4239864,1
863418,1
3746674,1
5385314,1
4295884,1
5037785,1
3004092,1
2827197,1
5099574,1
5382300,1
2052680,1
3942322,1
3086382,1
1923952,1
911082,1
1697707,1
3254047,1
2396076,1
2110678,1
3844888,1
3488947,1
3076857,1
2210966,1
3978082,1
4745660,1
251961,1
2095332,1
5284167,1
1864250,1
2543816,1
2826704,1
2050172,1
799534,1
714782,1
4643020,1
4499163,1
4191331,1
130926,1
3017806,1
3070276,1
5389276,1
3125796,1
68126,1
2200051,1
1239773,1
284275,1
3504085,1
2207966,1
4364633,1
2388630,1
2292044,1
1509928,1
4267487,1
57613,1
4105233,1
874662,1
3155741,1
1325676,1
282442,1
5110070,1
2257545,1
3317250,1
881219,1
2083985,1
4380733,1
5319020,1
2918836,1
4453841,1
4195360,1
999279,1
4783422,1
4612509,1
2925791,1
3020850,1
1900440,1
4887206,1
1593804,1
422899,1
2544678,1
5539366,1
803880,1
2327318,1
885452,1
4094700,1
698744,1
3977086,1
3250214,1
3095126,1
3466832,1
2111155,1
4648506,1
4591525,1
1868084,1
3531009,1
4115132,1
1839965,1
1044320,1
83995,1
823363,1
3596024,1
3222317,1
4946011,1
3692550,1
124160,1
4766235,1
5308039,1
735291,1
4502050,1
1155081,1
4959050,1
5535867,1
3345237,1
1941183,1
310240,1
4844038,1
2263517,1
4572430,1
3155788,1
2023902,1
2378021,1
5203950,1
227903,1
1925492,1
5067595,1
2163303,1
5388345,1
4494371,1
3527429,1
2985912,1
2485942,1
2760414,1
328043,1
2926508,1
354884,1
3655880,1
5201812,1
610434,1
4374917,1
4350049,1
1201816,1
2548541,1
887784,1
646574,1
5528952,1
1343292,1
1086013,1
5522951,1
5526945,1
3313814,1
3837788,1
2461660,1
2443926,1
1293936,1
2192276,1
2221712,1
4595080,1
152616,1
2382763,1
3551965,1
3286242,1
4636574,1
1672658,1
4805629,1
2526057,1
399824,1
5460236,1
1371444,1
2631164,1
1436733,1
4940873,1
4751706,1
3795002,1
710283,1
4299218,1
3804187,1
3689000,1
2476126,1
3969487,1
3010320,1
1084912,1
5028372,1
651117,1
5303,1
2527221,1
1103761,1
5189716,1
312847,1
1365769,1
2172890,1
2134236,1
2162010,1
5195626,1
2146494,1
2720657,1
3401422,1
491757,1
3603963,1
333090,1
1738519,1
1822462,1
3778181,1
4122660,1
1817087,1
4641744,1
5453739,1
2927906,1
1321012,1
5121451,1
73325,1
1275130,1
271642,1
2091008,1
4605620,1
3659031,1
1789918,1
349360,1
2052816,1
4150515,1
4468295,1
2808181,1
2022543,1
5482051,1
5183183,1
3790155,1
632166,1
3779538,1
4430309,1
4566481,1
5073639,1
2845269,1
1029467,1
352577,1
3135451,1
4387113,1
2471806,1
4641006,1
1914991,1
3957012,1
3265682,1
5227234,1
1344097,1
1531411,1
4095982,1
1328628,1
5032507,1
4361039,1
2613804,1
468171,1
5087677,1
1599265,1
123716,1
2839503,1
5213689,1
4910084,1
5171802,1
2918037,1
4027740,1
1670401,1
2961917,1
1061342,1
4375757,1
4666867,1
3639742,1
2531421,1
4451564,1
628997,1
1519426,1
124751,1
690301,1
5416434,1
1682680,1
2952831,1
1302583,1
4580312,1
4848134,1
3511502,1
632153,1
4912563,1
1150786,1
679910,1
3566909,1
2627985,1
3078537,1
3465555,1
7525,1
4386117,1
5420700,1
729947,1
4348628,1
4034758,1
1170835,1
4072667,1
4966583,1
4921331,1
4474363,1
666887,1
4062837,1
1991330,1
5026670,1
3390894,1
118055,1
2493041,1
929769,1
3138323,1
4049639,1
1866855,1
333526,1
5336842,1
3882289,1
4076938,1
320248,1
736515,1
1844046,1
4328057,1
1296081,1
877039,1
3190853,1
1883976,1
2997425,1
2320690,1
2402745,1
3532742,1
1276348,1
1002421,1
1620098,1
2665155,1
636993,1
3480807,1
2428077,1
3361319,1
2737624,1
2714488,1
372583,1
4979253,1
2608543,1
877163,1
542959,1
4273420,1
4960751,1
1560131,1
1105129,1
3658923,1
334290,1
3333057,1
3797752,1
2545827,1
1008730,1
2613882,1
1801822,1
2677521,1
1301504,1
1875392,1
3085317,1
3282065,1
3039710,1
1261957,1
2746317,1
1002133,1
5533886,1
1964449,1
168888,1
2215415,1
173032,1
694389,1
1387538,1
4300036,1
5149836,1
3684311,1
1316373,1
499316,1
3116552,1
323202,1
5062199,1
2144824,1
52733,1
5033915,1
5372100,1
2189558,1
3039407,1
2712055,1
3974863,1
779773,1
4424151,1
4729520,1
2526339,1
2679324,1
3893539,1
843886,1
1443599,1
4756360,1
5185682,1
5038597,1
1815404,1
3829749,1
580680,1
4613623,1
619513,1
4672457,1
4319562,1
3975177,1
3691901,1
5293812,1
352608,1
3697261,1
2620782,1
120422,1
4264020,1
861068,1
4677122,1
5359757,1
953629,1
4985098,1
965866,1
90094,1
4855297,1
5408714,1
4603710,1
1626464,1
5182946,1
1242928,1
3750067,1
99559,1
2865087,1
2780148,1
4411007,1
2051098,1
1817579,1
824865,1
4035334,1
3189459,1
72653,1
3268691,1
1111679,1
1826265,1
4059404,1
1507482,1
4639801,1
796659,1
663166,1
1844613,1
1515081,1
1628796,1
696824,1
1824995,1
4810849,1
569192,1
1693320,1
4133637,1
4481768,1
4159387,1
859558,1
1709910,1
642086,1
4819705,1
3350253,1
1318145,1
4578860,1
1620092,1
2055401,1
2264560,1
4636286,1
3371056,1
302727,1
3879838,1
4146822,1
3610182,1
5273925,1
3813491,1
1210244,1
3584804,1
1757167,1
1850878,1
3908466,1
4302736,1
2969141,1
5509731,1
4183516,1
4977668,1
373513,1
2144821,1
1273197,1
1032850,1
4552576,1
1479447,1
849070,1
2602648,1
3714821,1
1277371,1
1341878,1
3690826,1
2711495,1
118961,1
4209996,1
1245705,1
1352802,1
38221,1
3295890,1
5726,1
954648,1
4743550,1
735365,1
2524334,1
1017574,1
3871822,1
2202576,1
3371379,1
4392615,1
5351402,1
2627673,1
637416,1
5499466,1
3631160,1
648948,1
5276010,1
2444767,1
1560635,1
5227057,1
2329456,1
3010635,1
1977259,1
2393688,1
4839239,1
2482384,1
3319164,1
5183496,1
3913858,1
5508894,1
2607594,1
2886511,1
2931484,1
1035453,1
1803804,1
2012623,1
4552408,1
3514988,1
5053139,1
5413747,1
1418858,1
3150127,1
831027,1
763587,1
1087040,1
1050751,1
5013327,1
3272017,1
3242667,1
1709166,1
1865096,1
1829830,1
2798531,1
159052,1
3481947,1
2899128,1
1759930,1
993821,1
436257,1
3999780,1
4191155,1
564841,1
2669553,1
4747069,1
3483599,1
1497252,1
864856,1
3096490,1
3470100,1
2821618,1
5189012,1
2080865,1
1861735,1
4089299,1
5322354,1
560815,1
3558345,1
180558,1
2698444,1
3813590,1
2105600,1
1135074,1
515730,1
2145870,1
766094,1
3465250,1
462813,1
876577,1
5068652,1
180571,1
4795841,1
4071886,1
3880091,1
4144176,1
4229040,1
684745,1
1409134,1
937245,1
1910369,1
3759143,1
2711978,1
3282030,1
5447002,1
4942616,1
1898886,1
5491342,1
2413529,1
674260,1
281505,1
1914673,1
498805,1
1992867,1
3053404,1
2462998,1
2156945,1
3351380,1
217328,1
1137592,1
3797924,1
4059480,1
1710750,1
488135,1
2151032,1
2594224,1
3362370,1
2230930,1
1065810,1
2662256,1
2818656,1
2122212,1
4015309,1
2843111,1
1473943,1
4487412,1
3160039,1
820200,1
842363,1
4100947,1
5169434,1
433018,1
2807374,1
3788144,1
383205,1
5264429,1
3456524,1
283416,1
5441990,1
416611,1
3870055,1
3395662,1
2532810,1
131175,1
4409906,1
462442,1
1712328,1
695000,1
2408588,1
2933389,1
1090134,1
5224506,1
3609852,1
3889957,1
4408318,1
2435264,1
1186820,1
5043170,1
891995,1
236597,1
2376987,1
1355398,1
717944,1
3269413,1
1622517,1
3542392,1
3282385,1
2203251,1
3697753,1
1407208,1
2443717,1
4398408,1
2411545,1
5319661,1
232753,1
4114149,1
3645704,1
5229636,1
3285163,1
994894,1
3470060,1
3966265,1
814622,1
5449859,1
5195781,1
2614685,1
107544,1
4751759,1
3750491,1
1854953,1
3211891,1
3547887,1
1895544,1
3112376,1
1576738,1
1998700,1
5304193,1
5468834,1
2687376,1
2274799,1
3444807,1
615818,1
3974252,1
3627995,1
5123430,1
999588,1
1981281,1
1589700,1
999449,1
2175276,1
3722902,1
559331,1
78058,1
116671,1
1365065,1
2122318,1
490974,1
1328520,1
2355407,1
1353542,1
3158357,1
2452055,1
3670945,1
2808283,1
238003,1
663519,1
5431283,1
2868503,1
294629,1
1074798,1
3334727,1
1312653,1
4363153,1
4929129,1
1859327,1
2341666,1
4372882,1
982764,1
2462129,1
3749729,1
763051,1
3311370,1
2634464,1
1857980,1
169705,1
1641825,1
3398061,1
458489,1
2847961,1
2479632,1
202991,1
3577754,1
4730303,1
2963127,1
4277417,1
2643693,1
2542173,1
712397,1
3795567,1
4924963,1
5125648,1
1179712,1
5515983,1
3599344,1
5104471,1
4338908,1
3859036,1
2890049,1
3308483,1
3570841,1
4310297,1
3119902,1
3041725,1
2539033,1
1141909,1
2890515,1
541086,1
4586575,1
4773241,1
1738381,1
1282452,1
3602348,1
3794367,1
1590161,1
95900,1
5124436,1
3119268,1
3088862,1
4756071,1
1307912,1
2324070,1
1737376,1
5398133,1
5529775,1
4622391,1
2049905,1
3647674,1
1457728,1
2502602,1
5443757,1
3612607,1
1742587,1
4212334,1
243196,1
316233,1
297969,1
2244724,1
2711086,1
2068716,1
2044540,1
5502422,1
1017500,1
1029987,1
2155551,1
1318436,1
2104286,1
4084854,1
3072488,1
2636107,1
2920424,1
5416519,1
4298836,1
3789015,1
4908848,1
3179099,1
874305,1
2987007,1
374876,1
2174899,1
2338039,1
2628534,1
1489154,1
4753867,1
952449,1
2244869,1
2797296,1
800202,1
726902,1
3608378,1
2282190,1
105838,1
3149110,1
1342326,1
2304950,1
4118651,1
757720,1
2401075,1
5393100,1
72726,1
461000,1
3554593,1
4671944,1
1041383,1
3224017,1
4254631,1
3702716,1
3609479,1
5353378,1
4984926,1
5510337,1
1541314,1
3460304,1
3759813,1
1040128,1
5123461,1
2072072,1
3464282,1
692255,1
2246589,1
1489318,1
5252081,1
1305280,1
5248220,1
3169858,1
3548594,1
5043804,1
5067665,1
3515349,1
2306820,1
2500780,1
5438213,1
5474266,1
2182710,1
1964041,1
375864,1
931559,1
4474808,1
3184273,1
5002378,1
4134648,1
2480025,1
5350183,1
4558929,1
2878248,1
3629759,1
3527600,1
2166405,1
3677155,1
4292430,1
2848340,1
2088427,1
3437982,1
4495699,1
2832842,1
3070926,1
5202091,1
3337949,1
395548,1
3587452,1
873887,1
3999353,1
2214917,1
3706923,1
4540385,1
2839638,1
17914,1
1403090,1
3041952,1
5036965,1
886809,1
4583070,1
2493144,1
921851,1
496929,1
4667910,1
3997563,1
3268332,1
1701800,1
636347,1
2938745,1
63664,1
1630128,1
1325175,1
990508,1
2816831,1
2682540,1
1111977,1
3453750,1
3494834,1
5242110,1
1359362,1
683269,1
5207429,1
3749581,1
5044049,1
1286481,1
5171087,1
518785,1
1526259,1
4026918,1
2156733,1
2098725,1
4349027,1
4730107,1
4528977,1
3152873,1
37221,1
3354902,1
1094397,1
3090017,1
5464641,1
202139,1
3038103,1
1770954,1
4061384,1
2898410,1
2025769,1
250777,1
2652225,1
872563,1
2126884,1
3977423,1
4354705,1
500885,1
1916306,1
380317,1
3106432,1
4013521,1
1900077,1
985996,1
3596085,1
3679683,1
910458,1
1169513,1
4485628,1
1299386,1
5461462,1
69267,1
3347774,1
851548,1
1655817,1
3645746,1
3805493,1
1858752,1
3095002,1
1275127,1
5430311,1
4175066,1
5406527,1
5281867,1
795456,1
4736070,1
1954984,1
897783,1
3706946,1
3494438,1
4237652,1
3244615,1
2650611,1
2697655,1
4276663,1
300944,1
2973686,1
3495957,1
2542204,1
4012954,1
1041678,1
3086817,1
2372618,1
2867319,1
859669,1
4861657,1
1014995,1
4532699,1
619731,1
996576,1
3156634,1
4103467,1
424151,1
3336452,1
4760877,1
2136445,1
3471983,1
2109934,1
4782866,1
4261422,1
1080089,1
4880658,1
1899040,1
1855574,1
2938295,1
2868962,1
4564926,1
1815412,1
4456662,1
2874806,1
5212307,1
3076540,1
38825,1
4883187,1
5181522,1
2106350,1
2311525,1
2874830,1
4079910,1
754483,1
4980266,1
766664,1
4694540,1
4919906,1
2708611,1
927167,1
2175829,1
4112028,1
2822089,1
2977808,1
960249,1
1369861,1
567123,1
3393607,1
5154055,1
4112984,1
4042422,1
5358555,1
4080077,1
5324657,1
5332250,1
4214301,1
1156097,1
2727480,1
4513251,1
3416141,1
431986,1
3518299,1
5557734,1
4020897,1
4129749,1
2238426,1
4166497,1
2188212,1
4686492,1
4912664,1
3628132,1
2623658,1
4476327,1
2867841,1
2147810,1
1293613,1
1023785,1
891627,1
2355866,1
2757154,1
1302948,1
4569631,1
3847610,1
5351856,1
1517147,1
1533066,1
85858,1
756049,1
2961964,1
5486401,1
4288105,1
2226190,1
961937,1
4644805,1
491088,1
3754646,1
2013059,1
668747,1
2895712,1
1931514,1
1531032,1
3056950,1
1473716,1
3393510,1
3451768,1
294496,1
3047827,1
1083820,1
4314064,1
2220550,1
5309435,1
703075,1
1375571,1
3204888,1
2585581,1
5131902,1
4297760,1
1218389,1
1882456,1
2530089,1
3455974,1
1956280,1
3049599,1
2324784,1
1034652,1
5550914,1
5402500,1
3287930,1
1647721,1
73362,1
4831454,1
164504,1
4919925,1
1184332,1
881621,1
1657827,1
696565,1
3787665,1
785340,1
945554,1
2136914,1
2346174,1
1908613,1
774642,1
1519125,1
4821249,1
2459047,1
1989392,1
1757017,1
5415133,1
3366054,1
1219375,1
149397,1
3361623,1
2056460,1
1559308,1
751108,1
2236820,1
3797304,1
3050398,1
424546,1
562508,1
1582522,1
4179011,1
137440,1
4964485,1
532820,1
5260388,1
3609415,1
4354565,1
2823440,1
3128626,1
3425756,1
1674087,1
1964566,1
606629,1
3218628,1
1229252,1
3823663,1
1513138,1
3195428,1
4817088,1
672681,1
17140,1
108404,1
348292,1
1100655,1
1019856,1
1019078,1
1737313,1
1787307,1
3818667,1
652856,1
5210383,1
2322911,1
4496602,1
4945771,1
2324541,1
4755493,1
3529337,1
4141840,1
2278574,1
4679246,1
4553335,1
1844810,1
1117717,1
46204,1
582740,1
3580106,1
3878611,1
5499796,1
1773355,1
1662320,1
2526838,1
159002,1
593084,1
2864825,1
4093488,1
3107958,1
2893408,1
3370844,1
4152149,1
4041887,1
994538,1
3523750,1
3713071,1
3725262,1
5053324,1
32768,1
130210,1
3755934,1
5023203,1
2225499,1
3947440,1
4139699,1
5174971,1
3919358,1
5265053,1
1273579,1
980028,1
1369358,1
2710704,1
5032296,1
4733789,1
2837510,1
161874,1
4179798,1
3596554,1
4375088,1
231119,1
5276547,1
3799982,1
3666795,1
3839780,1
2360043,1
5026747,1
4897456,1
2693678,1
1011656,1
1456917,1
4366993,1
2585093,1
5118938,1
5001696,1
1825283,1
421665,1
3799469,1
2191817,1
3013524,1
3756964,1
4817687,1
2729036,1
2860784,1
732020,1
3685783,1
2116733,1
4856308,1
4442253,1
1992837,1
350487,1
653758,1
2926505,1
3047966,1
592370,1
4559507,1
1958821,1
2542267,1
3178864,1
420182,1
3015181,1
3946209,1
34967,1
860838,1
530396,1
114151,1
1433247,1
955131,1
3998570,1
5298687,1
4381362,1
4675993,1
5190953,1
3014508,1
5319107,1
4058149,1
150292,1
3338737,1
3035511,1
2012416,1
4828200,1
5393066,1
1640264,1
4522424,1
1688937,1
560692,1
5065675,1
1330557,1
4941328,1
4880645,1
2181546,1
1298456,1
630027,1
4258344,1
3500873,1
102471,1
2577819,1
4793198,1
4321476,1
5389475,1
5382842,1
530415,1
2657937,1
3131540,1
1411926,1
4661643,1
2500018,1
4245285,1
51399,1
3441094,1
3401302,1
4351362,1
4171973,1
35600,1
1218573,1
1936903,1
2775082,1
4110343,1
5194666,1
4722243,1
1647570,1
2999489,1
4829169,1
591972,1
2526360,1
3202018,1
1037562,1
1478457,1
37668,1
3800826,1
3772510,1
549577,1
1941398,1
5232622,1
2399693,1
5078972,1
1036189,1
4302979,1
2659796,1
3959488,1
813520,1
3433187,1
4606044,1
227741,1
5172941,1
2278425,1
2513044,1
3719472,1
4314422,1
2696143,1
2769142,1
4984148,1
4280635,1
946337,1
1016712,1
3890703,1
2257696,1
1409257,1
4861199,1
4771368,1
4595799,1
5556284,1
4507134,1
4354875,1
3689940,1
1570378,1
3609877,1
4330693,1
3978577,1
3891021,1
3130832,1
2306469,1
1519834,1
2938025,1
1689733,1
3964208,1
4434863,1
1230458,1
2406852,1
1295742,1
841644,1
5122159,1
2093251,1
1461493,1
5486600,1
3512087,1
583591,1
5525189,1
2701887,1
3363834,1
415916,1
4141856,1
248969,1
5035114,1
458937,1
1053955,1
4972609,1
3444990,1
1382103,1
3599052,1
2175542,1
2291509,1
4734804,1
5333453,1
3418654,1
5341139,1
5214444,1
2483233,1
4089727,1
2655455,1
4497399,1
1983665,1
3794617,1
5421376,1
480041,1
904683,1
5240020,1
502072,1
4611733,1
2760280,1
4174543,1
5189111,1
1978312,1
5267101,1
3916481,1
909978,1
448578,1
5070028,1
4457795,1
2336603,1
2189932,1
1018844,1
1544284,1
3679245,1
2051181,1
1538891,1
839628,1
2837270,1
689511,1
5191053,1
1860506,1
2003614,1
4749438,1
4934066,1
2638312,1
175444,1
1171148,1
4569417,1
4862573,1
461037,1
2168545,1
19552,1
3101210,1
3265507,1
2645677,1
858185,1
4385211,1
4105034,1
4471612,1
4699153,1
5365767,1
5402020,1
5111654,1
4354349,1
200630,1
1798896,1
5314707,1
2340254,1
1265755,1
3738767,1
4003135,1
3138771,1
4323830,1
1010771,1
829699,1
2862902,1
825611,1
513382,1
1339662,1
1134127,1
398883,1
4716399,1
3429307,1
4157122,1
1698029,1
5449427,1
3055006,1
3446746,1
519289,1
309830,1
534476,1
2514989,1
3892083,1
4976521,1
5236312,1
2766793,1
5241383,1
171645,1
2331027,1
1650657,1
3074851,1
5146720,1
1740964,1
3622,1
4655999,1
4240211,1
1883839,1
2063986,1
2964645,1
1897187,1
2973839,1
4420274,1
1212597,1
1508509,1
2941791,1
1890985,1
2048248,1
4340996,1
5420424,1
4159404,1
5472712,1
4067772,1
1440079,1
3866381,1
132818,1
3541665,1
2022097,1
1342248,1
1129630,1
4002036,1
5136416,1
4099421,1
4648465,1
3600046,1
5457570,1
4966681,1
3362057,1
3261144,1
640572,1
2132377,1
1081206,1
3722274,1
1484605,1
1040436,1
4495448,1
721970,1
3555580,1
4754285,1
203051,1
3791032,1
704789,1
1945484,1
2163090,1
1757564,1
1928469,1
4436909,1
3737804,1
3484030,1
1570600,1
3512022,1
4683565,1
4480830,1
1086541,1
3689952,1
4889098,1
2755080,1
4340150,1
1242292,1
3156075,1
3070646,1
1119490,1
3734250,1
4171511,1
1253069,1
451764,1
2209268,1
326204,1
449820,1
2414419,1
2638656,1
2012401,1
4592926,1
5550334,1
484510,1
5339575,1
4959408,1
3550281,1
1723138,1
3993470,1
3588518,1
2616451,1
3059964,1
1146037,1
3192172,1
1317170,1
264707,1
3111357,1
1089692,1
1249864,1
1089958,1
5018791,1
34672,1
2143931,1
4253380,1
212073,1
2300257,1
3319747,1
345481,1
2827082,1
1736749,1
1071882,1
1225808,1
2688073,1
781698,1
1680630,1
5220478,1
1570380,1
3352374,1
5358999,1
3396420,1
1189730,1
2593019,1
633899,1
2032577,1
2836460,1
956126,1
5365756,1
3182816,1
3431976,1
1653463,1
1046811,1
5049501,1
3512867,1
2681048,1
1327691,1
2271412,1
3088332,1
4896581,1
2122170,1
1496351,1
1243563,1
2375015,1
4339637,1
140291,1
3273261,1
2741670,1
5554899,1
2224390,1
2883860,1
1873032,1
4695495,1
1140173,1
2029734,1
1820417,1
4194929,1
1134197,1
1308557,1
4213976,1
2195905,1
2976615,1
2958218,1
1514039,1
1569902,1
847601,1
3193551,1
1373126,1
4294413,1
1102143,1
5150426,1
1355724,1
3683000,1
5296012,1
4559071,1
1430020,1
1241522,1
4321358,1
4906294,1
4506320,1
2084259,1
4283742,1
5492733,1
4174180,1
3421314,1
4133745,1
2144552,1
1022479,1
2717182,1
1608497,1
2513810,1
4296181,1
3955932,1
5453648,1
2000326,1
2724651,1
370249,1
4118841,1
2128981,1
2973717,1
480934,1
3887251,1
3624930,1
2108097,1
49866,1
269202,1
2038193,1
593302,1
940404,1
4877849,1
4464321,1
920553,1
2678256,1
2643233,1
1110490,1
3194441,1
1420607,1
968100,1
3127898,1
5298023,1
4934223,1
3506584,1
2311972,1
5033270,1
5082390,1
3391483,1
3085222,1
5166692,1
5028953,1
5242921,1
5108352,1
615806,1
5557763,1
2491656,1
799443,1
4748734,1
757813,1
1164504,1
5545707,1
964218,1
827938,1
2207541,1
1935225,1
1628225,1
3318562,1
3373625,1
5494691,1
551950,1
4169567,1
786487,1
3453319,1
428370,1
4631934,1
2449084,1
2244824,1
71102,1
833209,1
674225,1
146089,1
5436973,1
5046794,1
4756803,1
2919901,1
1775692,1
1311574,1
4104959,1
2282859,1
3184318,1
418054,1
4523745,1
3417010,1
3303924,1
2910689,1
1266842,1
3186317,1
3772596,1
1969659,1
2677756,1
3076242,1
4081829,1
4895119,1
318653,1
562677,1
3506966,1
1019632,1
5471079,1
1701678,1
665778,1
31750,1
787816,1
5283086,1
4912861,1
3770343,1
405920,1
1729546,1
3738296,1
3161165,1
2638231,1
2270963,1
5438693,1
2781682,1
5259835,1
1557915,1
2576831,1
4792403,1
1221256,1
3700211,1
1920481,1
1396075,1
833946,1
3391936,1
4290016,1
2196895,1
3720003,1
1723417,1
1718290,1
2118968,1
3410188,1
3014259,1
4910374,1
945384,1
3736389,1
2786627,1
1052080,1
4043232,1
646521,1
2193844,1
3477883,1
1034286,1
3199056,1
2643381,1
991687,1
389584,1
3293510,1
5166030,1
4031692,1
4207365,1
4916449,1
2148390,1
4677738,1
4570474,1
653205,1
4941122,1
2181303,1
3232539,1
4285122,1
2395697,1
3719471,1
4683710,1
1747408,1
192302,1
159321,1
1995617,1
5474134,1
475326,1
2121757,1
4231757,1
953854,1
3328804,1
2098069,1
3958058,1
531322,1
4344523,1
1922877,1
858999,1
1457818,1
2887295,1
4263254,1
2197623,1
1002741,1
2149732,1
4653759,1
4030816,1
2517799,1
4234372,1
5548095,1
4031364,1
2774146,1
72473,1
2438811,1
2714444,1
781153,1
3397438,1
1909045,1
2169905,1
4548364,1
1457486,1
3247505,1
1126351,1
2089255,1
4444672,1
683279,1
5101630,1
2221875,1
4473199,1
4982544,1
4644095,1
4226427,1
4830707,1
3012495,1
4653182,1
2408105,1
1154791,1
4425220,1
4296678,1
2668406,1
3526145,1
2731449,1
2473621,1
3580607,1
4777940,1
3793540,1
3940725,1
4307068,1
2728671,1
5483095,1
5368755,1
4344223,1
1882543,1
953664,1
2891737,1
638699,1
3987794,1
1002738,1
2731465,1
1682582,1
3289457,1
3916625,1
4261348,1
1368070,1
285050,1
4151382,1
923007,1
562081,1
3388137,1
5136189,1
4511433,1
503931,1
55473,1
3630462,1
4668196,1
789878,1
1906446,1
839267,1
2164778,1
2198484,1
3242830,1
1857107,1
2568862,1
3700171,1
3792441,1
2193073,1
2168176,1
2750880,1
5487380,1
3225744,1
4802443,1
2650851,1
3313901,1
461031,1
2263221,1
4337367,1
1892316,1
5273056,1
2657312,1
1408612,1
3969184,1
851352,1
3398868,1
4383349,1
1946149,1
1699664,1
1347688,1
5066409,1
3720086,1
3493322,1
2737205,1
101310,1
856643,1
3503574,1
372797,1
4464659,1
4674338,1
787537,1
1787798,1
1019360,1
4951282,1
1858954,1
1303127,1
2854680,1
4113073,1
1974474,1
1091523,1
2098430,1
1488268,1
4234041,1
5221,1
2267147,1
198203,1
2821868,1
801874,1
2207200,1
867004,1
5536253,1
3084687,1
615924,1
2850410,1
3636368,1
2986242,1
2408948,1
3124744,1
2413872,1
2144252,1
3750727,1
1322958,1
864595,1
1640814,1
2974249,1
4584534,1
297693,1
807734,1
2268742,1
929641,1
2416650,1
51468,1
1177925,1
2662015,1
36932,1
4445778,1
3697013,1
5076873,1
1531787,1
2152180,1
2290705,1
2134602,1
4231694,1
1038721,1
1408290,1
449723,1
571395,1
962851,1
5031335,1
1551666,1
1229793,1
3851389,1
3944355,1
2010836,1
1865276,1
514526,1
136551,1
233506,1
1579314,1
2545257,1
4799406,1
5068018,1
3390277,1
2810846,1
2018455,1
409540,1
3027519,1
46513,1
4117647,1
2861672,1
1320962,1
872734,1
4755137,1
5412027,1
933608,1
4589595,1
3368833,1
3091065,1
1520417,1
5498540,1
3065354,1
3812719,1
2990395,1
4347324,1
801049,1
1666268,1
3178368,1
4055153,1
5545440,1
3269731,1
634457,1
778600,1
908675,1
3164776,1
711934,1
2224605,1
5471313,1
1592198,1
4040262,1
2878539,1
2208231,1
2197884,1
412008,1
1577533,1
4744774,1
892332,1
1429901,1
1621794,1
4242364,1
5378205,1
4957503,1
1941245,1
2828169,1
3676755,1
3636313,1
4924682,1
700951,1
3212460,1
3776396,1
4617851,1
812615,1
2582431,1
1600159,1
1411218,1
2797841,1
3015802,1
3683260,1
2759419,1
2306828,1
4577334,1
509883,1
1718519,1
5110560,1
2290430,1
5526805,1
3966579,1
5069,1
2605997,1
3374430,1
5204132,1
748177,1
1101162,1
2338112,1
3191541,1
1137123,1
4089770,1
2868780,1
1091106,1
5498209,1
1495114,1
5380335,1
5133196,1
3730529,1
3459550,1
789640,1
4401839,1
878579,1
4565033,1
124247,1
2025681,1
1152230,1
105130,1
899285,1
3164345,1
2935224,1
5376212,1
4053501,1
1271772,1
4371446,1
2136366,1
2189316,1
3747259,1
2064141,1
4626309,1
2620811,1
551065,1
2292425,1
4952241,1
315108,1
1737259,1
2067800,1
3684430,1
1067270,1
2425435,1
3399856,1
2444502,1
841775,1
4126596,1
523280,1
3127439,1
2506065,1
216109,1
907067,1
4984382,1
3474838,1
3271902,1
1948771,1
2946410,1
2251447,1
1964087,1
2740519,1
713710,1
4555958,1
3055091,1
1302716,1
4494378,1
5215652,1
1384375,1
1612113,1
5068331,1
3337430,1
376825,1
5262639,1
4190185,1
615960,1
5406451,1
5442075,1
4118340,1
1555993,1
5217426,1
781026,1
3869333,1
2676483,1
4010793,1
2611982,1
207758,1
2515678,1
2377205,1
3555353,1
4856049,1
286111,1
4234686,1
617052,1
2606426,1
5510054,1
5141821,1
8366,1
4885034,1
5075124,1
1243414,1
4439411,1
2110849,1
2616658,1
1116356,1
192226,1
3749071,1
3075687,1
50098,1
4345504,1
1790393,1
5248543,1
1830610,1
2718859,1
479984,1
61965,1
3881007,1
557705,1
5217110,1
2993277,1
547873,1
504544,1
5242304,1
2601965,1
5069748,1
3534038,1
278602,1
2156572,1
373642,1
2458681,1
3812226,1
2069384,1
4333127,1
4486726,1
5247614,1
135989,1
3012490,1
3880962,1
4652060,1
4450787,1
838747,1
1405149,1
926996,1
1708597,1
1876768,1
4339835,1
2055336,1
1052238,1
5391662,1
1198274,1
1860398,1
4432947,1
2825189,1
5218561,1
4098329,1
4385533,1
2078859,1
5487264,1
3640452,1
1785523,1
3757026,1
2228574,1
1384326,1
3864906,1
2118571,1
2224176,1
5443358,1
5543229,1
3306895,1
3737773,1
1338077,1
2130550,1
2591131,1
2409358,1
2186118,1
4359144,1
2845165,1
1038763,1
1840822,1
5191265,1
860140,1
1066584,1
2922105,1
4495900,1
1362882,1
2192182,1
980384,1
2674813,1
3707931,1
318709,1
1724272,1
848510,1
707862,1
5500474,1
4339860,1
744756,1
115017,1
374045,1
21046,1
5252430,1
3357944,1
5383061,1
28148,1
5534874,1
4763734,1
5163247,1
3370240,1
4457930,1
4278262,1
3376797,1
3971029,1
5315913,1
3599051,1
29185,1
4594587,1
5490057,1
3034547,1
5496424,1
2956061,1
672345,1
1351108,1
3892378,1
1020550,1
863112,1
2354280,1
5040585,1
671544,1
2395582,1
201601,1
1669899,1
3678350,1
3039783,1
4649256,1
3028078,1
3139027,1
913822,1
102501,1
931730,1
2121673,1
1699662,1
2904812,1
5169591,1
3176168,1
2634471,1
2946809,1
349643,1
3638717,1
2739204,1
2245466,1
4475779,1
1649302,1
3162750,1
4589597,1
1178777,1
609353,1
2023882,1
1693873,1
368225,1
5479678,1
489828,1
1686218,1
5494142,1
94209,1
439626,1
4354222,1
4201696,1
3749514,1
1769283,1
481196,1
1536480,1
1578205,1
1661295,1
1564296,1
4144285,1
95446,1
2632807,1
5063461,1
830936,1
2389298,1
2754872,1
337118,1
981535,1
352159,1
2929469,1
3846621,1
3791417,1
4040080,1
5225316,1
2697359,1
324907,1
2476213,1
5339699,1
3075050,1
4460630,1
1558430,1
4054866,1
2058403,1
1430493,1
3931279,1
3791298,1
2743050,1
719430,1
3155095,1
3226902,1
3713914,1
5077949,1
3857220,1
951591,1
3120612,1
3766487,1
3044309,1
3084015,1
1833720,1
3112300,1
340180,1
2360709,1
5137508,1
4858163,1
4420227,1
919394,1
485450,1
2076956,1
4004773,1
1994949,1
4195013,1
2793370,1
649576,1
4697138,1
1731845,1
5464341,1
3801372,1
2039762,1
2858804,1
644458,1
3292511,1
1231238,1
3866650,1
2657191,1
1553701,1
953053,1
1483356,1
415920,1
4926389,1
4603383,1
1221207,1
1304776,1
4887304,1
2637608,1
5493831,1
4956231,1
3576820,1
4051349,1
2032918,1
680922,1
4492981,1
1092005,1
1075000,1
4316057,1
1679929,1
5539821,1
5313065,1
3660897,1
4763592,1
391705,1
1348458,1
4827653,1
2699922,1
2931715,1
4916160,1
3453673,1
5003539,1
2239523,1
4094476,1
673716,1
2776287,1
3869313,1
3011579,1
1321149,1
2192832,1
542754,1
1140878,1
76020,1
807799,1
3911369,1
2999640,1
1921985,1
4581675,1
1618436,1
29560,1
1554297,1
1269173,1
4214625,1
3695932,1
3594761,1
4537471,1
47280,1
840269,1
571759,1
1055715,1
4168890,1
3298087,1
5083339,1
5479689,1
3942498,1
2210262,1
3248971,1
2361061,1
5396934,1
3858356,1
591149,1
1302482,1
4044384,1
5143807,1
4143030,1
1012753,1
1764170,1
4492979,1
576118,1
1557654,1
5205457,1
1744088,1
1230236,1
1342268,1
2658728,1
1252627,1
1468269,1
1533600,1
193180,1
684856,1
1083941,1
2350060,1
2467967,1
2071163,1
4125394,1
1491215,1
2382767,1
3276143,1
1006888,1
819757,1
4383853,1
2337920,1
3363287,1
225465,1
1598878,1
2821431,1
3935370,1
466116,1
2261115,1
5034034,1
5007441,1
837408,1
120673,1
2660979,1
1576281,1
121221,1
3717289,1
447908,1
229131,1
382007,1
35795,1
1801235,1
2268607,1
3403814,1
790259,1
1683893,1
490747,1
2670061,1
399455,1
4359935,1
370542,1
3495594,1
3183219,1
2093924,1
1599262,1
4183404,1
5534533,1
2682638,1
3129308,1
2746539,1
5158113,1
2091675,1
4013196,1
3707431,1
4214853,1
5141687,1
1556239,1
533325,1
5413099,1
5546141,1
2806811,1
757338,1
5320657,1
3603460,1
1540290,1
1887251,1
3640678,1
297904,1
4202041,1
4952095,1
171852,1
2046801,1
4241745,1
1994262,1
3027135,1
4179145,1
1375373,1
754127,1
3360897,1
4561745,1
2236153,1
2387858,1
1992624,1
5347988,1
1322238,1
3446898,1
3748923,1
2501652,1
189077,1
2418968,1
1540470,1
5409088,1
71313,1
2070386,1
1461110,1
945801,1
4899058,1
4190670,1
2931632,1
1448597,1
4937931,1
2648744,1
5192491,1
833078,1
446908,1
1196348,1
2097252,1
5475050,1
1773275,1
2983084,1
2515564,1
5458626,1
2473173,1
4666313,1
2003335,1
2861650,1
1573922,1
1122002,1
4516947,1
3623906,1
5097892,1
247869,1
1084571,1
1564222,1
2890273,1
554341,1
1402999,1
2683967,1
4045422,1
3234232,1
107431,1
5074679,1
120487,1
1510642,1
895253,1
2000584,1
4380592,1
2911771,1
1260728,1
1612031,1
4247135,1
602251,1
288707,1
5453170,1
5060227,1
734395,1
318618,1
1448320,1
3219990,1
1115049,1
3658362,1
4656564,1
5093855,1
8094,1
4488690,1
2302294,1
974622,1
5291572,1
1617630,1
5389245,1
2344550,1
1117511,1
5048179,1
3497705,1
1823048,1
4263597,1
3508747,1
327303,1
2776215,1
1753341,1
2956685,1
611544,1
328477,1
3576928,1
3289079,1
3163291,1
4459044,1
4648235,1
3663464,1
503342,1
1711645,1
2411263,1
4193206,1
1496358,1
1704331,1
5049683,1
2576213,1
3707412,1
2673561,1
760333,1
2146819,1
1819083,1
893943,1
144308,1
2989401,1
4252192,1
1662635,1
2243507,1
2035161,1
4038576,1
2058117,1
4366926,1
5105837,1
3827412,1
1806377,1
159173,1
4389436,1
3612890,1
5189973,1
1958294,1
5279271,1
4289892,1
5469702,1
4235552,1
1418985,1
3503788,1
2933097,1
565564,1
5396755,1
1819094,1
384515,1
3426059,1
4316740,1
3293449,1
5239512,1
4994690,1
1927704,1
140259,1
172764,1
4802488,1
1504920,1
782882,1
2343859,1
5165744,1
3895019,1
664718,1
2841263,1
4059947,1
5288813,1
2486663,1
3012734,1
3631739,1
1020601,1
3716135,1
4783300,1
4588973,1
1753850,1
4236521,1
2844984,1
3774585,1
1533316,1
4732290,1
4725490,1
529933,1
1879820,1
2439543,1
2083329,1
3028753,1
128406,1
4837761,1
1450485,1
1329721,1
174944,1
2253606,1
3049835,1
3417930,1
4375743,1
620268,1
2372276,1
392123,1
4781363,1
981525,1
874374,1
2005394,1
3076810,1
3845443,1
2609417,1
4718108,1
3019922,1
2277604,1
2506420,1
1930608,1
3191956,1
2109390,1
588636,1
2050530,1
905560,1
3926583,1
3145269,1
1437777,1
891243,1
5474465,1
2724791,1
1967138,1
4300736,1
784537,1
2279992,1
3507343,1
232804,1
3457649,1
3444410,1
4650669,1
2992307,1
5001626,1
2433514,1
349922,1
969892,1
2013577,1
2842378,1
1589233,1
2675326,1
5313802,1
3198035,1
2802735,1
1599974,1
4980584,1
1208760,1
2963871,1
3162157,1
3753503,1
3897875,1
1911035,1
2818629,1
3547821,1
675203,1
107048,1
5035898,1
5168889,1
1810440,1
969871,1
1892144,1
2230444,1
619570,1
4128333,1
1302463,1
4450938,1
4712344,1
4096058,1
2822854,1
1852067,1
4824348,1
105999,1
2598626,1
1229146,1
1435094,1
2303815,1
4177924,1
3814473,1
1329527,1
2491555,1
3771103,1
3385751,1
1918564,1
3288243,1
5226922,1
5204382,1
3245146,1
4457491,1
4733053,1
3389771,1
4065458,1
3502738,1
3863478,1
5199095,1
4228986,1
170543,1
3107949,1
2576440,1
3219077,1
1280233,1
741353,1
1527849,1
2687664,1
710326,1
3362415,1
4189947,1
5447282,1
4364052,1
5288879,1
3434450,1
4400782,1
3760742,1
1869405,1
2450310,1
5093951,1
3277421,1
4210874,1
3609023,1
4290916,1
4623694,1
4438821,1
5274819,1
2861542,1
4508226,1
2398822,1
4952359,1
1670277,1
1260508,1
5162508,1
4181448,1
3456210,1
2878428,1
3757614,1
873099,1
2015515,1
2438927,1
3468405,1
2779433,1
2925839,1
2758232,1
3947843,1
5111247,1
58331,1
5252716,1
4704034,1
5109148,1
3778829,1
11995,1
1852352,1
1525039,1
3906929,1
1998159,1
1363305,1
3593287,1
1355635,1
3802449,1
852154,1
1820759,1
709365,1
5282886,1
1034685,1
145530,1
743811,1
5512373,1
217171,1
833779,1
3607859,1
4892416,1
5540265,1
394808,1
1873926,1
4560229,1
432928,1
33370,1
3379375,1
2736182,1
734301,1
3439583,1
3766041,1
2470939,1
1781834,1
2933274,1
5113351,1
3004449,1
4954819,1
360185,1
4883460,1
3451404,1
968108,1
5076366,1
605478,1
4360397,1
252249,1
2349752,1
1853956,1
4098996,1
4673043,1
327291,1
464876,1
1539274,1
3671082,1
1299831,1
357956,1
3302557,1
4924911,1
1909677,1
1012803,1
3702494,1
99360,1
2255527,1
4426787,1
5075287,1
994397,1
3120429,1
3062328,1
2987366,1
684518,1
1441761,1
1999118,1
2578073,1
2578770,1
589937,1
210993,1
1292176,1
4614527,1
4394227,1
4238657,1
4571671,1
742490,1
3726807,1
4354754,1
4534471,1
2931004,1
2786134,1
2154273,1
3212923,1
3133805,1
116518,1
5428082,1
4776123,1
4416304,1
792609,1
2185370,1
4908215,1
3509993,1
1882058,1
1198281,1
1515394,1
2410329,1
4838903,1
1705648,1
5383623,1
4856984,1
2415559,1
3440414,1
3522139,1
3208882,1
3219628,1
2922507,1
722900,1
3908514,1
4342322,1
1990870,1
2074443,1
2790073,1
2876742,1
3971534,1
4838437,1
3245604,1
1453823,1
4181931,1
1023277,1
1951209,1
3151059,1
1680375,1
386132,1
4697348,1
4226206,1
4396805,1
751609,1
1749663,1
1053114,1
4115876,1
4554789,1
3425288,1
960487,1
2741042,1
5036421,1
3872515,1
3299578,1
3503400,1
2763378,1
4247585,1
871722,1
3085177,1
4499733,1
3907156,1
3794658,1
5265252,1
2141648,1
143396,1
2937690,1
1578255,1
4166368,1
2312062,1
3959813,1
1463281,1
1382698,1
5489174,1
3814925,1
2696760,1
4097412,1
2042108,1
1917537,1
1633846,1
333323,1
2584350,1
3602569,1
2601256,1
3229456,1
835950,1
5228168,1
161045,1
4495342,1
3205378,1
5346848,1
2994234,1
4368088,1
1848466,1
1123152,1
2294840,1
1447036,1
2225788,1
2991737,1
5050844,1
1221112,1
5485085,1
4224057,1
575344,1
4098667,1
3743068,1
4017815,1
645106,1
3036204,1
1137083,1
645409,1
5552627,1
4450110,1
3459051,1
4141349,1
2362986,1
346540,1
5441593,1
2146112,1
473638,1
3772060,1
2768565,1
5036340,1
3534611,1
1224383,1
4457059,1
4063950,1
5057486,1
1284460,1
738853,1
3380356,1
5025830,1
3896295,1
2887468,1
4894659,1
772148,1
2141224,1
4890958,1
512409,1
1022232,1
4263959,1
5002841,1
4149623,1
5246124,1
938622,1
1338583,1
1330329,1
481078,1
4260376,1
3963914,1
2333184,1
1558991,1
2908004,1
3038324,1
812014,1
4891370,1
4840942,1
3513375,1
749788,1
333401,1
321911,1
3544548,1
906083,1
1307816,1
4812618,1
4265922,1
2423883,1
1829889,1
4964313,1
4470691,1
4904321,1
1924856,1
5340630,1
4712309,1
4206565,1
935863,1
2558901,1
5088096,1
3238298,1
183667,1
2228269,1
752052,1
4694063,1
4274664,1
5360501,1
2754053,1
2782341,1
3407263,1
1399041,1
915847,1
2078241,1
5037581,1
2850221,1
3728055,1
61467,1
5502887,1
1903315,1
4085733,1
1033718,1
3884822,1
2144543,1
3707017,1
3159340,1
4767550,1
1652227,1
4291037,1
874609,1
1008333,1
4690840,1
2153102,1
5539900,1
990961,1
4401262,1
2175562,1
5299810,1
2019463,1
4212174,1
2904611,1
4811726,1
4995763,1
1644082,1
5469160,1
3729240,1
4599695,1
942225,1
28331,1
3778932,1
1957440,1
1037066,1
4447218,1
3452725,1
366506,1
4845729,1
1265276,1
3432182,1
3101198,1
4666557,1
2289922,1
1061664,1
3349295,1
2467059,1
2684797,1
3885971,1
1108003,1
1428720,1
2062763,1
1029864,1
4202746,1
22038,1
3375821,1
3814487,1
2608431,1
586579,1
1638801,1
3412591,1
4521175,1
3335524,1
4179774,1
323823,1
1914831,1
304652,1
2400336,1
3435073,1
5279806,1
2613527,1
4289149,1
4809015,1
1738947,1
4892783,1
1569293,1
2203803,1
5218231,1
5207794,1
367596,1
3046210,1
1071618,1
2743268,1
3362712,1
4623916,1
2518497,1
1246587,1
3968522,1
1073707,1
2099493,1
58214,1
4687225,1
399358,1
129185,1
1265119,1
3571977,1
2527533,1
3066482,1
4744655,1
3669595,1
868739,1
1104398,1
3828065,1
308229,1
4486541,1
651251,1
3453940,1
5256782,1
3921552,1
1883425,1
2768768,1
1210000,1
5546872,1
2988672,1
3474107,1
5221845,1
4116205,1
1488488,1
4429045,1
2917988,1
2402563,1
5161544,1
3970834,1
3000156,1
1134161,1
1476579,1
4060719,1
4024353,1
4475528,1
4445712,1
5249456,1
2851219,1
5105160,1
681808,1
87531,1
4217322,1
1304290,1
2078485,1
468540,1
3680873,1
3024685,1
1543734,1
3395373,1
5538261,1
5529259,1
2819170,1
2419486,1
3080316,1
4870369,1
2730164,1
3244501,1
4397765,1
1692203,1
4207235,1
3746661,1
690868,1
1447164,1
326160,1
104972,1
3063419,1
4098155,1
3001359,1
4841194,1
3614586,1
1076012,1
259671,1
2035711,1
4705928,1
1704795,1
664173,1
953517,1
1302087,1
1840093,1
595555,1
3658373,1
1048416,1
4409728,1
1446697,1
402774,1
834632,1
3526026,1
5286021,1
2042617,1
4646833,1
5120178,1
2146419,1
2323029,1
2475064,1
2513430,1
318485,1
1718819,1
1413587,1
333261,1
5090693,1
1658461,1
4153181,1
556947,1
306171,1
2528819,1
2074982,1
4471038,1
4374784,1
2411313,1
3922074,1
3000852,1
818764,1
4093176,1
4565593,1
1390107,1
3865299,1
152719,1
2440767,1
4728744,1
2563220,1
3764233,1
1424726,1
4607740,1
4691818,1
3410247,1
3509222,1
906298,1
4963860,1
2128113,1
5156535,1
4397814,1
4405956,1
176453,1
1652257,1
3667491,1
2501118,1
174000,1
3423231,1
50503,1
3829394,1
5351861,1
3409202,1
1837212,1
2492331,1
648685,1
922257,1
1277257,1
2480144,1
1445666,1
430700,1
4751150,1
780688,1
1405315,1
3606539,1
3733302,1
3580565,1
3073821,1
3065452,1
2908520,1
1203437,1
5373650,1
2418821,1
4985856,1
3025187,1
4910756,1
4177461,1
1141005,1
2668308,1
1615441,1
5175778,1
3359772,1
1770653,1
5214070,1
2103464,1
5525270,1
2877690,1
4848214,1
2415634,1
5153100,1
4155165,1
707258,1
4838341,1
5373183,1
2934119,1
1258543,1
2697124,1
2022219,1
2669771,1
1877576,1
2382453,1
1356446,1
4948329,1
5199593,1
565106,1
1729740,1
5426532,1
640545,1
1120590,1
3427370,1
756762,1
1451280,1
1675471,1
3981692,1
796882,1
799009,1
4948160,1
3045423,1
5248802,1
4284338,1
265468,1
4501159,1
165029,1
3116414,1
916012,1
876309,1
2505564,1
2050903,1
3099106,1
4243273,1
1647561,1
1308611,1
3378148,1
2465535,1
3506170,1
4527356,1
4968723,1
2303740,1
3324199,1
476036,1
4632182,1
4483444,1
3696907,1
31782,1
4904964,1
5275520,1
5546482,1
88725,1
1401942,1
4052464,1
5523566,1
1372499,1
1090910,1
3391537,1
4642294,1
1801985,1
4257294,1
779993,1
5054253,1
2005488,1
2423526,1
1016377,1
4052552,1
3767160,1
2110805,1
2062876,1
2893936,1
1926702,1
4070217,1
3004814,1
5131998,1
4260193,1
2142833,1
2517732,1
4317718,1
5535101,1
3162512,1
1001783,1
1423327,1
5013408,1
5475978,1
2452798,1
1434864,1
235475,1
5237259,1
4653144,1
3831893,1
4000937,1
4273355,1
3452862,1
3725870,1
1746863,1
2849377,1
3255618,1
777868,1
2143304,1
2140293,1
2204547,1
1006171,1
4511069,1
1390089,1
1121405,1
1157304,1
4516100,1
938021,1
5322372,1
2173833,1
5044645,1
3693707,1
2977947,1
1804347,1
4609782,1
5094525,1
349673,1
2428466,1
2108272,1
2461952,1
3808688,1
452736,1
2622711,1
4176248,1
942829,1
2103769,1
4024734,1
1854515,1
4600560,1
2471568,1
3736271,1
2881422,1
722098,1
3684499,1
1023744,1
1891139,1
1487961,1
4360389,1
2284248,1
3593105,1
3100374,1
4510547,1
4791228,1
4523331,1
4590916,1
119183,1
79034,1
2843591,1
2766943,1
4571937,1
2136875,1
2677812,1
2962234,1
420353,1
5064666,1
1059139,1
83944,1
459675,1
2067614,1
4646752,1
462655,1
660802,1
3857834,1
1195753,1
4326217,1
3288208,1
1170197,1
1748985,1
3784845,1
178001,1
3439487,1
703208,1
1574391,1
2048239,1
4274190,1
2887810,1
3125737,1
3340268,1
1890366,1
4323638,1
290926,1
3778846,1
5232198,1
4404723,1
2604818,1
774633,1
4598911,1
2309408,1
591080,1
4232407,1
3780079,1
103393,1
3564228,1
2257393,1
3470093,1
1772663,1
5187846,1
4550868,1
1327679,1
2898757,1
3421569,1
2428726,1
1344296,1
844745,1
3496540,1
1312518,1
2313612,1
2241522,1
1378288,1
1412831,1
5504722,1
5251817,1
5430663,1
3340890,1
2430077,1
1681754,1
2793821,1
3337799,1
1332567,1
5051466,1
4310658,1
4510118,1
782645,1
2199135,1
343887,1
4091531,1
2879466,1
4382424,1
3293167,1
1929601,1
4985854,1
5437068,1
1790435,1
806652,1
1973430,1
466189,1
4887644,1
218217,1
2302735,1
4745044,1
4641239,1
170674,1
1170505,1
3562070,1
2558138,1
882901,1
4930743,1
1646795,1
199376,1
5486169,1
2736622,1
3892560,1
1050403,1
3984525,1
3567672,1
4896793,1
4903005,1
1290920,1
5492347,1
3851848,1
2851361,1
2347073,1
2811866,1
4244257,1
1508818,1
3533255,1
1495368,1
2361916,1
1127479,1
2530127,1
5268615,1
4491629,1
5042491,1
2240830,1
1999554,1
1195273,1
1217557,1
2568404,1
2745786,1
3878323,1
5349093,1
5239719,1
2985678,1
1233038,1
2852476,1
5084175,1
2931824,1
4352874,1
4703845,1
4587385,1
1720331,1
5427599,1
623445,1
2531007,1
103704,1
2550163,1
3697846,1
3940579,1
411405,1
2059150,1
1062510,1
3571840,1
3052063,1
1565311,1
3250181,1
2547095,1
2582872,1
1081090,1
2212821,1
87881,1
5251030,1
4625357,1
1631645,1
674315,1
2803290,1
1596358,1
4477376,1
1840547,1
3772929,1
4160206,1
4988200,1
325485,1
5240921,1
4983592,1
4445595,1
5354549,1
1160256,1
3651147,1
4223106,1
1383748,1
2241000,1
424738,1
2425413,1
249831,1
4159231,1
2431657,1
3077041,1
3778425,1
670930,1
2584053,1
2249351,1
2226347,1
3769376,1
4662944,1
3053281,1
2701949,1
4130915,1
1955265,1
1234598,1
3007499,1
4717176,1
4428457,1
998839,1
4841093,1
154416,1
5514113,1
2952407,1
2813411,1
1895746,1
92371,1
3684366,1
3223740,1
2057325,1
4108917,1
589756,1
4462699,1
1706898,1
1182034,1
531272,1
181504,1
1359659,1
4972759,1
1884534,1
3578976,1
2730444,1
2984503,1
2944269,1
4033021,1
4584842,1
1474081,1
3144881,1
4616071,1
2478935,1
5059389,1
1645169,1
1790445,1
3713648,1
2113655,1
4707290,1
3888158,1
3036810,1
2835795,1
3678860,1
700135,1
4664045,1
4231448,1
2248335,1
4053943,1
2435506,1
2053299,1
2933395,1
3423403,1
1323378,1
3811141,1
214736,1
1895316,1
4405314,1
4493516,1
1971891,1
3193842,1
1863712,1
4582545,1
3666386,1
21303,1
3988751,1
1911688,1
138277,1
3514532,1
5469105,1
183035,1
737698,1
2213096,1
1063465,1
4519015,1
4660279,1
335875,1
3735719,1
1897645,1
4631297,1
3314509,1
3137095,1
142568,1
2947387,1
3285145,1
1671720,1
1452539,1
3042857,1
4535072,1
2214154,1
2859382,1
4610010,1
3079268,1
317985,1
2953504,1
2307952,1
1790049,1
5278510,1
1742360,1
248542,1
1951381,1
2831832,1
3801069,1
3548674,1
2785963,1
4651952,1
3821981,1
3411210,1
690723,1
5484671,1
1736508,1
4102819,1
142087,1
3760548,1
3553607,1
3166918,1
4683198,1
132842,1
4878848,1
3941680,1
772426,1
3290024,1
4583958,1
3143375,1
1399567,1
1306008,1
374913,1
3529581,1
4410236,1
5079896,1
1106157,1
2812652,1
78754,1
5229232,1
3458865,1
1430657,1
329919,1
3666075,1
4353866,1
490679,1
635390,1
571403,1
1210242,1
5482980,1
648573,1
5436638,1
4587527,1
3193044,1
4724611,1
4242505,1
2810939,1
2575764,1
1951397,1
2696115,1
3397717,1
2043643,1
2495317,1
2069086,1
2184363,1
4678641,1
3644172,1
924567,1
1448468,1
2179940,1
752490,1
1542852,1
4220628,1
2340097,1
1392289,1
124470,1
735807,1
1006542,1
4821702,1
668281,1
3809055,1
4647188,1
1652465,1
4529276,1
4656176,1
2511744,1
4565443,1
2010136,1
2833031,1
1353351,1
3176023,1
4322783,1
4111249,1
678112,1
1611370,1
5078929,1
5151648,1
1179228,1
1740363,1
2058045,1
1221771,1
3191191,1
3972373,1
586441,1
2531167,1
329023,1
2136910,1
361878,1
2237584,1
4182873,1
4713620,1
905991,1
5510866,1
499539,1
1893424,1
4875513,1
5176343,1
4589076,1
4653949,1
1003740,1
817700,1
1894955,1
5511713,1
2252819,1
4849539,1
3519754,1
1878107,1
1495677,1
1833953,1
5205710,1
4618141,1
5214136,1
3000850,1
5313230,1
2684553,1
253842,1
3805423,1
998738,1
2252838,1
2255627,1
757939,1
3125231,1
2696839,1
3895526,1
3011632,1
2923456,1
735614,1
1488373,1
4462020,1
4406160,1
3377476,1
1888630,1
3465161,1
449869,1
619498,1
2894556,1
3914461,1
2089389,1
696853,1
204214,1
113890,1
5021626,1
1745532,1
4349679,1
2506305,1
268141,1
1485492,1
3866632,1
4855431,1
2725987,1
4918358,1
213305,1
5456983,1
4810091,1
5071694,1
3017254,1
4499013,1
136702,1
4424815,1
1465134,1
664538,1
4015197,1
2750479,1
3960738,1
2308927,1
2940168,1
1330515,1
4679319,1
1090383,1
4224276,1
4752349,1
1137282,1
1471250,1
3777822,1
417869,1
565721,1
1827775,1
5166776,1
4242251,1
5060170,1
1063003,1
756589,1
4469198,1
2033345,1
4115073,1
1875709,1
4060511,1
1249719,1
2270756,1
1132581,1
1889250,1
4332631,1
4666592,1
843274,1
2078167,1
916551,1
414689,1
1032252,1
429788,1
1430140,1
4431918,1
2992200,1
3283252,1
820773,1
1294147,1
4418141,1
4977079,1
4366368,1
956964,1
3634821,1
36167,1
545575,1
4563424,1
5124918,1
4792234,1
2403340,1
2193518,1
2534331,1
10310,1
4751002,1
2689545,1
2754943,1
2935102,1
4979409,1
4162069,1
2223945,1
179434,1
1395056,1
2056688,1
5221193,1
4840008,1
5154107,1
3083071,1
619138,1
225747,1
2907831,1
4611547,1
2025716,1
2576759,1
3253750,1
3653469,1
3450388,1
1949419,1
1293156,1
2890804,1
1852768,1
3108454,1
1914665,1
253051,1
2600183,1
4541305,1
4500724,1
4814437,1
4364813,1
3547011,1
502842,1
5091377,1
1451120,1
4005624,1
3265446,1
4212478,1
2839099,1
3897890,1
3796951,1
1447198,1
4832253,1
3070942,1
655097,1
3140529,1
2003771,1
5557903,1
897682,1
940413,1
3703224,1
759691,1
4088662,1
4384659,1
3029399,1
5552599,1
2692469,1
5263572,1
5497661,1
1680470,1
1258243,1
3961576,1
1708917,1
95383,1
5361679,1
3393568,1
4712579,1
1063235,1
980391,1
5397494,1
821464,1
4539803,1
5558399,1
1165526,1
2076110,1
2046402,1
4958334,1
298156,1
3117221,1
88339,1
1412834,1
5144536,1
3229346,1
106251,1
4590229,1
3284097,1
955580,1
2882539,1
4552569,1
4556800,1
2693007,1
2663785,1
5011402,1
3670036,1
1562561,1
3262173,1
1564567,1
3974317,1
3674454,1
3317995,1
1014222,1
1946842,1
3638914,1
2486406,1
809653,1
838827,1
5410147,1
2326875,1
1134775,1
551014,1
1062905,1
258256,1
2149284,1
5308268,1
5555574,1
3012884,1
1362195,1
3361079,1
4220294,1
4280934,1
2712967,1
958854,1
4024755,1
265583,1
3255026,1
961715,1
3681582,1
5064256,1
4589629,1
2655033,1
3863692,1
5139504,1
543962,1
24664,1
3316220,1
1546659,1
940147,1
5315621,1
1280221,1
5186604,1
2849445,1
3653052,1
4569929,1
5135509,1
4991617,1
26892,1
4445533,1
2254975,1
4833955,1
342381,1
3239128,1
1914782,1
2348681,1
490899,1
1057089,1
3467371,1
197616,1
2457865,1
4685558,1
2623884,1
1595011,1
2682521,1
2740681,1
280541,1
1419104,1
1419131,1
2469636,1
4040653,1
4789436,1
2032383,1
2799817,1
4770437,1
1716369,1
2680053,1
3244682,1
4283867,1
4752446,1
2285798,1
4812822,1
5554221,1
2454670,1
4652225,1
1295390,1
371010,1
4915231,1
5380339,1
2611584,1
5197548,1
2422835,1
1389456,1
1780717,1
132197,1
3352696,1
986456,1
764636,1
162578,1
4179522,1
2293111,1
2719236,1
4912731,1
2185141,1
1364504,1
4674988,1
4798915,1
2453594,1
416124,1
2718311,1
3609157,1
4081175,1
1092374,1
1310496,1
5432169,1
3054252,1
1220721,1
2730636,1
5127765,1
1134772,1
3111045,1
148541,1
2897890,1
4099830,1
2650550,1
4114398,1
863620,1
4235340,1
1532108,1
436086,1
2925950,1
733732,1
5214639,1
2390250,1
376147,1
5025079,1
2815131,1
2347265,1
744324,1
252997,1
4113219,1
250004,1
1420097,1
5199224,1
4259742,1
1099270,1
3767969,1
2927756,1
4998804,1
1233051,1
143535,1
3640992,1
5463565,1
5433862,1
4880374,1
3163662,1
192785,1
3821388,1
1790874,1
1642214,1
3974299,1
4709528,1
4232577,1
4958639,1
115872,1
4144357,1
4606631,1
3698659,1
2490029,1
1513331,1
5478029,1
1461761,1
5497689,1
4243290,1
3827542,1
4892862,1
198994,1
138475,1
349990,1
2020483,1
2121163,1
2539249,1
2658669,1
1446391,1
2678368,1
4075669,1
3899785,1
3801048,1
3633009,1
455477,1
1924537,1
2338685,1
5058485,1
861629,1
4588672,1
5210309,1
4287334,1
2015512,1
2906139,1
5108261,1
4323075,1
4190331,1
2163502,1
1172578,1
4410559,1
1884981,1
1812046,1
2759177,1
920120,1
4033980,1
1915205,1
4666738,1
5474029,1
1259207,1
209206,1
2320375,1
4264258,1
3805420,1
3368800,1
1803029,1
4739437,1
2423323,1
953061,1
3244751,1
3729841,1
3573094,1
1596709,1
15519,1
5390116,1
1852685,1
367952,1
1912315,1
3648452,1
3130536,1
2104398,1
2954856,1
381456,1
3421296,1
3456300,1
2224270,1
3242420,1
2948762,1
3455429,1
2512994,1
2694912,1
2204445,1
1186510,1
2201979,1
5029109,1
201337,1
1409591,1
284999,1
1173264,1
5101152,1
4956706,1
2078895,1
3650321,1
1105831,1
3822172,1
1490665,1
3130543,1
740603,1
5548111,1
3344721,1
4700924,1
5260306,1
3643031,1
1220628,1
4733617,1
1408691,1
2315340,1
2884075,1
1897357,1
426149,1
651636,1
1301237,1
2614052,1
484372,1
4997891,1
3915801,1
58999,1
4359109,1
3819437,1
1213166,1
2973555,1
4966684,1
5367387,1
2591674,1
1443052,1
3924989,1
621658,1
4978668,1
4762710,1
2909168,1
1849263,1
3049679,1
1767993,1
4818957,1
3945386,1
3609529,1
3833097,1
3704198,1
5501112,1
1914534,1
1520955,1
646729,1
5186340,1
4633358,1
430525,1
1542713,1
4579645,1
4826782,1
1313961,1
3037249,1
2010165,1
3501832,1
4910000,1
2573861,1
1030744,1
5071921,1
2883209,1
2931707,1
2999248,1
2141881,1
4189528,1
390101,1
4113970,1
4405779,1
346366,1
88743,1
1670936,1
4895594,1
2043380,1
331890,1
4151275,1
1833502,1
4550390,1
2050885,1
2956177,1
523427,1
3455223,1
1695643,1
3030094,1
4629730,1
4440312,1
379895,1
5362814,1
591012,1
5359502,1
1577350,1
3821038,1
4243377,1
3350385,1
2759228,1
975594,1
1163179,1
4386030,1
4303963,1
2835768,1
561659,1
5211438,1
5356599,1
198364,1
2100674,1
857091,1
1547270,1
3948570,1
1045982,1
2219203,1
5119350,1
643115,1
137603,1
5029027,1
4839795,1
4072234,1
4648138,1
3219912,1
4272877,1
2196471,1
4143754,1
5428463,1
342147,1
4885384,1
5059416,1
34630,1
2283250,1
466426,1
3499,1
1230084,1
4632660,1
3029423,1
2248859,1
544133,1
203875,1
5169468,1
815655,1
2029158,1
159865,1
3555734,1
2010952,1
5467259,1
1393171,1
4030196,1
1977243,1
5518837,1
860798,1
2090001,1
1951137,1
4716357,1
4733439,1
1464822,1
276205,1
722701,1
907946,1
791884,1
2532690,1
2464677,1
1480846,1
1477905,1
4812891,1
5375337,1
2375505,1
1077445,1
2767905,1
387010,1
3590489,1
852249,1
4934218,1
1375261,1
2248652,1
1479584,1
2611814,1
5234428,1
3614492,1
3101949,1
1809626,1
266404,1
4817453,1
2914744,1
1668609,1
941514,1
2843357,1
2024351,1
4591592,1
3076572,1
1957109,1
2457169,1
1844771,1
5037671,1
1581280,1
501507,1
460058,1
1221135,1
4810706,1
874241,1
1625308,1
898958,1
2800226,1
4832144,1
759545,1
2864633,1
2557230,1
3372761,1
4252283,1
794903,1
4137664,1
1787332,1
1843858,1
4439870,1
2532129,1
1592713,1
5554909,1
4372820,1
1435038,1
1156018,1
5233721,1
4980110,1
2915369,1
1481442,1
3737766,1
3793314,1
2321535,1
169940,1
3544237,1
1606575,1
4979195,1
5125561,1
2491330,1
5005563,1
3422621,1
2240079,1
1777297,1
531363,1
3682577,1
424466,1
5049092,1
603923,1
4309161,1
3496383,1
3186874,1
3959035,1
3764399,1
547334,1
2572923,1
618416,1
1447372,1
1891737,1
2092921,1
4923504,1
3056298,1
952834,1
2319953,1
3016798,1
714039,1
178685,1
3236329,1
4752904,1
3962115,1
4570087,1
4312587,1
742043,1
1807680,1
3213936,1
1342125,1
2401351,1
1069338,1
2339284,1
5136409,1
5047839,1
3070224,1
260869,1
2491350,1
4257866,1
4009525,1
4476960,1
1593492,1
2513441,1
3189304,1
4361912,1
4126594,1
1551989,1
686936,1
1749664,1
4020196,1
1306729,1
4130131,1
1963770,1
3691738,1
5227466,1
4270932,1
4517566,1
445457,1
4175858,1
1363551,1
2572245,1
1211904,1
4965836,1
2743912,1
5382182,1
5178890,1
254350,1
1237337,1
1576550,1
2593783,1
5001369,1
1164808,1
3568314,1
522331,1
111928,1
3821369,1
1093237,1
5298299,1
1208854,1
4139128,1
2130951,1
3575601,1
3734075,1
1904007,1
6523,1
3350958,1
2155694,1
793283,1
1887482,1
3522428,1
4267561,1
5443385,1
457159,1
2850565,1
3673955,1
5061164,1
5518666,1
3174987,1
173523,1
4447021,1
4550630,1
2648815,1
776167,1
3263174,1
3999629,1
5127048,1
4804857,1
4164237,1
2249949,1
3372466,1
1135764,1
4708216,1
3799009,1
2069095,1
1246597,1
4771982,1
5167086,1
1599543,1
1546301,1
5530183,1
975680,1
3579522,1
424205,1
5495961,1
5439682,1
5369227,1
2086296,1
1094857,1
4333520,1
105968,1
3775272,1
1589461,1
2405304,1
4956707,1
238660,1
4132990,1
4131625,1
858043,1
3143407,1
5542293,1
1608071,1
3527269,1
1674180,1
400133,1
595288,1
4071095,1
1541699,1
5431032,1
3087052,1
927080,1
3221303,1
4060806,1
853251,1
1117100,1
2161793,1
251295,1
2955639,1
327733,1
512851,1
2575375,1
5514132,1
2874962,1
2225995,1
2969041,1
2068948,1
5305520,1
3963225,1
5506103,1
1062987,1
2292496,1
2333286,1
4868660,1
2596814,1
3448710,1
2084666,1
278379,1
1647082,1
341110,1
5031681,1
2832343,1
5497650,1
2685909,1
4927194,1
2551715,1
2582089,1
601056,1
1028625,1
1068298,1
2586013,1
2415097,1
5544514,1
3609857,1
718685,1
4100980,1
1792770,1
2646347,1
3676258,1
3780774,1
4927129,1
3686650,1
4959361,1
3496528,1
2943483,1
2278717,1
671575,1
3954262,1
3981481,1
546329,1
351401,1
862823,1
3010874,1
5414384,1
4137497,1
225299,1
3922955,1
4830867,1
4915123,1
1656815,1
707225,1
3624387,1
5348307,1
3118816,1
1063467,1
116449,1
1477147,1
602246,1
2057595,1
4607646,1
73285,1
4774368,1
1468354,1
904928,1
2449414,1
2714967,1
2627629,1
4633327,1
3803659,1
515896,1
3604321,1
675298,1
277604,1
2331244,1
619609,1
484836,1
852710,1
1703951,1
2954735,1
1178589,1
4492201,1
517287,1
2135429,1
4964817,1
814168,1
3295416,1
649219,1
358526,1
4248988,1
4953123,1
1101348,1
3116680,1
3696391,1
2783503,1
2379076,1
749725,1
1335178,1
774573,1
2164803,1
5480209,1
3048255,1
5351741,1
450424,1
5294300,1
522818,1
763495,1
2849699,1
4838696,1
4414277,1
2941103,1
1223521,1
3736841,1
648859,1
5433008,1
2522307,1
5155686,1
676964,1
2804380,1
1521716,1
2530992,1
3015537,1
2871648,1
4950624,1
5012256,1
3736856,1
2501111,1
5270786,1
5522499,1
4439426,1
5535879,1
587922,1
2061282,1
2981563,1
1230404,1
1043921,1
150298,1
1773802,1
1194142,1
2972409,1
4790480,1
4351667,1
2180957,1
3510984,1
834948,1
4407675,1
116269,1
259006,1
5362381,1
806239,1
3277224,1
266735,1
3749185,1
1581688,1
4435395,1
919384,1
661405,1
5240523,1
3614472,1
4506536,1
5293082,1
5113354,1
196973,1
819737,1
5186039,1
3136265,1
1530833,1
4108068,1
3719525,1
5454703,1
3293025,1
49792,1
3368163,1
3834865,1
5206434,1
352928,1
2299054,1
219669,1
2842579,1
2664791,1
622524,1
2608623,1
291564,1
3136381,1
337513,1
5050707,1
3964270,1
4787253,1
5257176,1
781389,1
4910076,1
5467366,1
127928,1
3012316,1
820047,1
5051934,1
4589776,1
4818891,1
1591662,1
4593108,1
5215412,1
1063339,1
3037621,1
1064089,1
5128974,1
4110459,1
206128,1
154303,1
4413109,1
1261845,1
4917119,1
3115068,1
1454085,1
3432236,1
6699,1
131310,1
686331,1
2465382,1
3400531,1
344076,1
840923,1
1694296,1
2988944,1
2174832,1
4214157,1
2893941,1
3462757,1
5273298,1
875144,1
529130,1
388405,1
3604121,1
3210307,1
845129,1
4765604,1
3173574,1
2545901,1
1598956,1
3389325,1
5535598,1
2691741,1
1123344,1
3809872,1
2798476,1
3398702,1
89551,1
1236339,1
1054098,1
4559641,1
343451,1
3248992,1
3338107,1
4851105,1
2749787,1
5126102,1
4852950,1
2573954,1
2812074,1
2798582,1
1417149,1
2549689,1
670261,1
920892,1
2922626,1
5401769,1
4605838,1
4869324,1
4691760,1
4493915,1
5160951,1
2944395,1
605412,1
2516290,1
983704,1
5198919,1
2575401,1
1754125,1
5490835,1
4459202,1
1070600,1
3758982,1
523807,1
3717582,1
4942095,1
5035386,1
2654578,1
5359800,1
2103439,1
263092,1
3975124,1
4177405,1
1483397,1
2898129,1
1029703,1
22071,1
5283691,1
4957260,1
1865432,1
3763883,1
4938782,1
3196479,1
3494949,1
5449488,1
79287,1
3850880,1
4102584,1
2869875,1
4548540,1
240268,1
5346371,1
4815086,1
4084628,1
729887,1
1316377,1
1429319,1
1285300,1
4894124,1
5077816,1
888989,1
2208331,1
4826604,1
1793656,1
4338070,1
5431988,1
640439,1
1025542,1
142831,1
1369570,1
634429,1
5434917,1
1218537,1
63310,1
1385291,1
5367150,1
4278830,1
4563528,1
3407648,1
1240264,1
5058923,1
2812041,1
4574079,1
4632325,1
2307095,1
4350406,1
1240296,1
986028,1
4480123,1
1343079,1
3935938,1
1150796,1
994128,1
3615870,1
3759503,1
1818499,1
34670,1
2214294,1
2587624,1
678239,1
242294,1
2284049,1
5131333,1
1993932,1
1311751,1
2840159,1
5447599,1
5280997,1
1140187,1
1376476,1
1495639,1
2272571,1
2469126,1
3150987,1
502570,1
4240072,1
4486775,1
3060827,1
4545699,1
1672849,1
136503,1
1715362,1
5186091,1
190649,1
2516113,1
787011,1
738357,1
4539422,1
3355029,1
4381699,1
2463051,1
5201485,1
4561210,1
3921338,1
3245427,1
1197745,1
4340790,1
254647,1
4953538,1
1745425,1
3466611,1
4028830,1
4798963,1
5207945,1
3123627,1
4755623,1
5402003,1
897419,1
4738658,1
3864166,1
4630641,1
3048057,1
2530178,1
5425174,1
1073057,1
3475731,1
3257414,1
1556865,1
3034637,1
5147858,1
3802668,1
4393012,1
928242,1
5166350,1
563220,1
1621833,1
371205,1
5533710,1
3599166,1
502046,1
1570231,1
51984,1
2163294,1
859907,1
2786705,1
5219622,1
1716543,1
3059542,1
3293010,1
628954,1
2993452,1
5143483,1
2867819,1
2942844,1
138514,1
2702011,1
1079688,1
2601859,1
1869354,1
5179988,1
1978948,1
1448412,1
293765,1
1938420,1
4381224,1
3867517,1
730662,1
2683799,1
5238272,1
4192637,1
2781493,1
4099580,1
4556066,1
4269776,1
618173,1
3768689,1
5172226,1
1361216,1
2340231,1
3022687,1
2782455,1
2242460,1
4115456,1
1882848,1
3327668,1
5005484,1
1958553,1
3135258,1
146975,1
582763,1
1429124,1
2196149,1
3899419,1
4787872,1
3741894,1
5187476,1
670426,1
2207256,1
489246,1
5558358,1
1387029,1
5363955,1
4603652,1
2094385,1
3985141,1
242201,1
1360449,1
3995817,1
1721626,1
5507032,1
1415887,1
2671875,1
595492,1
421,1
1276551,1
846384,1
4608161,1
4204830,1
184072,1
1856999,1
3507103,1
3499311,1
5275648,1
1881301,1
5049867,1
3619464,1
1396268,1
3124519,1
1984425,1
84288,1
875174,1
921354,1
3312864,1
5432688,1
218427,1
1329168,1
2229397,1
3668022,1
4830070,1
1454795,1
1656174,1
4943585,1
2456528,1
1637836,1
361044,1
692790,1
1535397,1
1292614,1
153830,1
2029831,1
5506116,1
5142918,1
3406554,1
669830,1
3228334,1
2076275,1
333420,1
3304447,1
439539,1
1443253,1
1489002,1
3175371,1
2486457,1
4039574,1
3725135,1
4711873,1
3456356,1
4797556,1
4469217,1
3840554,1
3005889,1
3971969,1
1023699,1
196377,1
1117072,1
5500843,1
1615253,1
3263391,1
3284468,1
3128093,1
4418149,1
3690204,1
4925872,1
3447745,1
2298859,1
2590057,1
288332,1
4057333,1
1502131,1
2779497,1
1049584,1
4387623,1
3808646,1
5167175,1
3534932,1
3788255,1
3646469,1
3380373,1
797992,1
3003608,1
1935868,1
5055467,1
89372,1
5230125,1
1292719,1
1059535,1
426863,1
1368217,1
2796654,1
3157847,1
4753575,1
2774738,1
5407197,1
1205012,1
2115875,1
1561168,1
1322278,1
3497364,1
90720,1
2621137,1
1587608,1
3035432,1
4060214,1
3664860,1
1463101,1
4812897,1
2948736,1
2159637,1
96378,1
5266576,1
1866588,1
4108071,1
325575,1
1076958,1
2811939,1
5140512,1
3948941,1
2992757,1
2383547,1
5296663,1
3186478,1
4506423,1
1965972,1
153126,1
2609969,1
2896482,1
5415517,1
2692293,1
3438884,1
3092066,1
1079798,1
4616378,1
2265618,1
2275027,1
1438137,1
3401130,1
3613052,1
4638144,1
688804,1
222395,1
191630,1
3006255,1
1192760,1
4588737,1
3900375,1
1514029,1
871200,1
138128,1
2683156,1
2640360,1
3173323,1
1477572,1
2417422,1
3684698,1
519348,1
100395,1
2135176,1
4421876,1
2083636,1
4027126,1
1376929,1
511947,1
4533900,1
3994834,1
3064847,1
1663259,1
3214374,1
5545293,1
2006643,1
1349201,1
1091472,1
3561616,1
2004294,1
2218025,1
2766255,1
3115291,1
2471637,1
4221095,1
3462423,1
3234108,1
653662,1
5280068,1
1545156,1
198633,1
2736652,1
3747367,1
3521256,1
3585739,1
2198268,1
2716019,1
946424,1
3673002,1
2671228,1
5073112,1
4929462,1
3213696,1
4164098,1
2416264,1
5048249,1
3989820,1
1675235,1
2358916,1
113280,1
1607979,1
5454993,1
1049435,1
772141,1
1988428,1
4556536,1
5097393,1
4724966,1
1919347,1
4102905,1
2138135,1
90235,1
4757668,1
380560,1
4396909,1
4234046,1
2902918,1
1972892,1
1922148,1
3784795,1
3105570,1
3565733,1
1568038,1
1733928,1
2885108,1
4388439,1
3639265,1
639845,1
5092772,1
5103504,1
4405729,1
3738560,1
3114979,1
2803424,1
3619094,1
4421918,1
4155007,1
138151,1
2194613,1
3279831,1
907362,1
308341,1
4319032,1
470249,1
4744624,1
1028291,1
148180,1
5139266,1
5358441,1
4897807,1
3941733,1
1164862,1
313601,1
5263431,1
4713116,1
3245080,1
93074,1
2832213,1
2683786,1
2664310,1
2727889,1
4427816,1
4458384,1
2581033,1
1082481,1
1359618,1
856848,1
4613795,1
5142463,1
1459953,1
1571393,1
4262292,1
3372613,1
4326863,1
2889847,1
5142963,1
51361,1
375422,1
3862344,1
5049368,1
1279719,1
4075639,1
5290303,1
1397776,1
5184809,1
1765549,1
3525109,1
1366965,1
5214142,1
5051998,1
364998,1
2805523,1
3123560,1
2654716,1
3606436,1
3732652,1
4991961,1
4193526,1
656234,1
860592,1
792068,1
1639314,1
4190011,1
1618684,1
2041623,1
4638409,1
2239476,1
1351094,1
907548,1
694396,1
2813352,1
2513808,1
5110781,1
2296071,1
3740705,1
5174239,1
124581,1
351136,1
3933155,1
1896802,1
3385794,1
4066659,1
2858762,1
3932772,1
526736,1
3844341,1
972363,1
5349137,1
5544632,1
1142118,1
5336542,1
983436,1
4419374,1
326279,1
2571889,1
3249184,1
3350987,1
2490124,1
4560485,1
606587,1
3820184,1
1844956,1
307942,1
5127087,1
4430241,1
879178,1
953978,1
4432264,1
5321636,1
1964352,1
493058,1
348417,1
684531,1
5555280,1
1787837,1
1671095,1
5397715,1
4720504,1
526135,1
4491810,1
3066112,1
2625279,1
2249086,1
3036380,1
3943643,1
4511712,1
2549210,1
5539893,1
373210,1
2301602,1
3793846,1
3382983,1
4896903,1
2307468,1
3565129,1
2188105,1
1540055,1
836605,1
3052234,1
5194493,1
3400538,1
2143111,1
329765,1
3478070,1
5131271,1
3374706,1
156347,1
5336399,1
3007951,1
1422676,1
4528151,1
2934253,1
1489778,1
3727156,1
4324194,1
2251765,1
5508355,1
1558427,1
2819929,1
4669501,1
2110951,1
4048858,1
5337400,1
1443164,1
3537967,1
504368,1
1787970,1
951696,1
4273883,1
3085928,1
3927789,1
3933625,1
2318898,1
3871165,1
1456244,1
4401359,1
2115726,1
1903801,1
3487137,1
1482059,1
3769393,1
3458658,1
334734,1
3360415,1
3054205,1
3193856,1
4207467,1
338747,1
1242433,1
13270,1
438216,1
735964,1
1918802,1
516934,1
2679495,1
1482241,1
1422092,1
3233925,1
2190323,1
2340940,1
5292512,1
240015,1
4889279,1
1942593,1
566089,1
2376641,1
3735352,1
4559461,1
2286647,1
3412303,1
2230751,1
2971606,1
1209659,1
3305224,1
3415283,1
2897713,1
1791946,1
3957746,1
194657,1
4689160,1
2460797,1
4077365,1
1884935,1
173781,1
549828,1
836365,1
5253389,1
1493089,1
880091,1
1359288,1
2823027,1
2384560,1
5516546,1
419520,1
4905364,1
4000650,1
2399879,1
4124929,1
2220084,1
3083482,1
5501176,1
844571,1
2627601,1
5004622,1
3548895,1
5440253,1
3139408,1
5318184,1
4889920,1
5442922,1
4320554,1
4553451,1
70566,1
1437413,1
853248,1
3320723,1
2235863,1
810871,1
4758572,1
993474,1
3409567,1
157148,1
761880,1
1290027,1
1109396,1
4873495,1
934823,1
5329276,1
5051971,1
1376838,1
5304840,1
2958210,1
5074540,1
501862,1
1626383,1
648191,1
5133690,1
419127,1
5210493,1
4220203,1
4302001,1
1988295,1
4127539,1
1029070,1
4915105,1
1923687,1
1595861,1
4408970,1
2165908,1
4148937,1
1908334,1
3510600,1
4146997,1
2965546,1
2908320,1
5224987,1
3192741,1
1873092,1
410795,1
1938099,1
5297855,1
1349145,1
966985,1
1910771,1
3197984,1
2082343,1
3015877,1
18946,1
2078108,1
4041024,1
4692380,1
5479879,1
2419864,1
4884016,1
3439046,1
5058154,1
2095309,1
1612030,1
4981253,1
1593607,1
3638710,1
3805462,1
3938096,1
5328377,1
5136566,1
851402,1
4068092,1
2622748,1
3487738,1
2605852,1
308936,1
5134997,1
2654486,1
3944857,1
801042,1
4759516,1
4580182,1
515834,1
1173940,1
3421863,1
3366400,1
5197561,1
3349705,1
1707408,1
488109,1
4444461,1
4483226,1
3446623,1
3163708,1
5535904,1
2793706,1
1143932,1
2166014,1
898732,1
643500,1
4786678,1
1748178,1
175264,1
2598499,1
3752437,1
5054868,1
5421596,1
2117730,1
3276645,1
2593595,1
1506841,1
3236903,1
1275285,1
3660573,1
815082,1
879791,1
2634536,1
1944811,1
1632047,1
2591110,1
476355,1
2845992,1
4019884,1
1291443,1
3284649,1
3806717,1
4572325,1
208037,1
5148487,1
2655449,1
2473501,1
1215034,1
733551,1
5098931,1
2915964,1
1861827,1
2714099,1
5516130,1
1111186,1
2656896,1
2341890,1
5372319,1
1754713,1
457743,1
3298913,1
8977,1
857942,1
4465640,1
5449391,1
917780,1
1655600,1
1606640,1
4457736,1
1217165,1
972355,1
4634599,1
2949196,1
587884,1
2937904,1
3466310,1
4081661,1
771419,1
1748770,1
254762,1
476378,1
5149290,1
2168667,1
4040742,1
3558079,1
4613409,1
2351874,1
2086731,1
1246704,1
2998429,1
999846,1
1148657,1
3359463,1
1320423,1
3172317,1
3453377,1
702366,1
4463146,1
3313645,1
5464811,1
5297863,1
4939196,1
3951626,1
2177108,1
1602719,1
4146298,1
4786910,1
1155357,1
127427,1
2086308,1
3458200,1
1780405,1
2298179,1
4495505,1
1252141,1
3591644,1
1219484,1
3859531,1
3054299,1
2586811,1
3157947,1
1147571,1
4533676,1
5040500,1
1803736,1
2444376,1
2993531,1
2591960,1
107625,1
1190954,1
1285084,1
3088469,1
5115534,1
558023,1
1621622,1
318365,1
2087639,1
1676992,1
362443,1
4141519,1
3949843,1
509631,1
3114089,1
4738504,1
4386563,1
4275051,1
35216,1
4536022,1
720229,1
1520285,1
1775348,1
5165626,1
4653272,1
3714520,1
689558,1
671243,1
2813779,1
3336151,1
1007047,1
1450395,1
2141728,1
735695,1
2891051,1
3692108,1
1606152,1
3800990,1
4150645,1
4361663,1
93864,1
3214775,1
3533867,1
5308082,1
3718500,1
1041282,1
5547685,1
5530181,1
3990733,1
5147315,1
4685724,1
77528,1
2597851,1
4787087,1
934886,1
3420137,1
2456999,1
5286798,1
5241819,1
437764,1
2813595,1
1497076,1
1471988,1
1154500,1
4816059,1
4768133,1
1828761,1
1013754,1
2698458,1
215379,1
1254177,1
491732,1
874461,1
3777165,1
1813546,1
1283253,1
4645533,1
540169,1
4740259,1
1249785,1
2022302,1
4550832,1
4646087,1
1379482,1
1082508,1
1752805,1
610131,1
898523,1
4649596,1
3077786,1
3616961,1
374815,1
1662757,1
5521652,1
5095085,1
2239979,1
4921756,1
3016591,1
4143776,1
4305253,1
2188148,1
787303,1
3690742,1
1168805,1
3843789,1
3310051,1
1363112,1
3884009,1
3213693,1
3739424,1
3776914,1
2579314,1
5452861,1
5264957,1
3312962,1
4126640,1
5040705,1
4593397,1
5387808,1
960082,1
1583117,1
3751440,1
4013178,1
2269559,1
1711809,1
576699,1
1167077,1
3628532,1
2911218,1
4558512,1
3374460,1
3434377,1
2302894,1
1738410,1
5537822,1
5471395,1
3517989,1
5144284,1
270125,1
5226493,1
4520331,1
2957416,1
3357249,1
921273,1
2348769,1
2405181,1
4901017,1
4298501,1
2233904,1
5013492,1
1084360,1
2291956,1
3604712,1
3850794,1
2709595,1
3897948,1
1497807,1
5398109,1
2241327,1
4927115,1
5420085,1
2648718,1
4899025,1
5075152,1
3236760,1
1115996,1
2833414,1
726544,1
4440064,1
991119,1
1393930,1
3429449,1
5254111,1
3335388,1
3772227,1
4928541,1
4559460,1
2625489,1
5548164,1
3414364,1
4891784,1
4353952,1
1433405,1
1620535,1
5326327,1
1710832,1
1662738,1
3706136,1
1278362,1
110062,1
4135334,1
4334070,1
2401378,1
1105857,1
5128118,1
5333914,1
1641907,1
4200646,1
228434,1
1186720,1
3803864,1
5080753,1
3796800,1
695825,1
3984766,1
4389316,1
1528343,1
5510630,1
4757361,1
1449810,1
2029824,1
9477,1
4341169,1
2802696,1
5533516,1
4897250,1
3906034,1
564117,1
1187117,1
5330761,1
741916,1
54762,1
596536,1
1715626,1
4746037,1
4299734,1
1600862,1
266958,1
5414370,1
1674302,1
4974095,1
2085202,1
347111,1
2482427,1
5078739,1
455657,1
1594867,1
2707313,1
4434569,1
5166773,1
4411165,1
3072921,1
2800828,1
79348,1
2785255,1
2757693,1
2855435,1
4743467,1
1737402,1
4179542,1
304647,1
4972793,1
5406637,1
190593,1
2159795,1
1574674,1
1808750,1
2550367,1
1302720,1
3195144,1
2183741,1
3242569,1
651605,1
3011925,1
448097,1
3091050,1
4809012,1
533625,1
3884291,1
251426,1
4303222,1
4764328,1
5005322,1
1715442,1
4414006,1
1048344,1
5535783,1
1275261,1
782067,1
2234890,1
4989357,1
3069973,1
4531090,1
79614,1
2457223,1
5095315,1
4277330,1
2426499,1
734762,1
3796827,1
3940826,1
3037583,1
5383467,1
1866559,1
947924,1
2998873,1
4016138,1
1670824,1
4593270,1
4636752,1
1333682,1
5055619,1
4193807,1
4856258,1
5175395,1
4214592,1
344594,1
174839,1
602658,1
2445162,1
1817024,1
2460388,1
5090931,1
5419679,1
4256792,1
299835,1
3988420,1
4054054,1
4787647,1
1797088,1
3270676,1
3868665,1
2250117,1
3882323,1
4887645,1
5257007,1
2136947,1
3225908,1
4010515,1
3535270,1
2161559,1
3752604,1
359351,1
2545149,1
3865797,1
2608781,1
3430521,1
5280154,1
5399093,1
1651425,1
708288,1
613529,1
3695405,1
2097563,1
5159612,1
4422764,1
4499979,1
3750001,1
3867237,1
511425,1
3487326,1
2894288,1
5085785,1
849511,1
4449096,1
1077292,1
4951586,1
3053334,1
4488761,1
3136224,1
2994225,1
173191,1
4867609,1
1264843,1
295772,1
2240704,1
4956207,1
1783280,1
2092586,1
5089267,1
3624110,1
2274042,1
5394112,1
5460143,1
5163002,1
3317434,1
4421741,1
5296869,1
3782592,1
4744934,1
2874199,1
5323282,1
1665892,1
3347479,1
5466801,1
886455,1
804904,1
1214411,1
3777009,1
546711,1
391374,1
137186,1
1152270,1
2701134,1
2578950,1
3673874,1
5500496,1
2201159,1
3892657,1
2496385,1
3668854,1
2267325,1
389771,1
3476623,1
309899,1
4123599,1
3783830,1
1658872,1
4093106,1
2552105,1
1099561,1
3832649,1
236102,1
3460073,1
4103130,1
854846,1
2175109,1
2919093,1
2928334,1
5235038,1
1977744,1
882843,1
1520287,1
3193009,1
5092747,1
5109640,1
2884038,1
330098,1
4377690,1
1863758,1
2114007,1
3256086,1
3591909,1
4569365,1
4246772,1
434000,1
594009,1
3662633,1
961086,1
3957051,1
5507949,1
3969132,1
3338363,1
4659980,1
1908906,1
5503890,1
1589147,1
3312467,1
2848863,1
1192209,1
1342919,1
1116662,1
1917536,1
2447875,1
3476807,1
4687356,1
691520,1
3441157,1
664757,1
980889,1
4731668,1
513046,1
5069702,1
4127538,1
5121705,1
1284667,1
3314873,1
563243,1
5236178,1
1639286,1
1327014,1
3128278,1
598374,1
2237110,1
730824,1
3712105,1
3940988,1
75401,1
999717,1
3593781,1
4116335,1
361460,1
3886510,1
364774,1
3733365,1
69703,1
1092522,1
2050419,1
2243531,1
4049925,1
4205524,1
2372146,1
974513,1
704041,1
681199,1
3911620,1
1796647,1
5284126,1
1608274,1
3056333,1
886457,1
1517624,1
5397383,1
4136120,1
3688359,1
2750075,1
1970969,1
579330,1
2552334,1
2129042,1
4833980,1
886335,1
2857994,1
491864,1
4397144,1
2938961,1
213445,1
1932983,1
4158562,1
2242646,1
5261505,1
1713543,1
790440,1
1620178,1
3407376,1
221253,1
564910,1
4879730,1
3099124,1
222440,1
804124,1
2140079,1
196827,1
4054302,1
5030205,1
4057986,1
5204152,1
2659566,1
4265545,1
5249424,1
4327949,1
1896388,1
1517625,1
4598239,1
1165686,1
3702031,1
2194578,1
1526366,1
4991825,1
226970,1
5256589,1
3334142,1
3195955,1
1207089,1
3399144,1
3733515,1
4336234,1
4700057,1
3052613,1
1141002,1
1594572,1
1453091,1
3824451,1
5178704,1
4204659,1
3372098,1
235552,1
1951180,1
773694,1
4497679,1
5213934,1
3244725,1
1133653,1
1621096,1
4722517,1
125212,1
5135231,1
1231503,1
3373632,1
3299915,1
2375026,1
4327979,1
440192,1
2510152,1
5238824,1
5470717,1
4923406,1
2707217,1
3283025,1
3805587,1
3120912,1
4922885,1
2693445,1
1020389,1
816880,1
2476,1
642892,1
898999,1
4167627,1
3038101,1
3680288,1
4327530,1
577225,1
2506454,1
1515724,1
4856630,1
3008508,1
5519944,1
1570010,1
3589771,1
4715866,1
121783,1
4247838,1
321042,1
3451655,1
3766308,1
4476728,1
1300751,1
3765635,1
3482307,1
2586003,1
4703030,1
666925,1
3240813,1
3116995,1
861780,1
526387,1
761938,1
2404443,1
862746,1
3140487,1
999815,1
329503,1
3320862,1
2036167,1
3318081,1
3324829,1
5159628,1
2938603,1
1177263,1
2960476,1
604679,1
4343994,1
3826730,1
3290638,1
4381682,1
4890682,1
4264341,1
5520882,1
1051340,1
4241966,1
30874,1
3219299,1
2844284,1
2753213,1
5421541,1
3230655,1
3744218,1
2529771,1
1037858,1
1059674,1
4821298,1
2609056,1
3557264,1
4644545,1
276421,1
2884819,1
898211,1
2212334,1
1912391,1
3052277,1
5488329,1
1372632,1
3954595,1
4482686,1
4103016,1
1707335,1
1484020,1
5084212,1
3051905,1
1252101,1
67507,1
1236718,1
4307433,1
3679797,1
3858170,1
4082109,1
803909,1
1217904,1
1493590,1
2831019,1
4449995,1
1100011,1
2899626,1
1429653,1
1790991,1
4407579,1
2905278,1
5403890,1
3473832,1
2450216,1
2987522,1
5004670,1
1280426,1
4222060,1
2811634,1
3349841,1
5421724,1
1011981,1
1521529,1
430669,1
4314720,1
4654884,1
3753825,1
3697132,1
3595629,1
2031076,1
4807489,1
2310723,1
5403979,1
3297924,1
3620031,1
3076794,1
3406752,1
929339,1
418402,1
1717178,1
4625135,1
4794035,1
2397932,1
5053812,1
489506,1
4668633,1
1029608,1
3814756,1
4164728,1
2715574,1
4139472,1
2294695,1
3904223,1
4612953,1
4773239,1
1685187,1
2806905,1
913293,1
3224164,1
2176428,1
2322694,1
3745300,1
5306284,1
2215024,1
3310774,1
4872789,1
5232067,1
2764036,1
659522,1
4044889,1
502326,1
99742,1
1570781,1
169613,1
804311,1
4341448,1
75696,1
3850483,1
2845841,1
1539882,1
3657695,1
4608487,1
392755,1
2874303,1
5377715,1
343500,1
3318188,1
1337783,1
4436200,1
3915292,1
1548645,1
586494,1
3771434,1
957662,1
3275615,1
1201372,1
4789727,1
4463470,1
4279496,1
4572739,1
1162498,1
2158782,1
1523495,1
5554957,1
4604508,1
5002835,1
5180663,1
5182386,1
2201058,1
1881500,1
2916974,1
1667925,1
4128309,1
4121533,1
216821,1
2587934,1
4047496,1
3310261,1
635640,1
2843628,1
3395686,1
5539430,1
390952,1
1107688,1
777199,1
4550099,1
4770818,1
64081,1
4938974,1
4016853,1
1918412,1
3032799,1
2731618,1
3195125,1
808789,1
3360933,1
4518952,1
2638187,1
2490696,1
431828,1
4195765,1
1536675,1
4653035,1
861312,1
716190,1
3339669,1
1854385,1
3584536,1
5341769,1
1019073,1
208080,1
1584240,1
2028965,1
2064829,1
3279654,1
5464532,1
3690189,1
1983241,1
714668,1
292364,1
347007,1
641839,1
1801200,1
41097,1
1885299,1
3844674,1
4880594,1
553023,1
432842,1
4000494,1
2868755,1
614826,1
3768211,1
618885,1
1422808,1
1498697,1
3958923,1
1563620,1
306644,1
3227345,1
3051436,1
2060902,1
4700512,1
568816,1
4849503,1
4310416,1
4253467,1
146581,1
1414706,1
2555790,1
2468462,1
2295458,1
3619739,1
4520750,1
4233476,1
925543,1
1093168,1
564833,1
2994072,1
1255498,1
1329844,1
5320209,1
104557,1
2013242,1
4493405,1
4143350,1
5367377,1
4409978,1
1363555,1
3500141,1
5410335,1
631234,1
2606217,1
3093777,1
797683,1
5550485,1
1970215,1
1196253,1
4615481,1
4046822,1
1574588,1
4437431,1
256168,1
1442401,1
4430976,1
4914838,1
3585796,1
2312370,1
4627736,1
4055082,1
1549818,1
3979194,1
3505452,1
4521201,1
4038877,1
5500072,1
2723328,1
2144923,1
168849,1
1466367,1
4107311,1
5164332,1
1923761,1
984735,1
5511071,1
4080183,1
1671306,1
1077525,1
742836,1
3020265,1
2024757,1
2861581,1
2900576,1
2334453,1
2845519,1
312083,1
5301439,1
2094124,1
1153088,1
488402,1
2045940,1
2116436,1
17441,1
1060105,1
347753,1
4429652,1
3715353,1
4445398,1
343731,1
3074194,1
4189357,1
4764456,1
4889170,1
3924684,1
883830,1
3859634,1
2822027,1
4426506,1
2396751,1
3825832,1
934065,1
5414216,1
4658445,1
1417905,1
4973339,1
1312077,1
5108997,1
1549851,1
1443023,1
4896023,1
4387836,1
891543,1
2281352,1
3831870,1
2859705,1
4218393,1
4768099,1
768722,1
4672041,1
4638147,1
4750513,1
984532,1
5345178,1
2183714,1
3587018,1
1320310,1
631156,1
3718085,1
1833655,1
4823596,1
4145808,1
2521107,1
5149344,1
1305537,1
599666,1
5403209,1
3050082,1
4854877,1
3717320,1
2215826,1
198562,1
385410,1
4876550,1
5049593,1
3539596,1
3116046,1
406544,1
568287,1
1787178,1
977206,1
2902882,1
3228719,1
5085005,1
1965365,1
4063444,1
81714,1
1461391,1
4219864,1
1308372,1
5524766,1
2903808,1
4896352,1
1307836,1
2802411,1
1611525,1
654239,1
2580668,1
3813735,1
3326447,1
684221,1
4703702,1
1526347,1
1056066,1
32738,1
5016894,1
2987542,1
3889690,1
1598114,1
3273104,1
5499727,1
4431250,1
2464826,1
5011652,1
4862916,1
2891141,1
3283727,1
2543825,1
821237,1
3413252,1
5144208,1
864967,1
3283429,1
444183,1
4555001,1
1853135,1
75420,1
2723694,1
1700447,1
3221940,1
2363108,1
2023253,1
4813366,1
3963040,1
3077633,1
4280207,1
2981274,1
2207411,1
1617820,1
2171359,1
4957783,1
4053700,1
355142,1
5000034,1
262641,1
3361718,1
1739793,1
3346487,1
740674,1
3079490,1
4402982,1
1269194,1
2442458,1
4093089,1
1026951,1
2482360,1
1363118,1
4197925,1
4803524,1
2051251,1
2998956,1
3860122,1
2476695,1
3091438,1
1612110,1
333679,1
4570225,1
4205419,1
2045431,1
3284674,1
4014893,1
2861510,1
5103970,1
1300951,1
3095943,1
5369293,1
1889141,1
2130438,1
4386871,1
1776544,1
901406,1
5126336,1
1623937,1
3432919,1
89151,1
1250808,1
931642,1
2305640,1
290067,1
546761,1
1653108,1
4100023,1
93910,1
5446071,1
1060624,1
3040020,1
283844,1
978490,1
1182129,1
399907,1
1151727,1
2847362,1
513671,1
2173929,1
690535,1
4045798,1
4523248,1
3365301,1
559306,1
3431948,1
557862,1
4672332,1
513249,1
2281470,1
5516823,1
3136745,1
1873864,1
5245739,1
1412541,1
4214998,1
144259,1
872645,1
333034,1
1736486,1
4705063,1
823424,1
3763625,1
5166535,1
1936460,1
2562526,1
3080868,1
4749569,1
2019301,1
4846712,1
1344132,1
203720,1
2307087,1
4857139,1
590270,1
2498239,1
2271188,1
692543,1
2225386,1
5543624,1
598074,1
2660853,1
4836362,1
2079277,1
5194116,1
4363615,1
809275,1
894329,1
1156929,1
4814596,1
4509267,1
4683400,1
4041507,1
3287015,1
2911149,1
1077935,1
1434993,1
1544778,1
2708354,1
553449,1
1120831,1
2192801,1
5551201,1
2288652,1
555577,1
2858792,1
3021741,1
4443559,1
181801,1
589142,1
4701075,1
4086630,1
2812584,1
4964577,1
1746690,1
5499652,1
2223040,1
5463706,1
3258235,1
5302337,1
949571,1
969335,1
968846,1
4968621,1
1623357,1
1938424,1
928928,1
849013,1
3971129,1
3603752,1
2022800,1
5094073,1
4883106,1
5087994,1
5050227,1
710869,1
2995216,1
2835092,1
674024,1
5154046,1
2927830,1
1211068,1
2662411,1
1223554,1
2895182,1
4751201,1
2871365,1
2376355,1
858132,1
4193554,1
4035537,1
4508442,1
405356,1
101794,1
1833189,1
3505744,1
1548976,1
5038636,1
1065735,1
3015232,1
2136403,1
3997549,1
4158129,1
1871854,1
3025864,1
710463,1
1923749,1
2281393,1
4014808,1
3118331,1
2572217,1
2373719,1
4135283,1
717051,1
576388,1
4430813,1
2301500,1
4006785,1
3374336,1
3531765,1
4489632,1
2814550,1
2792435,1
2558886,1
2730828,1
2448657,1
803777,1
3758001,1
2431299,1
4573270,1
3361880,1
3483189,1
196006,1
1962753,1
3486466,1
5361191,1
3507193,1
2704572,1
821934,1
794028,1
4553371,1
127688,1
1413935,1
814797,1
3800062,1
378618,1
5262382,1
1018234,1
5329967,1
2892403,1
4268718,1
4809614,1
877949,1
1796840,1
764020,1
514322,1
3600868,1
4584574,1
1198302,1
4228048,1
3629851,1
5309086,1
2966302,1
2894503,1
48128,1
2301076,1
1965048,1
3843171,1
3212677,1
5137344,1
1657197,1
3629601,1
5317163,1
5351116,1
784681,1
180243,1
2178788,1
2537913,1
802194,1
217871,1
3531681,1
3979562,1
513837,1
4230785,1
4888732,1
4482236,1
4922049,1
2498328,1
5305966,1
699720,1
2589493,1
1501876,1
36733,1
1412237,1
6454,1
5058768,1
821903,1
1449396,1
3200156,1
4312769,1
4482778,1
4322713,1
1782897,1
4789654,1
2028033,1
1452878,1
2153250,1
3616762,1
3961183,1
1260791,1
4539915,1
4747971,1
2740958,1
4825628,1
4862098,1
2960318,1
3357090,1
4110770,1
4199015,1
553277,1
5432583,1
4823656,1
211705,1
1940050,1
4635906,1
5257105,1
5121130,1
4831857,1
488221,1
1173565,1
742954,1
1124904,1
2463834,1
2033691,1
1981838,1
700496,1
4850703,1
4654342,1
3022396,1
2236555,1
3741274,1
484403,1
3932097,1
1163520,1
4526670,1
3933086,1
5503128,1
1959422,1
5144928,1
2872643,1
4873250,1
835806,1
2293538,1
1772700,1
2890111,1
1701550,1
3723045,1
1713953,1
4352979,1
4518566,1
61356,1
5272511,1
15158,1
1743295,1
2304531,1
142314,1
2609910,1
500834,1
5164942,1
3448385,1
4955999,1
5296569,1
3228264,1
4380201,1
1581397,1
322360,1
2114935,1
4197919,1
2651020,1
4240437,1
1521246,1
1923453,1
3374162,1
256588,1
1125074,1
2889300,1
2666195,1
4395549,1
1839623,1
3574121,1
1113764,1
1400984,1
3582198,1
594723,1
1237429,1
1698,1
2204744,1
390321,1
667458,1
1938496,1
3543504,1
2463261,1
1051862,1
1289652,1
1160059,1
3997850,1
1906580,1
4390181,1
4562396,1
3244379,1
4668686,1
655876,1
3102919,1
3075151,1
4355706,1
2929995,1
181077,1
1381458,1
3563649,1
4676249,1
549317,1
1903528,1
5368083,1
1404796,1
4418953,1
1325352,1
4278259,1
4492341,1
2738990,1
129398,1
230919,1
3212755,1
2180775,1
4685294,1
1445381,1
98096,1
3328215,1
4083063,1
3606582,1
4027790,1
1797588,1
5376238,1
1690853,1
5417815,1
5429593,1
787626,1
2728260,1
2400545,1
3916783,1
5540033,1
1733013,1
443687,1
4816256,1
1489885,1
3156289,1
4904997,1
1412546,1
4899737,1
4209814,1
3639200,1
4681292,1
311260,1
2877502,1
370631,1
5024478,1
1315334,1
2823788,1
3978888,1
4015025,1
4565131,1
2343506,1
2868614,1
4358394,1
1186061,1
4274361,1
756270,1
4525180,1
4872152,1
4250830,1
1305040,1
860778,1
1682672,1
1821854,1
333141,1
2883182,1
1773374,1
5508162,1
4276431,1
3006046,1
2663812,1
2119747,1
4505048,1
2370490,1
5213734,1
94868,1
4278230,1
4596870,1
2870299,1
3187112,1
780926,1
379899,1
4104373,1
4918535,1
3554837,1
4242998,1
2234553,1
1463904,1
1180738,1
2612504,1
3808514,1
4396714,1
1966107,1
3253304,1
973493,1
1180850,1
4100358,1
4367879,1
2129717,1
1910137,1
3561976,1
3738668,1
3746185,1
2744094,1
2542458,1
1686936,1
1374239,1
5525365,1
2280811,1
3176801,1
3020296,1
4294638,1
3973099,1
1891754,1
3003430,1
2487905,1
1469253,1
1157441,1
1021954,1
4756298,1
593475,1
2910840,1
1929617,1
3536174,1
4574042,1
3603433,1
1973398,1
2245419,1
2534267,1
5407984,1
5012436,1
2150286,1
240039,1
3166282,1
18856,1
3671401,1
4852578,1
2404735,1
17857,1
3453390,1
3207980,1
4477640,1
5143492,1
1698940,1
2035137,1
851981,1
1088006,1
736850,1
3284923,1
1032729,1
2845291,1
5417146,1
1469900,1
5314066,1
1117445,1
1080311,1
4682762,1
3602410,1
396972,1
2730400,1
2236506,1
3592159,1
5068211,1
1012764,1
1811773,1
1458623,1
4750029,1
2455266,1
177189,1
2533911,1
2540565,1
4555717,1
4438202,1
2658080,1
4642435,1
279898,1
2838519,1
3695851,1
4775680,1
580797,1
598786,1
2665784,1
3269054,1
1074582,1
2948761,1
2223213,1
1120609,1
2344352,1
2060161,1
3339308,1
4717196,1
4277994,1
2568118,1
5505696,1
1509031,1
1110219,1
5436342,1
679424,1
1300328,1
598138,1
3627758,1
2177152,1
856738,1
3200545,1
795875,1
3011194,1
2854962,1
1157107,1
1995686,1
1952653,1
1952150,1
2315817,1
678250,1
1175240,1
564504,1
3553483,1
4077890,1
2408983,1
2371839,1
1854442,1
3095053,1
584996,1
2533294,1
2759103,1
2864856,1
2326106,1
650826,1
748935,1
1026309,1
4801029,1
1270591,1
1777703,1
5288575,1
4487916,1
3585550,1
4421722,1
4907957,1
4152924,1
2942876,1
4689342,1
318312,1
2858239,1
5124395,1
5468949,1
5222727,1
3978688,1
4187186,1
4452317,1
1536885,1
5437969,1
465480,1
2631025,1
5198763,1
4542050,1
1887,1
1231209,1
3192271,1
477399,1
586843,1
3745296,1
974952,1
1417195,1
284274,1
3315075,1
4587980,1
2150029,1
1592022,1
1056003,1
3513163,1
2413534,1
5492406,1
2180072,1
4127489,1
3092192,1
2221140,1
5372562,1
1353574,1
4554558,1
121994,1
4128057,1
921040,1
1240653,1
1697177,1
3654639,1
4271014,1
4160644,1
1611074,1
323638,1
872232,1
3414218,1
153358,1
729542,1
3931637,1
5297633,1
4297210,1
1554679,1
2172582,1
5452787,1
3901470,1
568680,1
4635861,1
2260056,1
764235,1
3602234,1
1403270,1
3362253,1
2461349,1
2322807,1
406578,1
3951099,1
3804090,1
1968785,1
5410723,1
2870659,1
329746,1
1537635,1
2824589,1
1776977,1
2907643,1
4131586,1
3039994,1
3582118,1
3119881,1
4082782,1
2192769,1
4258444,1
1373043,1
2928240,1
2079141,1
5131069,1
254536,1
2691830,1
1056318,1
4190440,1
1811230,1
1944884,1
4115777,1
5196645,1
3385325,1
2878388,1
2829234,1
3587404,1
874970,1
5105819,1
665615,1
4163398,1
1599853,1
3933614,1
5240202,1
2672655,1
2157645,1
1398258,1
4395901,1
523354,1
2775921,1
3859848,1
4100140,1
299817,1
3985788,1
2904216,1
769207,1
5013573,1
936288,1
4469441,1
270392,1
2369792,1
1312984,1
4624640,1
2174919,1
5515459,1
3720788,1
5345958,1
1913934,1
1210326,1
1914450,1
3191172,1
4470097,1
4328062,1
2645902,1
2542848,1
3302744,1
1269707,1
685238,1
5432508,1
2813351,1
5429104,1
4612899,1
606320,1
1211560,1
1734640,1
2208318,1
3708618,1
475637,1
5169729,1
3509067,1
3939180,1
76673,1
3674763,1
4836108,1
140998,1
2343879,1
4396857,1
5485686,1
3226978,1
1199288,1
4729305,1
3036209,1
3444687,1
3279164,1
3683731,1
1798747,1
1007080,1
1517963,1
5038668,1
1820501,1
718682,1
834038,1
1089095,1
2822829,1
3215296,1
1621225,1
5376380,1
4652844,1
2284536,1
3512775,1
1146444,1
4670647,1
4491149,1
338964,1
5099438,1
1537690,1
4500475,1
1217102,1
856911,1
180805,1
2925485,1
2496776,1
313747,1
4150708,1
4572147,1
5261679,1
5145855,1
4921461,1
3760836,1
1682916,1
5305599,1
5469669,1
100076,1
668433,1
2046136,1
971794,1
4359852,1
1040070,1
4364216,1
2583227,1
2857715,1
4429524,1
4377078,1
3518076,1
1228570,1
1714268,1
2528816,1
4099735,1
4045777,1
2354988,1
1651564,1
4262251,1
4863026,1
3652413,1
5016062,1
3402952,1
340896,1
13316,1
2651212,1
3280649,1
4560231,1
3032675,1
3007587,1
4708800,1
3446496,1
3920987,1
2009534,1
3557254,1
4654022,1
646535,1
4058191,1
3613549,1
3051736,1
689720,1
619146,1
919875,1
4226558,1
2851060,1
466070,1
4658377,1
1847029,1
3476838,1
815292,1
758585,1
3480823,1
5071545,1
1581073,1
3270441,1
1620271,1
956602,1
1362033,1
3124573,1
5346963,1
3572207,1
4440472,1
4629677,1
1320288,1
617773,1
1568264,1
2122232,1
4621218,1
3365254,1
3785450,1
706819,1
2890923,1
3509105,1
3002784,1
66437,1
146256,1
2463235,1
1937455,1
539223,1
632244,1
3967007,1
2536375,1
4476359,1
614461,1
904691,1
4658055,1
185429,1
2167761,1
5123490,1
3461715,1
2887768,1
2921317,1
1751263,1
3253974,1
3948164,1
42307,1
1110562,1
2201006,1
186925,1
1903596,1
1216603,1
2414033,1
3430465,1
246387,1
5152162,1
1472868,1
610598,1
4707412,1
5543337,1
1966909,1
1063671,1
213627,1
4826298,1
1183393,1
3126069,1
4393249,1
5141927,1
3588475,1
3831584,1
2185691,1
3124402,1
182228,1
3743563,1
4725377,1
5070364,1
1244117,1
2688168,1
190020,1
5288405,1
1092220,1
1254908,1
2935475,1
2281481,1
656546,1
4035694,1
771321,1
1517125,1
1746203,1
1294007,1
2135825,1
2885443,1
420944,1
577558,1
1603662,1
4458247,1
5466296,1
3619658,1
2583291,1
5067777,1
485221,1
1894722,1
2708332,1
1608424,1
3761305,1
5319272,1
1696459,1
3160355,1
4890866,1
5478681,1
1838377,1
793784,1
4464928,1
749316,1
1834457,1
2581918,1
2198414,1
1361480,1
4867442,1
3172857,1
300657,1
2046109,1
2407330,1
1282252,1
3517669,1
821279,1
1729172,1
1221312,1
2751374,1
3615075,1
3888798,1
5110386,1
150310,1
2521908,1
5237760,1
1029383,1
4666517,1
5508416,1
4481611,1
2175744,1
2486118,1
306756,1
4724854,1
3598918,1
955349,1
3844189,1
881091,1
1830849,1
3480544,1
4408846,1
5263859,1
881765,1
2189880,1
1500952,1
219824,1
5325774,1
2093818,1
3871615,1
3168521,1
4608419,1
4387584,1
3924159,1
3022410,1
646625,1
32404,1
5492202,1
4548711,1
4540580,1
571223,1
2180597,1
1282787,1
4060082,1
3642443,1
4805088,1
2967250,1
3114479,1
2008901,1
3321312,1
4677769,1
5335528,1
2039441,1
4803911,1
2354904,1
3205808,1
1704651,1
4651192,1
5415993,1
5011439,1
5115281,1
4531358,1
155386,1
490369,1
5524185,1
5131415,1
656053,1
1106400,1
2600222,1
3360622,1
273003,1
2046857,1
2674428,1
4724109,1
2220736,1
2400230,1
3063299,1
14235,1
528955,1
4580274,1
4346643,1
1607043,1
3945815,1
5223824,1
1638633,1
3324435,1
2665101,1
934389,1
1523444,1
4617879,1
3169947,1
2085535,1
1846382,1
4153949,1
2276864,1
4390137,1
101401,1
5497558,1
1602901,1
1098627,1
5240850,1
4518282,1
5168262,1
690241,1
129252,1
4149039,1
2724394,1
573751,1
1449931,1
371834,1
4345964,1
1362959,1
4369628,1
998166,1
5509315,1
2852744,1
1548236,1
5380235,1
669155,1
5487647,1
370562,1
2574784,1
1611962,1
116972,1
5155073,1
606009,1
4565947,1
5129050,1
4543281,1
4440843,1
3393645,1
954051,1
858322,1
5106602,1
512909,1
3967522,1
5559170,1
2940712,1
1396565,1
2615093,1
3249402,1
3286768,1
5294966,1
776703,1
498981,1
4566433,1
2381833,1
3473776,1
1172785,1
175380,1
1075881,1
5110021,1
3084389,1
772950,1
4950140,1
5083767,1
109996,1
5339250,1
2353300,1
2397251,1
1975821,1
5138737,1
4129147,1
5463339,1
4034407,1
4895157,1
2139500,1
2667284,1
455676,1
2225488,1
2150143,1
947126,1
4106561,1
2969023,1
1663424,1
1477655,1
331247,1
1331447,1
2494423,1
5473313,1
1683817,1
439792,1
3085092,1
402775,1
2801512,1
3865323,1
3070365,1
4690869,1
5327720,1
5199742,1
85444,1
3036214,1
2700982,1
1747706,1
480067,1
4226991,1
2398223,1
5262007,1
705191,1
5495995,1
305175,1
1893803,1
1583792,1
2527378,1
994645,1
1800780,1
3159067,1
1727925,1
3071221,1
4467059,1
1202656,1
1807888,1
4481991,1
640868,1
5144287,1
4206948,1
4091117,1
2344205,1
2536131,1
2667865,1
2769144,1
3284699,1
2938913,1
4075563,1
1079199,1
3795088,1
1530544,1
1155525,1
1160663,1
733412,1
5244171,1
818212,1
53506,1
5481834,1
5358608,1
2359058,1
4209369,1
4687642,1
4081089,1
558765,1
1487723,1
3754763,1
1018550,1
4934331,1
1820690,1
5432569,1
4539921,1
3293780,1
920254,1
4183402,1
3480679,1
4193306,1
2008299,1
1071094,1
4470139,1
694502,1
5429924,1
5438244,1
4504142,1
262684,1
3443381,1
2596439,1
2751184,1
1371391,1
1024581,1
2979086,1
1822200,1
2573116,1
3128377,1
1812595,1
4603817,1
4756105,1
2664042,1
1540895,1
4225251,1
2783350,1
4895488,1
5453886,1
5121961,1
3790674,1
4861933,1
2357688,1
4270582,1
3826734,1
4372894,1
2207121,1
5342448,1
5358980,1
1118159,1
4655704,1
2653277,1
835173,1
3308564,1
1617561,1
3967110,1
5365087,1
3588406,1
5265756,1
1441165,1
4835361,1
1294150,1
2185895,1
1521894,1
4256861,1
2646114,1
320857,1
31303,1
1770733,1
2087226,1
5302497,1
2502096,1
2126335,1
2779594,1
4851542,1
158546,1
361295,1
638169,1
1113358,1
3338355,1
2210424,1
2152583,1
3083331,1
1792267,1
3344404,1
1470191,1
4946032,1
2052014,1
3045630,1
142522,1
711859,1
5289396,1
4813143,1
271880,1
1934118,1
1943458,1
889465,1
3006631,1
2192166,1
2695376,1
1862259,1
2682631,1
3639841,1
311360,1
5079348,1
2958713,1
5292749,1
4351132,1
4253105,1
2714115,1
3506301,1
5000936,1
4024017,1
1538791,1
5005143,1
4937414,1
5047080,1
5358569,1
861246,1
965817,1
1912606,1
4825074,1
2706693,1
3627126,1
5037257,1
3698863,1
272402,1
5118602,1
1143476,1
2338068,1
5341774,1
5027100,1
3571423,1
2814703,1
273499,1
4965814,1
4954713,1
406977,1
1238919,1
2686878,1
4229167,1
3287730,1
3227289,1
4413779,1
661858,1
4353893,1
2831609,1
2919258,1
3387325,1
2353610,1
3863940,1
3415765,1
4003127,1
177681,1
897365,1
4619508,1
454371,1
4366744,1
3647126,1
2041085,1
3004328,1
3752372,1
3372425,1
2722358,1
1758196,1
2527869,1
1438355,1
4129671,1
2930444,1
3751738,1
4067666,1
38345,1
4749608,1
1690216,1
1465381,1
336108,1
2855273,1
2331660,1
5340056,1
314848,1
3879481,1
4753295,1
2583586,1
1555299,1
1177185,1
3834358,1
4355905,1
675309,1
1511749,1
1131822,1
3593522,1
4257532,1
890099,1
2206854,1
4865032,1
996545,1
136362,1
5421895,1
4538077,1
624599,1
1156295,1
2700563,1
1670942,1
1221866,1
3124944,1
3645043,1
3104605,1
2044735,1
2321769,1
1179507,1
1196761,1
3576336,1
5025382,1
5214436,1
2061141,1
4570536,1
3660302,1
3432796,1
1139382,1
2832129,1
2498270,1
2908455,1
2249665,1
1321088,1
5092925,1
505108,1
2677083,1
4513445,1
144136,1
3708641,1
5194821,1
4201211,1
792499,1
4321163,1
4051793,1
3432976,1
1997247,1
2722274,1
2818409,1
3148150,1
496229,1
3650715,1
2211776,1
4729291,1
4682401,1
3033731,1
4931705,1
2228579,1
1247498,1
3301059,1
3812691,1
418492,1
239147,1
5482127,1
447846,1
2198609,1
4909004,1
4058006,1
2226969,1
1067473,1
4196576,1
111068,1
3877054,1
2911856,1
5296846,1
3722626,1
5271020,1
1530519,1
5517133,1
1364449,1
1797475,1
2421487,1
2150941,1
3157914,1
417462,1
5149276,1
3273675,1
58209,1
1367633,1
4664593,1
3204574,1
226490,1
2316041,1
549098,1
2208645,1
4743462,1
2580681,1
824347,1
1325271,1
1196045,1
2548775,1
1894221,1
1390969,1
1838278,1
686693,1
1842651,1
2837872,1
2346208,1
5157813,1
2263855,1
2449082,1
431538,1
3594099,1
2112735,1
5480408,1
3522311,1
3208751,1
4703739,1
4422547,1
4198722,1
904462,1
4605167,1
3179322,1
5061783,1
533453,1
592393,1
2800091,1
1535342,1
4304857,1
4512838,1
2807595,1
3324892,1
2201300,1
3839278,1
2670708,1
2105846,1
222472,1
4290217,1
3028894,1
973542,1
2294142,1
566010,1
4436390,1
2126026,1
2406952,1
357672,1
2828377,1
2920979,1
5167302,1
4246081,1
2619192,1
4643602,1
2299716,1
4629578,1
111461,1
4391325,1
2843549,1
5474943,1
4096229,1
1386759,1
1601563,1
556239,1
3759973,1
732281,1
3395022,1
3595511,1
741174,1
287683,1
3155344,1
1165341,1
1062705,1
3004987,1
3651035,1
3630950,1
1761646,1
3752350,1
1505340,1
3655319,1
3042953,1
553834,1
3598093,1
1010693,1
2692615,1
5325829,1
216123,1
1906260,1
1588161,1
4479313,1
3473474,1
5394190,1
5283982,1
2863238,1
4126797,1
4276787,1
2176312,1
1294496,1
4405116,1
4152131,1
168655,1
2715896,1
5370827,1
4259820,1
5190637,1
1073140,1
5164762,1
4857258,1
4817107,1
28991,1
4815035,1
1060677,1
2789585,1
3636648,1
4071217,1
481619,1
348914,1
87897,1
2488262,1
3347506,1
3340969,1
3043567,1
5290550,1
1092058,1
4602893,1
3317400,1
5176317,1
4184451,1
3241180,1
1135077,1
1090783,1
1665446,1
2919521,1
1290611,1
3238404,1
4248771,1
10012,1
1585193,1
610523,1
5232785,1
1194130,1
2974788,1
1837692,1
1692081,1
2800204,1
361932,1
5133098,1
3053478,1
4599746,1
4949821,1
2708883,1
2521447,1
416176,1
1913423,1
3869941,1
2925501,1
1166167,1
1668357,1
2196156,1
4147127,1
2856316,1
1251003,1
4627347,1
2066531,1
5331863,1
2989608,1
453177,1
666347,1
4973552,1
4698995,1
3850741,1
610892,1
2298941,1
1255643,1
2174692,1
1168018,1
4058248,1
3514306,1
1014113,1
5434884,1
3429466,1
2683760,1
5113057,1
5214779,1
3009705,1
5281948,1
4884481,1
5099059,1
1703125,1
423164,1
762859,1
2273415,1
3687439,1
3112907,1
3249536,1
3923544,1
5316905,1
3773109,1
779745,1
4124722,1
397331,1
2169269,1
629596,1
3061241,1
1150687,1
2101047,1
3044044,1
89500,1
236295,1
4065111,1
1370048,1
4107652,1
1602510,1
1398909,1
1751649,1
4244820,1
5519042,1
5301744,1
1186101,1
3415663,1
2399770,1
3305913,1
244940,1
3492858,1
11047,1
1873340,1
4733424,1
4568056,1
2028546,1
2095464,1
4732368,1
169967,1
3429327,1
3730036,1
2229263,1
4945431,1
2681058,1
5482877,1
657393,1
695887,1
2335100,1
851675,1
1831924,1
3808693,1
5162646,1
2409335,1
1515698,1
2317114,1
3613504,1
3795129,1
4294207,1
5164498,1
4341700,1
3762161,1
737114,1
1693881,1
4788356,1
303759,1
1650681,1
1440986,1
350107,1
90705,1
2463048,1
4842676,1
3931699,1
3657716,1
1232506,1
3383785,1
575570,1
1150732,1
2033976,1
2366083,1
59541,1
626289,1
4343743,1
4137827,1
5232511,1
4355062,1
3913613,1
4057481,1
3418737,1
409252,1
87873,1
898550,1
4330187,1
4708234,1
5320289,1
664637,1
2044166,1
1137008,1
4256645,1
4298054,1
2765769,1
4562780,1
4004444,1
3684885,1
616614,1
3810134,1
1153395,1
4306638,1
4396813,1
660982,1
5330513,1
3774297,1
2464980,1
2059248,1
816943,1
5395238,1
5287069,1
1235419,1
2464289,1
1006064,1
5008756,1
2680070,1
3633895,1
119860,1
823948,1
4747070,1
1338602,1
1222009,1
5148961,1
4284272,1
251523,1
4163401,1
4492029,1
3810069,1
142365,1
5350235,1
2723815,1
1331247,1
5231443,1
5421214,1
5273541,1
597535,1
3350684,1
1429774,1
2093999,1
2276648,1
2054735,1
2024861,1
2180646,1
221845,1
2844200,1
142119,1
509341,1
801337,1
2645173,1
2284075,1
1948365,1
1356788,1
2221289,1
139116,1
562294,1
1689892,1
1895208,1
3328651,1
35809,1
3555705,1
2418600,1
116131,1
2803638,1
5524846,1
635699,1
1848715,1
210843,1
3537709,1
2721626,1
3239318,1
1889438,1
853670,1
1990128,1
3445295,1
3941146,1
4941273,1
1162327,1
674575,1
159731,1
482080,1
2476560,1
2871885,1
169185,1
4745247,1
1072913,1
4437409,1
826862,1
1060044,1
293363,1
1550929,1
3753855,1
1219940,1
1417456,1
4188924,1
1205751,1
5281198,1
44748,1
4106845,1
2017043,1
2497450,1
3991645,1
1955139,1
3431581,1
109124,1
4461492,1
2739137,1
2219039,1
3369650,1
1435383,1
1682350,1
2690553,1
3798536,1
3122998,1
5053578,1
534726,1
5114410,1
4080666,1
3797435,1
5265006,1
4635680,1
1143728,1
355824,1
1381472,1
5041713,1
3958089,1
4287932,1
3708695,1
2330932,1
715798,1
5416198,1
2735010,1
3246191,1
4615999,1
4242689,1
2847226,1
5268121,1
100837,1
4877650,1
3694507,1
3444830,1
1541237,1
1799510,1
1932412,1
4209587,1
5219386,1
1723917,1
5217389,1
5095564,1
3191111,1
3705312,1
820465,1
4353203,1
3243043,1
1546729,1
4706402,1
1792533,1
666966,1
2744417,1
4810417,1
2157977,1
256054,1
2266985,1
2692186,1
5537370,1
2687081,1
195158,1
5347798,1
803642,1
688511,1
2560571,1
1326794,1
3836453,1
3203603,1
1733447,1
1152208,1
481300,1
3919709,1
1663523,1
1495410,1
3642265,1
1231454,1
447038,1
3610024,1
1902142,1
2176972,1
2077357,1
4446028,1
684089,1
3434196,1
4146715,1
4479890,1
1091991,1
1644918,1
1592509,1
3068205,1
3452127,1
5161642,1
4315150,1
2970015,1
2713459,1
3728797,1
2785937,1
1362487,1
2948512,1
3510181,1
3164801,1
3132577,1
4153277,1
1710223,1
154064,1
3399776,1
3112517,1
3216905,1
1225942,1
2274854,1
3176211,1
3011805,1
946128,1
472771,1
5414111,1
460126,1
5344202,1
3065254,1
1939271,1
5365996,1
4963143,1
2879479,1
1153072,1
5321328,1
385962,1
3373020,1
4596201,1
533071,1
3496563,1
3335621,1
2098831,1
5247934,1
3647860,1
81930,1
5438167,1
209170,1
2164671,1
471891,1
4035456,1
2152721,1
3605545,1
3877199,1
1691557,1
5367384,1
5107094,1
2334862,1
3502122,1
1008292,1
4506530,1
198517,1
5194158,1
3961912,1
1910047,1
2716206,1
132886,1
1650553,1
4879197,1
3916273,1
3262040,1
5114208,1
605482,1
1706807,1
5360582,1
5445082,1
1179982,1
4456749,1
2707909,1
5266612,1
5321943,1
1486364,1
684332,1
5001360,1
4382128,1
3899346,1
4646994,1
1537669,1
1913261,1
2657750,1
2344372,1
741487,1
1882593,1
4514155,1
2957968,1
4208207,1
3019057,1
4549029,1
5092516,1
2720223,1
2857534,1
3966949,1
2155973,1
4482152,1
156828,1
4235114,1
1933514,1
915897,1
5474271,1
4294795,1
969540,1
2189854,1
4425023,1
4990306,1
4688932,1
4227074,1
5327867,1
3336249,1
43574,1
544862,1
2475685,1
5393955,1
2040141,1
5426885,1
4133918,1
1537247,1
3413736,1
562835,1
1686011,1
3045337,1
4443902,1
2262765,1
558299,1
1127121,1
1028939,1
5225276,1
1081971,1
3042707,1
4513178,1
1905790,1
1335746,1
4944884,1
2991365,1
5449312,1
3513673,1
4959622,1
3551007,1
2155047,1
282510,1
3779511,1
270472,1
1355088,1
3968357,1
160862,1
2325525,1
3644723,1
529272,1
638919,1
3651931,1
2502881,1
600799,1
1964621,1
1371627,1
944689,1
2328515,1
1096655,1
3904158,1
2033938,1
2729681,1
1076534,1
686721,1
4775685,1
4998953,1
3746983,1
1487394,1
1081577,1
1144083,1
1188184,1
1252908,1
1720439,1
924460,1
730950,1
2246866,1
1362554,1
4968653,1
4526036,1
2199569,1
2281701,1
2453470,1
3634404,1
4637497,1
4524029,1
3290962,1
1429093,1
5270549,1
5460577,1
1260147,1
1882443,1
4659439,1
1886617,1
2450904,1
4251266,1
1632021,1
1996664,1
5277810,1
3229072,1
5324376,1
4495889,1
3107210,1
4424470,1
1464525,1
5086263,1
2434729,1
3378776,1
5393902,1
933063,1
3818330,1
429132,1
4238990,1
412038,1
2801755,1
4115594,1
3920798,1
3889492,1
5053126,1
3063641,1
4440119,1
3134266,1
4152804,1
2326841,1
5157358,1
5020217,1
4872483,1
1434270,1
2772093,1
1085270,1
4544012,1
4281843,1
541907,1
595449,1
746689,1
5397556,1
2892990,1
3243359,1
880624,1
407863,1
2451414,1
2198448,1
4937765,1
1823869,1
265727,1
2207588,1
929931,1
4232022,1
1125467,1
3782564,1
552422,1
4132304,1
115863,1
4638646,1
2452880,1
875939,1
1148818,1
5406187,1
2400454,1
4145617,1
4954857,1
2755461,1
5095379,1
2095255,1
3761729,1
3414622,1
3743736,1
2523043,1
4012038,1
1073448,1
4372450,1
1922478,1
4503242,1
4642240,1
2205211,1
712196,1
1409122,1
2807565,1
156343,1
754372,1
2226056,1
5229422,1
3857119,1
1337714,1
2831193,1
5119408,1
4102900,1
4048629,1
4240366,1
3145499,1
4204701,1
1971737,1
5310721,1
3205066,1
4418198,1
573487,1
686490,1
2607980,1
1011966,1
4624994,1
4534993,1
3038533,1
2563355,1
44766,1
3234944,1
2238233,1
4249142,1
2238393,1
2304551,1
565148,1
3690012,1
772859,1
4584658,1
2631822,1
5196081,1
1642225,1
4492558,1
2279661,1
798799,1
5246035,1
4968029,1
2911460,1
1961355,1
1909699,1
639813,1
5461076,1
1168654,1
2968209,1
1699684,1
622079,1
2987074,1
1586652,1
3346791,1
5012260,1
1471112,1
3932366,1
2702775,1
4017489,1
2075329,1
5376616,1
4756747,1
3676321,1
1019001,1
377418,1
2548734,1
4720882,1
2455937,1
3964939,1
5066712,1
4885899,1
2340938,1
851945,1
4149510,1
4669510,1
4054091,1
2312802,1
4375521,1
1212858,1
5185814,1
5337023,1
761956,1
3300845,1
5065659,1
4202493,1
1595806,1
5275292,1
3789499,1
124379,1
2853850,1
2191274,1
1318265,1
1411406,1
749884,1
2871455,1
2657704,1
763172,1
544147,1
4897985,1
3975322,1
1197001,1
5301720,1
508887,1
865467,1
1775961,1
1964170,1
4516149,1
2530509,1
546454,1
4171173,1
5265837,1
4146282,1
2457808,1
818221,1
553985,1
5296037,1
4459429,1
4224425,1
711460,1
1646412,1
3959589,1
966574,1
1153608,1
1198266,1
3606082,1
327742,1
913329,1
1753174,1
1629444,1
5338877,1
2376999,1
3418440,1
282169,1
2172203,1
803202,1
1523,1
1149249,1
174650,1
4578894,1
3355616,1
1771995,1
94223,1
749722,1
4308163,1
1999347,1
4218580,1
2194762,1
3094335,1
4047025,1
105810,1
3604040,1
4890859,1
1089098,1
1450519,1
1689276,1
636779,1
1836822,1
229689,1
3249639,1
3181430,1
3324886,1
613095,1
2350394,1
4210888,1
55323,1
795747,1
3832051,1
33010,1
1457920,1
1777069,1
2571715,1
5238939,1
1515662,1
1234732,1
4323594,1
5472329,1
3356446,1
5505116,1
1092827,1
4226384,1
4323370,1
4799292,1
4525999,1
2973836,1
1235338,1
5479263,1
1932677,1
1944921,1
3358918,1
4625275,1
2634636,1
3693524,1
4254918,1
3010360,1
4731173,1
4980359,1
4466200,1
5522274,1
1381774,1
1043088,1
442812,1
747577,1
1085271,1
4533502,1
3405067,1
2388428,1
1156564,1
1209610,1
4419865,1
3929546,1
5166892,1
5412355,1
4911813,1
4324886,1
5099308,1
2806432,1
4236954,1
613345,1
4386648,1
4263587,1
841093,1
3049518,1
4315211,1
1808595,1
477337,1
3555521,1
2479623,1
2646942,1
1330149,1
3655864,1
2607656,1
365481,1
2804621,1
260289,1
4438789,1
349870,1
1266926,1
3231461,1
4577662,1
5004049,1
4795874,1
5082476,1
5504053,1
3530295,1
4325667,1
5547215,1
2070790,1
1091227,1
2677436,1
4197449,1
405742,1
2662726,1
2425426,1
2664443,1
3199363,1
2828176,1
3678679,1
4008551,1
250468,1
612933,1
1088466,1
351541,1
3377819,1
4716510,1
1871365,1
951673,1
715265,1
4635997,1
3424896,1
2158077,1
1603403,1
2294896,1
3219529,1
2034188,1
4929549,1
4967669,1
2662659,1
2666015,1
3267975,1
3902078,1
3802472,1
3029180,1
2093994,1
4919183,1
1518418,1
4265850,1
2926707,1
795687,1
126172,1
5357885,1
5323270,1
689265,1
1375348,1
3179735,1
856647,1
4986972,1
1114508,1
1645180,1
4488828,1
1244099,1
2867017,1
1932580,1
1193846,1
732430,1
5215058,1
491861,1
3368980,1
1081832,1
2422834,1
3454654,1
99661,1
4186952,1
4347380,1
1194507,1
3390139,1
442929,1
3078037,1
1921664,1
4087907,1
5135955,1
5384981,1
4950553,1
5083894,1
3413723,1
2296528,1
4839831,1
116365,1
962185,1
36076,1
1253349,1
2573613,1
5336615,1
3683456,1
1863933,1
4634864,1
2126262,1
986840,1
1114456,1
3185621,1
2243196,1
2209723,1
5013486,1
180091,1
3644586,1
3808306,1
4881754,1
1150188,1
2211047,1
4121130,1
4582926,1
2747725,1
6746,1
3306787,1
1628062,1
3328549,1
377444,1
1256684,1
4632026,1
4821568,1
1754314,1
5087394,1
4830841,1
1122189,1
2214738,1
383111,1
4007376,1
3077765,1
5152904,1
3048478,1
5471806,1
2606780,1
1089208,1
539360,1
2989299,1
3361627,1
3136335,1
3372322,1
3160606,1
805576,1
5315312,1
4563211,1
2307002,1
1083595,1
1148930,1
155888,1
2378335,1
5329966,1
2174099,1
2780188,1
4758800,1
1729150,1
4556575,1
2394335,1
2653584,1
1182882,1
473531,1
2408781,1
2881252,1
5228370,1
3374677,1
4797749,1
2829174,1
2480387,1
1172165,1
5516083,1
1095392,1
2785933,1
3228486,1
3354660,1
1765582,1
739628,1
1550304,1
2577843,1
1232287,1
1658567,1
2144746,1
2214108,1
1661408,1
2596694,1
941955,1
2980364,1
2870433,1
1464467,1
5388095,1
2339446,1
2393753,1
4373600,1
1026287,1
4757922,1
884206,1
2395756,1
2813454,1
4118883,1
3617471,1
5406141,1
3990405,1
4141557,1
1473163,1
1135652,1
2287501,1
4443042,1
3148756,1
1187039,1
5190987,1
3503361,1
3097472,1
3595061,1
2160094,1
2214427,1
740320,1
3206120,1
1121333,1
4877684,1
4070975,1
5305277,1
4367548,1
1872421,1
2779690,1
5074268,1
1951979,1
1868608,1
4250477,1
1961376,1
4299229,1
1811990,1
4384021,1
3437192,1
831617,1
1272512,1
1346916,1
1866424,1
3919432,1
94601,1
1166624,1
3280515,1
4614949,1
53237,1
3860287,1
2921269,1
1715141,1
2498685,1
806775,1
3196338,1
2817423,1
4190944,1
3694176,1
1083558,1
647184,1
5062374,1
822683,1
970106,1
414730,1
1119722,1
2655118,1
682351,1
3458926,1
5219648,1
1250897,1
3693493,1
5063825,1
2571469,1
5137675,1
2311368,1
5087443,1
2156903,1
2687642,1
3705076,1
4978443,1
4170387,1
2541525,1
2946891,1
4839213,1
3914302,1
2140088,1
2364617,1
4051379,1
2979695,1
2929538,1
4757141,1
4585994,1
4753453,1
2132355,1
467782,1
161095,1
3888676,1
4232482,1
1512299,1
4651446,1
5334621,1
2844529,1
5397865,1
4146250,1
1761806,1
2096097,1
2828513,1
4862750,1
4886309,1
1768503,1
3907920,1
3588349,1
649969,1
4404476,1
4407791,1
294791,1
3551479,1
2273398,1
1631716,1
5042194,1
5165454,1
4881068,1
3933714,1
1043207,1
1488051,1
2657282,1
4712283,1
4781525,1
1324784,1
4419298,1
3235792,1
2659087,1
3597423,1
3744021,1
4419460,1
2093365,1
2231825,1
1804156,1
3288714,1
2962704,1
4540813,1
2978011,1
1703017,1
3054822,1
5389055,1
1343671,1
142458,1
4742405,1
1899960,1
3430643,1
3677506,1
4325242,1
4041325,1
1161986,1
2841664,1
4653368,1
193805,1
3321137,1
2797542,1
1328196,1
906731,1
2351033,1
2579589,1
1115153,1
1196880,1
3899838,1
2032762,1
1666610,1
896634,1
1546639,1
1086451,1
551039,1
2545359,1
258895,1
465364,1
248726,1
4354506,1
4613384,1
4733965,1
1056527,1
86819,1
2643824,1
5053593,1
2973715,1
5274587,1
3774161,1
2744129,1
4284191,1
4913678,1
1883746,1
1039037,1
3815814,1
337320,1
5220057,1
4801547,1
4074181,1
3250953,1
240936,1
4618881,1
4211638,1
5108514,1
1402952,1
1031447,1
5314013,1
3386893,1
3109901,1
3315390,1
3740234,1
1255739,1
4837621,1
1361297,1
3991665,1
4226507,1
5333154,1
4474522,1
308619,1
2455260,1
5030136,1
4277186,1
1753945,1
2890934,1
4134275,1
1278751,1
3604188,1
4706691,1
3970718,1
346692,1
907286,1
3196134,1
2373726,1
3465480,1
3927951,1
190286,1
230492,1
3011071,1
2924604,1
4841710,1
2202843,1
2698779,1
582429,1
3826279,1
1092205,1
303983,1
4433189,1
2932650,1
743400,1
214173,1
3004629,1
1308639,1
3985827,1
2075993,1
1269347,1
3811411,1
512920,1
4697969,1
3852287,1
464733,1
4279750,1
1996518,1
1660017,1
3181726,1
813439,1
2991722,1
3271446,1
3084316,1
4909071,1
1057769,1
3351784,1
5011090,1
1698867,1
2606755,1
2271184,1
327992,1
3411179,1
5460853,1
5488987,1
3531124,1
523003,1
3115079,1
1740197,1
3486145,1
1307405,1
1503412,1
2213945,1
3592149,1
2065907,1
4420744,1
3480482,1
4247963,1
813671,1
3690288,1
1225930,1
4045727,1
5254549,1
2101318,1
4125167,1
4774775,1
3152862,1
2664269,1
4473348,1
3107658,1
856618,1
2807211,1
1212340,1
4798878,1
4221823,1
1071406,1
4150093,1
31797,1
3980944,1
1967027,1
4751604,1
5430233,1
2314589,1
866856,1
682360,1
2743074,1
3501978,1
462842,1
658021,1
1007870,1
121336,1
5264437,1
2234405,1
2582591,1
900347,1
2485998,1
1405497,1
1161116,1
4185706,1
3013452,1
1387141,1
2268549,1
4060909,1
3839538,1
2247770,1
1318067,1
603405,1
3973974,1
3332844,1
193266,1
4811945,1
3921625,1
2346787,1
2685752,1
2492063,1
3951334,1
406737,1
182464,1
1808338,1
1120651,1
3172406,1
1145298,1
3506741,1
549129,1
5535770,1
3365112,1
4384405,1
969614,1
2487196,1
929211,1
4244214,1
173187,1
2875079,1
936428,1
4710912,1
1935230,1
1862305,1
4077122,1
2072780,1
4387769,1
2147749,1
2381462,1
280704,1
1489883,1
2311923,1
2660634,1
4698492,1
4798201,1
1954024,1
4278386,1
391012,1
4937254,1
5057303,1
732172,1
1995443,1
5209790,1
4284016,1
1867794,1
2591045,1
3985179,1
1989248,1
5291588,1
4482835,1
618978,1
4951818,1
3300540,1
5032844,1
4510230,1
4099440,1
5216959,1
2902469,1
4239838,1
2734727,1
1757247,1
1064769,1
1478112,1
192398,1
3831364,1
2488578,1
2450307,1
3193804,1
2858638,1
4453185,1
815093,1
3861881,1
2300540,1
2354887,1
3303120,1
2256177,1
949867,1
2454655,1
5233958,1
4648869,1
3285143,1
2344553,1
4261426,1
5106713,1
3391955,1
1733327,1
4009789,1
4363038,1
944515,1
2216409,1
1291324,1
1283177,1
369676,1
2899521,1
5493956,1
1763828,1
3353389,1
1473985,1
3885917,1
5453514,1
294980,1
2374267,1
433610,1
3488594,1
4452449,1
3868176,1
3958913,1
4997751,1
5153259,1
2851900,1
932047,1
1340129,1
2167348,1
5038733,1
867471,1
5250913,1
2261936,1
3897196,1
834163,1
1144043,1
4560322,1
4209223,1
2375320,1
1016549,1
1920598,1
2288147,1
4478962,1
1319376,1
4703604,1
2381976,1
2624506,1
554251,1
4484263,1
631061,1
922966,1
4270640,1
3279854,1
5177086,1
1705653,1
1260800,1
4798858,1
2480902,1
3202436,1
230760,1
947986,1
1479201,1
5038382,1
821552,1
2361218,1
2964903,1
3113158,1
970892,1
1155478,1
3778040,1
4905376,1
1896029,1
799965,1
944602,1
878833,1
3014342,1
4531653,1
4868886,1
3816038,1
5189967,1
372652,1
3528025,1
4078526,1
2368062,1
5153950,1
1785914,1
3556557,1
2467208,1
4238898,1
5193606,1
4136072,1
1406516,1
1246034,1
4353635,1
299370,1
416134,1
3177913,1
1920482,1
519767,1
1576628,1
278298,1
2008821,1
3154889,1
2852607,1
3770544,1
4679554,1
4895927,1
722865,1
2663527,1
2510784,1
2187634,1
3006800,1
2066802,1
3996143,1
3286251,1
4490185,1
3681805,1
3077711,1
1138123,1
604965,1
485080,1
4085431,1
1510501,1
5120537,1
4931793,1
3576798,1
1203331,1
214407,1
2857494,1
4258403,1
1231779,1
1379994,1
2844481,1
4617965,1
1991395,1
4041811,1
3266247,1
2782771,1
5308598,1
1327450,1
4594871,1
1380004,1
3551958,1
873775,1
5033126,1
1813516,1
1035612,1
5132799,1
3123241,1
2437123,1
3902079,1
2229458,1
2335358,1
653825,1
4725138,1
2175583,1
4751329,1
2524643,1
5330435,1
2494586,1
5295181,1
4522405,1
3290309,1
1984780,1
1015768,1
26983,1
1318817,1
1918294,1
4317227,1
3860321,1
2104469,1
3059186,1
4073381,1
2546414,1
556746,1
5296961,1
833548,1
1403467,1
3213288,1
4069342,1
366834,1
2902843,1
4765706,1
2656376,1
4221119,1
3385143,1
467827,1
4298416,1
4273443,1
488863,1
3085364,1
1635946,1
529833,1
591093,1
3249218,1
791169,1
4423985,1
2649595,1
722591,1
4178273,1
3627638,1
4310558,1
2081372,1
2897874,1
4831853,1
4696176,1
1561113,1
2090240,1
3823844,1
4602117,1
2725100,1
1565670,1
3998028,1
4321916,1
3112680,1
3516342,1
1420080,1
237319,1
4712175,1
1311907,1
5335386,1
4718179,1
291958,1
2232192,1
5373906,1
2057759,1
5437118,1
3360390,1
4794761,1
1555733,1
438416,1
3135026,1
2482010,1
3039687,1
4316701,1
2490451,1
2298969,1
2917215,1
2198351,1
4912171,1
2871628,1
4527299,1
4835557,1
1617639,1
4841403,1
2795254,1
4410253,1
4751006,1
3790169,1
1414808,1
1947477,1
424684,1
3380032,1
3546091,1
5134755,1
1346345,1
1597600,1
2344742,1
1548072,1
1999941,1
4240324,1
5489999,1
4914694,1
2023795,1
602558,1
3330467,1
995614,1
4269854,1
3460285,1
4235602,1
1138519,1
4161161,1
2112295,1
3503404,1
2468743,1
769876,1
2420908,1
943061,1
2583050,1
476343,1
1982030,1
1527075,1
2080426,1
2220508,1
2715874,1
41998,1
3849967,1
1678303,1
2816386,1
4685599,1
4071616,1
654156,1
1781731,1
1787044,1
285363,1
2231924,1
5288102,1
10943,1
546757,1
4688859,1
1448764,1
433280,1
890962,1
1506448,1
4425993,1
52454,1
4257597,1
1203076,1
557113,1
4751283,1
3472624,1
4046276,1
4934858,1
3464635,1
1725610,1
3412617,1
2682807,1
3568941,1
1355729,1
2702650,1
4947473,1
3983378,1
2276466,1
2222059,1
2197972,1
3964120,1
434689,1
3020750,1
5167347,1
1156953,1
1774761,1
377468,1
2145303,1
1022770,1
4877040,1
697790,1
1452356,1
2470983,1
748713,1
1833988,1
2761671,1
4902135,1
2526150,1
3129258,1
924189,1
4271964,1
2476662,1
4614755,1
1597792,1
3481951,1
4600756,1
1822158,1
2502221,1
155860,1
1024231,1
3518203,1
1022969,1
1913391,1
5388544,1
4324979,1
2591186,1
4085744,1
2050221,1
2704150,1
4254100,1
1682779,1
4151084,1
2721058,1
2970443,1
1584699,1
2788866,1
1343669,1
1807783,1
2848520,1
2497454,1
5370353,1
1609372,1
2149467,1
3876338,1
2452999,1
1149551,1
5050764,1
538142,1
625136,1
2662377,1
4445774,1
3132785,1
1389590,1
305664,1
2567507,1
279134,1
4640787,1
5447678,1
1679061,1
205764,1
2774131,1
2776559,1
4544825,1
342045,1
3685451,1
897401,1
1119109,1
3401950,1
3252342,1
1008617,1
4808828,1
2143634,1
3976831,1
254886,1
2725515,1
3534917,1
1352348,1
5185802,1
5236008,1
321555,1
407131,1
4108989,1
1824534,1
884766,1
4132114,1
5551609,1
631397,1
3352983,1
1977295,1
678564,1
3040556,1
3177632,1
3511854,1
5188901,1
944414,1
3200371,1
3129867,1
7815,1
4430271,1
4789678,1
4526064,1
4997472,1
5390170,1
1895536,1
66842,1
872860,1
3199779,1
1582702,1
276531,1
2117960,1
997185,1
869081,1
1792328,1
1561772,1
2439725,1
352175,1
1771645,1
4423022,1
2494990,1
2843561,1
3858418,1
3662944,1
4772958,1
949549,1
4525876,1
174781,1
3701228,1
1758437,1
3777662,1
1914454,1
278669,1
4320174,1
2047645,1
4505227,1
1681281,1
2077638,1
1111590,1
2662740,1
3007728,1
4747595,1
2909950,1
3844186,1
1268911,1
2419851,1
480395,1
5469187,1
4016052,1
1629832,1
3596339,1
415855,1
2196537,1
3862697,1
528218,1
2151696,1
2606536,1
4743314,1
1856566,1
3339769,1
2526501,1
1916587,1
5294133,1
2226128,1
4941444,1
4417856,1
1546471,1
1290173,1
2621838,1
1053117,1
4357875,1
2541750,1
2539171,1
5329671,1
596064,1
5210296,1
4058292,1
3866215,1
4687486,1
2072112,1
3080507,1
3842044,1
5279673,1
2303790,1
3919286,1
3109570,1
866833,1
943765,1
2426058,1
470807,1
1129627,1
1303614,1
5377040,1
1216934,1
3640792,1
4192221,1
2553140,1
417452,1
71358,1
5268562,1
5010974,1
3176202,1
2795992,1
612927,1
5199195,1
2244382,1
660703,1
2385857,1
2173314,1
1836549,1
3797770,1
5198794,1
3043027,1
2201921,1
614575,1
3979362,1
4536503,1
1412803,1
4738803,1
3760625,1
3891793,1
2234277,1
4388241,1
4487123,1
4339943,1
4896965,1
755642,1
3777859,1
1645353,1
989700,1
2323108,1
2229298,1
4906803,1
4723447,1
1241581,1
1936803,1
224331,1
327033,1
4336280,1
836499,1
788349,1
297708,1
130024,1
2503187,1
5343689,1
3695560,1
5239905,1
2715522,1
720958,1
2229058,1
3576966,1
4969452,1
2077407,1
1835063,1
2123301,1
4781440,1
2984513,1
4915272,1
3091018,1
3228387,1
129407,1
1558559,1
1130224,1
1702616,1
5228458,1
1060597,1
1819913,1
5341227,1
2658008,1
3336293,1
1822220,1
5159017,1
5366682,1
4774516,1
1868958,1
2312960,1
3521082,1
4129961,1
5507412,1
2065060,1
1866339,1
650001,1
3918250,1
2660293,1
856411,1
1874211,1
2146734,1
3499258,1
4356732,1
257334,1
527102,1
4276534,1
2870166,1
2671038,1
4962734,1
155297,1
635515,1
52506,1
1656276,1
1035410,1
1344397,1
5043120,1
3800308,1
775960,1
2515874,1
1136481,1
982639,1
4453211,1
3426806,1
2071329,1
600474,1
4851948,1
2308366,1
3513867,1
271934,1
3076787,1
5553441,1
2286067,1
3881097,1
4740847,1
1761509,1
2366490,1
1557367,1
637418,1
3009242,1
3298786,1
1739485,1
3074179,1
423884,1
2712721,1
2068163,1
2905887,1
3394208,1
3689074,1
2351240,1
3690786,1
3091882,1
2811830,1
5480796,1
1877840,1
5417072,1
5350312,1
4775177,1
3550754,1
2215732,1
546179,1
4183707,1
2207954,1
2705060,1
695701,1
4412262,1
1042681,1
1650276,1
3556178,1
1255620,1
2487783,1
4467162,1
4796411,1
414117,1
1318217,1
57109,1
420349,1
4228405,1
4415788,1
3812118,1
1982653,1
3247804,1
1911682,1
2452693,1
924037,1
4435523,1
1237545,1
889829,1
1248572,1
568902,1
4678052,1
721959,1
3115815,1
1965238,1
4099410,1
685378,1
3109434,1
765163,1
4591000,1
1322914,1
4440453,1
2717026,1
2342606,1
1511399,1
5081556,1
1108118,1
4561716,1
1665340,1
4973885,1
5072314,1
2639048,1
2094520,1
2817239,1
1458267,1
4599503,1
2835177,1
1100613,1
453853,1
4630045,1
585108,1
5482318,1
4207015,1
2960344,1
4996396,1
1611982,1
3580990,1
5432764,1
431528,1
4641096,1
2647515,1
2930852,1
3958639,1
1449241,1
5532057,1
1524945,1
2748169,1
3346502,1
2917591,1
900171,1
222785,1
3940344,1
1838930,1
1757333,1
1548669,1
683428,1
1844279,1
1091699,1
1844497,1
4024818,1
813556,1
912308,1
1690345,1
336760,1
2832023,1
848208,1
2317599,1
343672,1
4562201,1
5121183,1
3416442,1
5231426,1
3501722,1
4845935,1
3699041,1
1297999,1
3397949,1
4519395,1
198143,1
2772680,1
1104282,1
1758694,1
3779652,1
1368930,1
1930937,1
1197808,1
3978904,1
283943,1
4667532,1
1566470,1
4654278,1
5546048,1
1276177,1
5274639,1
2512407,1
2689312,1
2937438,1
4646671,1
5331613,1
3977342,1
4870270,1
1899832,1
4824278,1
271530,1
308807,1
399079,1
1392982,1
2403360,1
3189328,1
3568124,1
5266177,1
5539471,1
352378,1
709856,1
2087876,1
4767762,1
1827581,1
4979489,1
2048959,1
978695,1
4708481,1
775944,1
3705687,1
4894607,1
1875263,1
690396,1
817167,1
4171997,1
1135854,1
3793643,1
3947221,1
3720267,1
1794730,1
4304312,1
588242,1
627574,1
1923207,1
1623319,1
1377785,1
1220087,1
792294,1
4258333,1
3172568,1
4851421,1
1244281,1
923858,1
697477,1
3265249,1
5250027,1
1278072,1
825341,1
4488036,1
465435,1
953838,1
4207523,1
1957649,1
5299604,1
43265,1
2121580,1
751199,1
644975,1
3927060,1
2992387,1
5499166,1
1336192,1
4339930,1
3105520,1
234266,1
3007761,1
655088,1
597382,1
820527,1
5500279,1
3316991,1
1832380,1
4550812,1
1763301,1
3121798,1
3214547,1
4372280,1
4297727,1
4933593,1
4030063,1
2296946,1
3788628,1
1727237,1
200092,1
836694,1
1608494,1
2073367,1
153301,1
3373968,1
3371201,1
1545085,1
5506226,1
3116917,1
1593188,1
2600980,1
5198745,1
5210139,1
293090,1
2639124,1
3182937,1
4017518,1
1853922,1
5336051,1
527617,1
137832,1
4899563,1
3577319,1
549788,1
1009371,1
4179421,1
5035527,1
4062733,1
84210,1
1101875,1
5122138,1
1417616,1
173963,1
986335,1
2909258,1
1197312,1
2095534,1
2944200,1
2125811,1
3328488,1
4513146,1
4452390,1
3877767,1
916006,1
2383584,1
511594,1
4542009,1
1172422,1
5394937,1
829765,1
690779,1
4093699,1
872787,1
2081902,1
1107034,1
754405,1
3186473,1
2395961,1
3792270,1
5005421,1
1433725,1
4334763,1
2335959,1
4376332,1
3063687,1
918980,1
3046437,1
5192033,1
857128,1
2819896,1
4089739,1
1941756,1
1481864,1
2470206,1
1113792,1
5097368,1
3637113,1
180334,1
736658,1
4236652,1
3981788,1
2539506,1
3931717,1
3395175,1
1654960,1
1574167,1
2981584,1
5551680,1
2211336,1
3466878,1
2705592,1
5235000,1
617192,1
1186544,1
2255278,1
3186323,1
1723384,1
4255647,1
3330520,1
2092009,1
2516431,1
689592,1
2744410,1
1296397,1
4123765,1
4383007,1
2929705,1
437915,1
1800470,1
5213693,1
31201,1
3644487,1
3365616,1
3570610,1
856575,1
5216898,1
3600125,1
4135107,1
1121975,1
1390762,1
2944713,1
5255221,1
4708792,1
2463199,1
681276,1
4536820,1
467858,1
4035491,1
444110,1
3188680,1
1566741,1
3798719,1
3403541,1
2301318,1
5148446,1
5214271,1
3593580,1
3721509,1
1341188,1
1628665,1
4089057,1
2477906,1
4091493,1
3943274,1
307952,1
3276519,1
2432367,1
1000705,1
3468035,1
1106127,1
5430171,1
4816657,1
428876,1
474424,1
1012170,1
28778,1
176665,1
497401,1
2961755,1
4303441,1
126023,1
1175043,1
4795345,1
1645549,1
540163,1
3950185,1
4961258,1
5348413,1
4305102,1
1304048,1
5496652,1
1104300,1
4034749,1
5545704,1
2340948,1
4635113,1
2420467,1
3169065,1
3065163,1
2064990,1
570526,1
1121413,1
1788579,1
2082616,1
471154,1
5192496,1
3764648,1
4003532,1
3699456,1
728621,1
1070267,1
4267500,1
5471469,1
585155,1
4524414,1
2237875,1
1692662,1
595285,1
3338069,1
3592573,1
3538188,1
2841411,1
1903447,1
4573894,1
3720167,1
4190379,1
5102323,1
1970324,1
2032943,1
557790,1
2757042,1
4947165,1
2508521,1
187102,1
707986,1
831131,1
5402607,1
2644520,1
3983988,1
4777213,1
2290802,1
4567307,1
5061642,1
2029541,1
3944986,1
4339954,1
4811141,1
2442481,1
1264245,1
4039847,1
5408275,1
3072241,1
2889091,1
249796,1
4292230,1
783290,1
1618489,1
481059,1
298352,1
4550355,1
2999867,1
2723189,1
5012457,1
5474205,1
133766,1
2168395,1
4830144,1
1716130,1
3192679,1
3293789,1
2323074,1
370132,1
841429,1
2260187,1
1274072,1
892902,1
890209,1
3541930,1
577277,1
94288,1
4417016,1
4300779,1
1455180,1
2688345,1
5111112,1
3708908,1
459888,1
1965176,1
871983,1
4380989,1
3004964,1
5240301,1
3762625,1
1205141,1
3415050,1
1469684,1
603494,1
4375239,1
691881,1
3047196,1
4255726,1
2666429,1
2645775,1
4608395,1
2371949,1
4668336,1
114321,1
3160899,1
826887,1
5399609,1
4796303,1
3483413,1
4619872,1
3906474,1
4061662,1
856751,1
1988299,1
3891496,1
4344071,1
1546418,1
1553930,1
524726,1
5104093,1
3993803,1
5533634,1
1603588,1
5484391,1
1591475,1
1002623,1
3521496,1
1186557,1
1280010,1
4621055,1
2315260,1
4387988,1
273892,1
5505012,1
5143661,1
3325611,1
3865622,1
1728715,1
563947,1
2556972,1
3753091,1
5019486,1
1902026,1
3839222,1
2009986,1
5338353,1
4520798,1
2902033,1
4245967,1
2302096,1
3689810,1
3557365,1
3678702,1
1454092,1
3894480,1
5443167,1
1916662,1
4910472,1
3944495,1
5491365,1
3163782,1
575051,1
3730674,1
4569607,1
4928474,1
586394,1
513580,1
5293772,1
1855604,1
1342108,1
730409,1
3439725,1
4286319,1
490210,1
2314413,1
1988054,1
3360098,1
3611687,1
2791091,1
3307775,1
1346367,1
1544873,1
5023545,1
4028695,1
2655093,1
1800218,1
4402249,1
227286,1
3762389,1
3840802,1
5501189,1
4009212,1
4637184,1
2169697,1
876076,1
3036318,1
2316668,1
3669075,1
1847753,1
4173353,1
4259396,1
5171796,1
2058880,1
612118,1
153645,1
4424326,1
995308,1
2299216,1
5409839,1
3243509,1
5386023,1
2766549,1
3219931,1
2672321,1
193627,1
3704907,1
4719179,1
1197599,1
4367813,1
3169569,1
118849,1
557983,1
2301853,1
2333715,1
5556180,1
3567202,1
2718360,1
1003707,1
2199937,1
1996356,1
2196801,1
4416119,1
3899787,1
4650760,1
3020889,1
1820852,1
5026972,1
3318391,1
4887411,1
1864397,1
253525,1
1697475,1
2651007,1
4530213,1
3298497,1
1658929,1
2055073,1
2335324,1
3349439,1
1960958,1
3687211,1
704508,1
2136134,1
478535,1
504682,1
2468672,1
4841964,1
3449677,1
2265139,1
95552,1
4472045,1
3876989,1
602827,1
1958557,1
927084,1
4202656,1
1510306,1
2330953,1
1487558,1
4778240,1
4446064,1
93,1
2018566,1
4619903,1
4821477,1
1691146,1
4174393,1
2023308,1
5398922,1
4812626,1
4453155,1
4365884,1
5435965,1
473346,1
4609073,1
2663970,1
1482581,1
211512,1
4773402,1
4426951,1
955782,1
2438392,1
5039203,1
2253377,1
3984002,1
1550256,1
3229624,1
3196397,1
2824020,1
2775700,1
4062283,1
2633194,1
1338710,1
1959720,1
198753,1
4364849,1
4324931,1
3316401,1
920336,1
5055271,1
373739,1
4555040,1
2978025,1
4582285,1
1659691,1
4906099,1
1686802,1
5356792,1
3927006,1
2998227,1
355812,1
3029687,1
2114045,1
1037550,1
2612328,1
430487,1
1441964,1
4927284,1
5225553,1
5264012,1
3042685,1
1714010,1
3571135,1
1403022,1
4382125,1
2944513,1
5547625,1
389339,1
3208211,1
3608448,1
5176692,1
5173804,1
714667,1
504612,1
2889143,1
5373413,1
4802497,1
1020260,1
3226105,1
931462,1
769482,1
1649443,1
1293424,1
3024867,1
1952133,1
2974772,1
4716712,1
977961,1
1114304,1
2603334,1
3590968,1
3438511,1
2980296,1
208863,1
3971210,1
3701796,1
3093300,1
3554496,1
1373891,1
1140845,1
826939,1
2127156,1
5170282,1
2871866,1
2376363,1
2138876,1
3039932,1
805565,1
5509000,1
3514314,1
1844804,1
2640281,1
5012249,1
3468749,1
4278946,1
3171894,1
4870657,1
2083012,1
3840674,1
779503,1
642469,1
152190,1
1704014,1
3209943,1
507670,1
1102866,1
2306118,1
2694124,1
695391,1
4494918,1
1929543,1
5080377,1
606447,1
562641,1
708764,1
2086294,1
3486025,1
3945104,1
1726135,1
985669,1
4223812,1
3505007,1
5330252,1
4626752,1
1896617,1
1497911,1
3944484,1
1397827,1
2714190,1
2677333,1
4880419,1
4777721,1
224796,1
2951874,1
3382579,1
3576627,1
1414332,1
3650033,1
2292908,1
742503,1
3302905,1
3111308,1
4068818,1
857416,1
722660,1
4345802,1
1978877,1
2117075,1
4018906,1
5093380,1
4088401,1
3006797,1
4685578,1
655454,1
3061873,1
4535466,1
2601455,1
1581451,1
3105578,1
5087535,1
797721,1
650417,1
926371,1
4173317,1
5286626,1
205659,1
3545339,1
5004112,1
2908526,1
4806338,1
96152,1
724097,1
2330312,1
986924,1
5206015,1
5402251,1
1067537,1
930726,1
2252891,1
1220324,1
4612486,1
5461938,1
1191486,1
2909224,1
1295654,1
4962867,1
2569055,1
3334395,1
3810976,1
4315969,1
2293291,1
2341677,1
3510187,1
3130058,1
5162405,1
753175,1
895953,1
3403436,1
4509419,1
3875931,1
1630992,1
2897555,1
4445577,1
309790,1
5268217,1
2372063,1
2572552,1
4303319,1
3523223,1
133130,1
4265554,1
4147048,1
3864067,1
3280331,1
4136074,1
1271765,1
4341878,1
4279960,1
4317393,1
1461127,1
691650,1
1911623,1
4485588,1
287472,1
3110934,1
3036528,1
521389,1
151268,1
351725,1
2253019,1
5418305,1
4897892,1
1932804,1
3392062,1
3812738,1
3399349,1
3440908,1
4264169,1
172088,1
831260,1
1052776,1
5218836,1
463818,1
4297822,1
3672164,1
3045720,1
4922274,1
5101235,1
4925911,1
5238211,1
4300402,1
1765479,1
3130977,1
1260759,1
480140,1
540841,1
2933908,1
1902335,1
4775041,1
3622436,1
1904183,1
4401844,1
4864540,1
1572524,1
5517034,1
2866377,1
2209181,1
2776725,1
2634594,1
2406814,1
4660124,1
5126114,1
2197531,1
2019261,1
3341772,1
3379528,1
3611033,1
5260100,1
2339103,1
3583466,1
5078626,1
683137,1
2429296,1
1277996,1
5135609,1
639967,1
4897514,1
1682935,1
4495134,1
3972421,1
171149,1
2566540,1
1755435,1
555807,1
5208997,1
2652570,1
2714550,1
1929478,1
1820621,1
3811229,1
595572,1
892775,1
862477,1
4627504,1
3459254,1
2018470,1
2544729,1
2753921,1
1507477,1
5292586,1
2124641,1
5165839,1
2291339,1
3495321,1
905548,1
2016602,1
3631984,1
684,1
5417166,1
714724,1
2646182,1
1722959,1
282787,1
5446973,1
2970840,1
2430975,1
5256835,1
1202690,1
4636126,1
1924866,1
5256921,1
5463853,1
3010742,1
2150721,1
776093,1
5207539,1
4412037,1
2989602,1
697863,1
2623355,1
905535,1
630801,1
3985274,1
4795285,1
2115036,1
1703498,1
4752072,1
2277860,1
4358074,1
3273042,1
2125112,1
900310,1
2596797,1
4898749,1
1694309,1
2112705,1
5206395,1
3349648,1
3901004,1
884472,1
846444,1
1213762,1
3178694,1
1759355,1
708994,1
5083795,1
948441,1
2919107,1
4030129,1
4838048,1
431503,1
1361414,1
4596192,1
803785,1
1065648,1
5086084,1
2738436,1
485426,1
3895979,1
4414680,1
2056635,1
482758,1
1694888,1
1592764,1
919555,1
3932880,1
3488706,1
4456848,1
2484070,1
2137456,1
625034,1
2563430,1
1835469,1
1629166,1
3798748,1
4787192,1
1492506,1
740286,1
4176189,1
1262152,1
128921,1
4208254,1
179575,1
3585662,1
1819564,1
3034228,1
1327778,1
3554678,1
2468710,1
2427182,1
2081928,1
1976127,1
2659097,1
4383789,1
1865267,1
2869448,1
2769656,1
5510983,1
1916720,1
44327,1
38669,1
686033,1
4610526,1
1093020,1
3151775,1
1653591,1
36005,1
3697936,1
4793351,1
987089,1
440696,1
2147940,1
3518243,1
1497659,1
3018769,1
4913653,1
1725556,1
3105912,1
1102361,1
920601,1
2824461,1
468905,1
4662127,1
5227332,1
2411218,1
3633343,1
2123535,1
1129153,1
3083636,1
2629857,1
1077172,1
4130083,1
393267,1
5210723,1
4418529,1
3224784,1
4037477,1
4352746,1
4235251,1
3461625,1
1485237,1
4547828,1
3694286,1
1509351,1
3508868,1
4133326,1
934430,1
1472285,1
719351,1
4929662,1
1478084,1
3407198,1
2756972,1
330391,1
2468934,1
5451163,1
5304247,1
4916026,1
2840521,1
2857711,1
970081,1
893920,1
1268060,1
2735281,1
496589,1
5115980,1
1679914,1
2761063,1
1286995,1
1411009,1
3321797,1
1898376,1
3279891,1
4027564,1
2022801,1
4219666,1
2459799,1
4797285,1
3896485,1
4800307,1
4513585,1
5412588,1
1474563,1
5509250,1
157882,1
925193,1
269053,1
2705830,1
3836039,1
5119974,1
5345032,1
2708371,1
3253598,1
3780864,1
4739425,1
3736891,1
2496720,1
2345303,1
4193770,1
496947,1
2424859,1
3832361,1
1513202,1
2976568,1
1980400,1
3379162,1
382046,1
2896682,1
2518139,1
1785361,1
41901,1
4125280,1
2591721,1
357697,1
431929,1
4549348,1
4302444,1
2721913,1
2927746,1
1335730,1
536811,1
671856,1
636293,1
1130007,1
665821,1
2194812,1
1966051,1
3627459,1
3747660,1
4667308,1
3412129,1
175962,1
1212366,1
4403352,1
70881,1
1989494,1
1986200,1
874554,1
330130,1
588989,1
4735178,1
1900420,1
1862991,1
4867538,1
3233282,1
1633030,1
1092008,1
2532710,1
2158658,1
92629,1
194751,1
12358,1
1494614,1
3811905,1
4812884,1
5288734,1
2014193,1
516587,1
4455425,1
190723,1
4716949,1
5458421,1
2870788,1
2000081,1
4009918,1
3005065,1
3633386,1
3605824,1
2312017,1
2508520,1
1323949,1
841727,1
4300198,1
3097469,1
549583,1
5423755,1
4171077,1
137724,1
25780,1
3309426,1
5331933,1
1753689,1
3560013,1
102186,1
2037963,1
966443,1
3133117,1
951109,1
2720934,1
5428000,1
2451631,1
4453178,1
379601,1
1229016,1
3486796,1
1679854,1
4919808,1
1092895,1
4971619,1
1008279,1
2219100,1
4666079,1
1217441,1
2852274,1
1224654,1
4059080,1
2569855,1
3209014,1
2192289,1
2657941,1
2914165,1
2666092,1
1677485,1
2331876,1
4161347,1
2989613,1
2278673,1
3614045,1
625617,1
1357069,1
574505,1
3568969,1
672494,1
4531701,1
1055986,1
1814930,1
5362416,1
5472129,1
699722,1
855468,1
1338977,1
3455484,1
1258006,1
4028699,1
992592,1
2123180,1
1339089,1
1852870,1
1029614,1
645579,1
4000822,1
2729007,1
2103863,1
2198498,1
1316281,1
4977670,1
4548659,1
75299,1
4646279,1
5014004,1
811409,1
169869,1
2563968,1
873021,1
5493529,1
4882785,1
460478,1
2498042,1
2391701,1
2002964,1
5104423,1
1467952,1
322955,1
5365440,1
472596,1
3811627,1
1503698,1
1129667,1
4188725,1
2742168,1
2086173,1
4289844,1
3542178,1
1223434,1
2929899,1
4552598,1
4720507,1
2952612,1
3919561,1
619378,1
2380276,1
5387292,1
4979011,1
1741964,1
4548285,1
1455630,1
4807979,1
1401700,1
4193336,1
4868206,1
3665678,1
5197523,1
1480974,1
717811,1
923002,1
3517680,1
2860374,1
2672857,1
5359764,1
3859424,1
3083490,1
2805490,1
4685693,1
1199256,1
5186064,1
986748,1
649190,1
307786,1
38598,1
1680807,1
1340138,1
4278014,1
1593412,1
4542570,1
2992414,1
2272557,1
2396017,1
2912955,1
1236890,1
1920594,1
3593567,1
75143,1
156722,1
147236,1
4043399,1
4915700,1
1551749,1
274519,1
1417714,1
3085438,1
697210,1
120052,1
5351858,1
1295399,1
1283619,1
2832997,1
4774635,1
4062498,1
1652231,1
5088688,1
4663903,1
3521929,1
616113,1
4347158,1
526254,1
2230395,1
2600113,1
251425,1
582208,1
568963,1
4656049,1
626955,1
5167030,1
3123040,1
1807231,1
2531684,1
2903681,1
4622593,1
586556,1
5280165,1
4487799,1
4036121,1
3495511,1
1528598,1
645992,1
4319621,1
1748543,1
778786,1
1273833,1
1492164,1
2377951,1
557648,1
2626049,1
2329526,1
3509984,1
1777520,1
1455821,1
5265476,1
2402615,1
4852316,1
3469545,1
357012,1
5313256,1
4130474,1
2371179,1
3920525,1
58072,1
1512419,1
3500399,1
5358242,1
3409905,1
2226296,1
1369157,1
4219715,1
308380,1
2136301,1
3659203,1
5216045,1
661781,1
3650788,1
137190,1
5170299,1
4141350,1
3242761,1
4550657,1
1465092,1
3614184,1
1182587,1
2017672,1
1466126,1
8,1
2072435,1
1743073,1
768134,1
3878683,1
1347720,1
5421389,1
3059412,1
4953049,1
2429754,1
1242765,1
630815,1
5121665,1
2070013,1
780104,1
3783063,1
658466,1
325055,1
3939649,1
2455479,1
5304195,1
3855654,1
3576072,1
4270062,1
3738800,1
4598431,1
509688,1
487786,1
4455504,1
3652078,1
4230104,1
1520106,1
2578806,1
3879069,1
5028706,1
2175665,1
1458586,1
1275464,1
1069243,1
5276318,1
3583268,1
2686364,1
4566151,1
84005,1
796166,1
2650798,1
4398871,1
2824155,1
1085990,1
2675072,1
5341871,1
1955346,1
1709527,1
2717168,1
2034015,1
100641,1
1472187,1
3628190,1
4171078,1
3477227,1
517939,1
2874331,1
465839,1
4969859,1
193334,1
227422,1
239716,1
995943,1
33965,1
774334,1
2011419,1
2679366,1
1919209,1
3990570,1
4045546,1
3702038,1
2798690,1
2263339,1
3399361,1
743987,1
1633424,1
2015248,1
159060,1
4473922,1
2611752,1
2619227,1
840689,1
5076046,1
719916,1
554796,1
3122652,1
182433,1
1077678,1
519111,1
4062505,1
5203219,1
4770414,1
421768,1
5198730,1
526430,1
4372136,1
4665873,1
1266144,1
4221878,1
1569901,1
1984802,1
3223190,1
4296751,1
2732167,1
2687041,1
3832889,1
2438925,1
5308748,1
4104627,1
5292180,1
1660430,1
1979069,1
1477314,1
3728074,1
2066651,1
1796252,1
5131932,1
4731760,1
3609133,1
3387721,1
4964944,1
2591128,1
568731,1
537872,1
2701407,1
2325580,1
5320173,1
3335723,1
708567,1
1428254,1
5131665,1
2870312,1
2449817,1
1921117,1
703807,1
848330,1
1757161,1
3516150,1
3491112,1
94331,1
4554115,1
2161651,1
4478772,1
3293674,1
290139,1
1908526,1
45849,1
3783311,1
315845,1
4761550,1
4903909,1
816056,1
4572165,1
2941445,1
2109584,1
2067115,1
2603250,1
2745628,1
3253239,1
2336470,1
652773,1
459462,1
1979645,1
4336293,1
2855455,1
2274961,1
589401,1
469507,1
3507961,1
2939186,1
1976772,1
2498750,1
4544671,1
33854,1
4214121,1
1431637,1
3314780,1
5479456,1
2979964,1
706811,1
4580018,1
682189,1
4418096,1
688233,1
1894113,1
3387081,1
3437084,1
1890653,1
4702604,1
5111744,1
4763281,1
4121314,1
4539130,1
4661223,1
2776496,1
3082261,1
1876299,1
345569,1
3647819,1
548158,1
2467636,1
3921060,1
5215353,1
2808856,1
734868,1
1668906,1
5106004,1
3321232,1
5117855,1
886577,1
4082566,1
3883550,1
3471274,1
2786596,1
3025431,1
578706,1
2774097,1
4917912,1
2706681,1
3356239,1
3941380,1
3238663,1
1205958,1
3028322,1
2086802,1
267271,1
1597830,1
2843533,1
711436,1
2995640,1
4284285,1
4907884,1
5254853,1
999673,1
2602452,1
3663600,1
1798306,1
2041071,1
3948953,1
130874,1
4139306,1
110989,1
4906558,1
844786,1
5238427,1
1025526,1
2620783,1
1056833,1
1784543,1
5263541,1
5547077,1
3271822,1
688252,1
1196308,1
4651687,1
3545274,1
2515147,1
796056,1
3441060,1
1480267,1
3366997,1
576522,1
5309092,1
2248608,1
2220552,1
3497115,1
3546429,1
4564346,1
3931020,1
1980685,1
3980213,1
3156969,1
3172836,1
4488049,1
3505034,1
1126577,1
1275072,1
323316,1
1548078,1
1891815,1
806048,1
3528999,1
4624193,1
460516,1
2758608,1
4236713,1
4859485,1
3077580,1
4637550,1
4423234,1
1438454,1
2226715,1
5236832,1
1171729,1
1881722,1
1572348,1
1487356,1
5313120,1
1970272,1
2310341,1
807787,1
2901964,1
4965125,1
4701042,1
3346347,1
2227415,1
829707,1
1562693,1
2266810,1
1655686,1
3156223,1
132824,1
1068350,1
3174211,1
4085718,1
431673,1
3117441,1
2721381,1
2590370,1
4617696,1
1536023,1
1177749,1
663405,1
5237879,1
5446905,1
5035876,1
3725616,1
4875989,1
3628894,1
1888191,1
1152386,1
5280880,1
5111160,1
5074762,1
4542349,1
201743,1
491387,1
2806066,1
3645553,1
3690003,1
2093979,1
2963626,1
3224943,1
169801,1
1394300,1
2578767,1
5071330,1
4016074,1
2078821,1
201120,1
4966734,1
5032381,1
4071798,1
1936782,1
338710,1
2075984,1
3924572,1
281457,1
454812,1
2164714,1
1942812,1
1086510,1
3722150,1
4993243,1
882310,1
2835796,1
158057,1
4650438,1
3251907,1
894583,1
2039066,1
3696838,1
4383554,1
2531678,1
1422106,1
3403879,1
2520650,1
1521398,1
198,1
1521263,1
29462,1
4196097,1
322449,1
1156753,1
269618,1
5535438,1
2863597,1
359121,1
2039375,1
2475562,1
2866077,1
820790,1
3340646,1
356169,1
562701,1
4361653,1
5188144,1
3288528,1
4502930,1
3394693,1
775350,1
4573474,1
2887267,1
3083119,1
4388253,1
3969571,1
4898538,1
641350,1
2560797,1
2571722,1
217231,1
5378227,1
2775693,1
3181219,1
2121484,1
1694166,1
3829790,1
310401,1
1263821,1
4513906,1
3119388,1
3262157,1
2909306,1
393272,1
2815603,1
4770557,1
2963094,1
2153918,1
1559265,1
5333215,1
1741140,1
194159,1
4471794,1
369690,1
3352204,1
2975685,1
5114270,1
4465446,1
3687000,1
4326283,1
2208009,1
1805178,1
3037998,1
1297826,1
3148379,1
5151793,1
1198446,1
4476035,1
3072228,1
2994259,1
3607512,1
2568552,1
4568239,1
496366,1
2049696,1
3789785,1
3931409,1
2555977,1
1922795,1
3929288,1
221849,1
4151374,1
4134912,1
4982180,1
5092634,1
4259245,1
3041712,1
941633,1
680103,1
3095762,1
619137,1
5222435,1
3527869,1
3177616,1
1788813,1
5331250,1
221784,1
5044190,1
5007139,1
5468587,1
560663,1
4864041,1
1914218,1
3459994,1
2325086,1
1206740,1
1044930,1
4255390,1
5014637,1
70220,1
3138581,1
3129884,1
3872771,1
3216173,1
4535003,1
1777432,1
3010655,1
5044698,1
4500500,1
2107479,1
2963838,1
3692647,1
1660047,1
3504783,1
5101114,1
3831792,1
4792344,1
2180608,1
243162,1
3243994,1
4316884,1
4736783,1
1389906,1
955428,1
104089,1
2480922,1
1157055,1
2804577,1
211741,1
2023740,1
2967695,1
432340,1
3098591,1
2768253,1
1689883,1
3266392,1
3117183,1
4645717,1
4688847,1
4303051,1
4222738,1
2675490,1
2501726,1
3588851,1
841082,1
1035159,1
4514292,1
1033694,1
4050460,1
2469843,1
3712344,1
653183,1
453762,1
4778283,1
4386096,1
5044089,1
5113154,1
2542214,1
2182185,1
1324562,1
3787474,1
4052859,1
4414050,1
2473458,1
3055584,1
981015,1
5477773,1
3175440,1
2724555,1
980972,1
2944186,1
659023,1
4309556,1
4879733,1
884944,1
3329768,1
1268753,1
3509821,1
3351352,1
4415877,1
4807353,1
4710399,1
1160096,1
3997106,1
277169,1
2737988,1
1109762,1
2041385,1
3238693,1
5097758,1
3217695,1
3324122,1
52474,1
4570076,1
5084834,1
4680940,1
3244979,1
4472218,1
1009258,1
1272466,1
3873602,1
4375174,1
4040530,1
2353140,1
738524,1
4166416,1
3432302,1
1567574,1
3568963,1
1041623,1
1728820,1
452442,1
4682675,1
4713914,1
2450153,1
3768880,1
1014056,1
5035675,1
4797368,1
4769301,1
3757171,1
232411,1
548024,1
2979264,1
577443,1
4625169,1
1754464,1
797536,1
2793812,1
3507175,1
1939571,1
4965075,1
181676,1
3267236,1
3225885,1
2093785,1
101527,1
44691,1
5509802,1
5558922,1
254085,1
1804895,1
3680992,1
5149799,1
5051914,1
5202649,1
5360107,1
5253878,1
5401119,1
1315739,1
3671378,1
2061748,1
2579620,1
1215549,1
1081000,1
396859,1
2149889,1
1900121,1
2201156,1
3167509,1
1703045,1
2188706,1
2535342,1
3758224,1
3971242,1
2097758,1
4163149,1
555258,1
2462528,1
1287812,1
3732481,1
4307405,1
77481,1
812542,1
2547790,1
5250307,1
4866541,1
20864,1
1332875,1
1976455,1
4336847,1
4606125,1
4092206,1
3835359,1
3611023,1
5130038,1
131050,1
4266617,1
5453296,1
642016,1
3329883,1
393264,1
4382495,1
3133027,1
2006009,1
1168331,1
158077,1
5277602,1
5177545,1
3879171,1
4058462,1
2024058,1
4740774,1
2925866,1
3741518,1
3896341,1
2033530,1
3355449,1
3309977,1
4489515,1
5422478,1
1175280,1
4640755,1
4295083,1
1643376,1
4797387,1
2097282,1
4528961,1
1901199,1
1734420,1
3775393,1
4412376,1
3691839,1
3575703,1
3709025,1
1164723,1
661484,1
2518639,1
5007066,1
2569960,1
3169340,1
3753676,1
3063623,1
1969347,1
4858124,1
4946961,1
4970704,1
1962138,1
1149546,1
2976436,1
3484983,1
534900,1
2836691,1
4376066,1
3998576,1
4182274,1
3050762,1
3850873,1
3762004,1
2672136,1
293750,1
1281918,1
4426905,1
3054913,1
775134,1
1162039,1
1838098,1
4225906,1
3655979,1
4900607,1
1479376,1
4104823,1
4396118,1
4803148,1
3300793,1
1613010,1
1877543,1
2340684,1
4786390,1
992889,1
328011,1
524897,1
3912692,1
4582166,1
4985185,1
57346,1
4652512,1
3552059,1
3185361,1
1284409,1
2264544,1
272429,1
1502518,1
2293462,1
3870780,1
4653884,1
1120855,1
5480265,1
437015,1
3002234,1
3625223,1
4166927,1
2149697,1
3237222,1
5101198,1
4401028,1
636490,1
2921791,1
646739,1
3596409,1
4432347,1
5029643,1
3771601,1
4489070,1
1055268,1
4340105,1
287128,1
900366,1
2410639,1
2082048,1
3765511,1
3826260,1
989158,1
4656481,1
770375,1
4797180,1
176018,1
2165847,1
1513563,1
2263045,1
714308,1
2739189,1
4037677,1
4587541,1
1892892,1
448973,1
1529052,1
814823,1
911445,1
1548053,1
5327184,1
427059,1
786838,1
882608,1
572384,1
3209604,1
896390,1
5172637,1
1836482,1
4589317,1
2236261,1
3294903,1
1820367,1
317312,1
225473,1
4678357,1
2110419,1
3402244,1
2994891,1
2533384,1
5240219,1
89586,1
3141712,1
4462106,1
1011147,1
2647402,1
2977693,1
5549928,1
3643864,1
844160,1
107733,1
2387886,1
3338392,1
5336431,1
3440169,1
656774,1
1441548,1
2916230,1
4011573,1
5400027,1
932040,1
1368037,1
4770293,1
3643139,1
2961639,1
4337055,1
1270074,1
5331084,1
1446225,1
4324413,1
1131313,1
2087339,1
5479903,1
1284808,1
3170478,1
3583757,1
1933025,1
2611840,1
816309,1
4741510,1
4708705,1
4546428,1
1568172,1
2244622,1
5210414,1
4572212,1
5271745,1
2376156,1
1319007,1
5043482,1
5256531,1
1001166,1
5139539,1
1587842,1
1490046,1
3498192,1
5038734,1
4302215,1
275983,1
4641421,1
3840370,1
2313005,1
5259313,1
709398,1
571932,1
426785,1
642730,1
1355130,1
3444095,1
5453880,1
1544332,1
4790660,1
5165481,1
5408081,1
2640720,1
3259786,1
397901,1
3977671,1
5346770,1
1958433,1
3250431,1
4263349,1
4195918,1
1878654,1
3553082,1
4077134,1
903442,1
3889351,1
5530205,1
1916639,1
4954335,1
4763539,1
2545752,1
4502476,1
3360046,1
2062304,1
4420344,1
491646,1
899396,1
1236081,1
5151439,1
526477,1
5009423,1
2179796,1
4957008,1
1103863,1
2399077,1
886693,1
5029454,1
2883626,1
225557,1
4201251,1
2374771,1
2665847,1
2159561,1
2113300,1
1901258,1
2531756,1
3878459,1
216087,1
970529,1
4582142,1
3467808,1
1557816,1
1378791,1
4907569,1
2721405,1
2398989,1
2548057,1
4013451,1
1077305,1
4047454,1
3516139,1
4182942,1
314333,1
3029717,1
617175,1
2045876,1
926113,1
4212226,1
5424504,1
3921247,1
866139,1
2680433,1
1300777,1
3368753,1
220432,1
4710895,1
5356285,1
3948263,1
150683,1
4626766,1
1120693,1
4438295,1
2000738,1
4021008,1
140557,1
2262186,1
1054158,1
2880187,1
2627023,1
4756811,1
1081463,1
2016701,1
3754861,1
4180094,1
2009199,1
2917577,1
2167338,1
5323836,1
3330026,1
3776397,1
4024759,1
1944965,1
4852365,1
2469986,1
4624311,1
5159047,1
2292863,1
897030,1
2660161,1
2567260,1
209360,1
320470,1
2017903,1
4059246,1
1237433,1
4619084,1
3572499,1
3853013,1
4642063,1
4160286,1
488224,1
5226852,1
5313328,1
3318400,1
4884857,1
2490740,1
3075330,1
3771865,1
4822896,1
3200068,1
4520035,1
156199,1
3345502,1
4165228,1
465139,1
3027744,1
547193,1
507187,1
1133532,1
930180,1
605216,1
3055175,1
5197129,1
1060970,1
1751605,1
829780,1
1556975,1
1988907,1
2100824,1
3739048,1
3716979,1
3044612,1
4612710,1
3478490,1
1747426,1
1074350,1
2023232,1
326534,1
3386406,1
1956711,1
4928006,1
1484795,1
2918492,1
1074018,1
838899,1
40939,1
457850,1
4764635,1
5500045,1
1755765,1
1662022,1
300164,1
4074269,1
2845712,1
148560,1
137549,1
3880202,1
5289103,1
1565545,1
3543943,1
3506331,1
644926,1
1729062,1
4301047,1
5417509,1
2779334,1
1198987,1
4810267,1
298245,1
4387831,1
3010922,1
3392027,1
1903860,1
3894821,1
4636868,1
5196386,1
5325271,1
2443750,1
1756496,1
465834,1
536863,1
3183528,1
884290,1
2093486,1
1736657,1
4529984,1
4072340,1
4339348,1
2354358,1
3944798,1
2848729,1
4435435,1
1947514,1
712745,1
3372949,1
2350790,1
4268147,1
4826153,1
5230262,1
1592900,1
3509459,1
648407,1
4003233,1
2872105,1
3123281,1
629284,1
5442916,1
4533832,1
3006531,1
2812896,1
2771396,1
3675677,1
2227752,1
5292945,1
320441,1
1462351,1
211522,1
696523,1
2313191,1
103123,1
3719504,1
4143560,1
4720013,1
2834584,1
2267404,1
3890673,1
2007915,1
95594,1
4900957,1
4063863,1
4150318,1
4922619,1
3426435,1
141686,1
5322599,1
4358524,1
4299743,1
4232808,1
3372161,1
2821672,1
4082096,1
1275350,1
888209,1
1941307,1
136216,1
982106,1
2912837,1
3207570,1
2536235,1
3625948,1
2064319,1
1226113,1
3455150,1
4735295,1
4035665,1
2488666,1
2390458,1
2153352,1
601310,1
348691,1
4810664,1
3000367,1
4894391,1
712792,1
751017,1
4539630,1
5503270,1
4534931,1
3388867,1
3875488,1
4654103,1
970132,1
2286982,1
556232,1
511059,1
717379,1
5480668,1
3410703,1
3265860,1
1608615,1
745720,1
4174438,1
4939270,1
335624,1
363712,1
3683975,1
1568831,1
182923,1
1033703,1
3834636,1
4156185,1
5437620,1
2841205,1
493921,1
2430729,1
4075398,1
437404,1
1086764,1
2094764,1
4846375,1
2454630,1
1917024,1
1659228,1
2019412,1
4890078,1
3328707,1
4163658,1
5153030,1
1841434,1
941879,1
3946373,1
2165008,1
2953780,1
1680052,1
2340013,1
5432337,1
78152,1
1697964,1
1805440,1
681629,1
2144183,1
722724,1
2278882,1
1464627,1
5048620,1
1301335,1
934072,1
2732367,1
4179142,1
3606264,1
765054,1
2589577,1
700534,1
1538073,1
1731942,1
1743953,1
4614434,1
4431788,1
5100867,1
3638153,1
968417,1
5341133,1
1531888,1
3823388,1
2203969,1
1548674,1
1685625,1
776048,1
922356,1
799508,1
177452,1
2669572,1
3918888,1
52056,1
5496482,1
4561818,1
4132140,1
4806014,1
190674,1
4561252,1
3694241,1
4164101,1
4362114,1
2183266,1
4689271,1
36887,1
4125507,1
4448081,1
2753477,1
4626919,1
1028004,1
3755637,1
3759684,1
785783,1
5060575,1
4439670,1
4788760,1
261112,1
4088781,1
3561146,1
1076255,1
426664,1
5519351,1
2180457,1
4816625,1
2515692,1
35820,1
1000974,1
3693767,1
3502814,1
3027113,1
148414,1
2965579,1
184288,1
150751,1
2913555,1
3826643,1
303269,1
4706948,1
324007,1
3135964,1
1189334,1
2529091,1
1051186,1
3222975,1
815344,1
379358,1
4895880,1
5213377,1
5255489,1
3880862,1
1155637,1
1317696,1
956385,1
3741692,1
2450135,1
1173503,1
4059823,1
3422901,1
450988,1
5259794,1
3971881,1
4287283,1
279172,1
730096,1
4392481,1
2342394,1
1670103,1
4400382,1
1269703,1
4086274,1
3731012,1
4786594,1
2821135,1
977251,1
2327000,1
2343133,1
4542198,1
5137206,1
5291439,1
5303832,1
5041968,1
2636559,1
1470670,1
3647768,1
3491091,1
934037,1
2939780,1
615409,1
849663,1
5056758,1
2863747,1
3453329,1
5114365,1
363552,1
773059,1
5319162,1
4698766,1
3060577,1
4837060,1
1888918,1
309162,1
72057,1
2514520,1
4111832,1
3932810,1
5197572,1
3285510,1
4697166,1
4126199,1
3606120,1
4119292,1
4549874,1
3992123,1
925530,1
3367459,1
1020575,1
1442022,1
1620960,1
1112336,1
3226703,1
869548,1
4379262,1
5359674,1
422269,1
1341028,1
2992184,1
382368,1
3970049,1
209337,1
1802737,1
3965149,1
693156,1
2943385,1
3929588,1
471805,1
1908335,1
1300113,1
2716692,1
1214341,1
4900359,1
278450,1
3632436,1
150557,1
915538,1
2270433,1
2297298,1
4848140,1
4915642,1
2070870,1
3171241,1
2403770,1
479061,1
4175902,1
854006,1
3769137,1
2856154,1
4220798,1
4209838,1
2308743,1
789327,1
4828973,1
4538724,1
2407941,1
393631,1
3605145,1
996584,1
5135658,1
5263944,1
1882377,1
2180853,1
269049,1
236761,1
4830832,1
583320,1
5067008,1
3442357,1
2187197,1
3851152,1
3196962,1
3009898,1
3581187,1
1129874,1
2507827,1
1700959,1
4021670,1
2273266,1
1372246,1
855830,1
2456437,1
591971,1
1281754,1
2105591,1
2016289,1
1151790,1
2724228,1
2590572,1
2059840,1
686387,1
3702312,1
2236991,1
4621592,1
4679938,1
2152629,1
3205549,1
2500461,1
4173736,1
3863206,1
2629607,1
2773894,1
2623779,1
5325848,1
1214729,1
4391072,1
1606632,1
2726099,1
4310328,1
2929915,1
5317768,1
2508587,1
3713340,1
2186741,1
217351,1
4571435,1
1155755,1
4842360,1
1245577,1
1828737,1
419455,1
1190894,1
491018,1
4845691,1
4571155,1
1270942,1
1059610,1
2350304,1
3715899,1
969717,1
5423723,1
1944577,1
487633,1
4438240,1
1118988,1
3663730,1
330888,1
578142,1
1263680,1
1963965,1
1238572,1
2777708,1
5298897,1
2628987,1
5358382,1
2444721,1
2829262,1
1250591,1
941508,1
885052,1
2011875,1
992855,1
3044758,1
2581667,1
3244113,1
4010469,1
1885942,1
24248,1
3676208,1
1704023,1
1380614,1
4158793,1
580113,1
177909,1
181964,1
3692054,1
5396325,1
3962554,1
3502334,1
4321244,1
3246121,1
3643430,1
5484907,1
4605969,1
4212856,1
4169142,1
1013002,1
1426556,1
1481802,1
20120,1
3308804,1
876938,1
5558296,1
832039,1
390095,1
5130156,1
2173222,1
76144,1
1550056,1
1179108,1
835447,1
232421,1
622557,1
4868703,1
1998622,1
1329707,1
2518810,1
4065412,1
2344496,1
2741747,1
3660663,1
4876473,1
5514921,1
4633752,1
3265944,1
1697562,1
2518897,1
430163,1
4016402,1
4074023,1
2468511,1
103835,1
1421431,1
1803749,1
5268445,1
4527412,1
323585,1
4419306,1
1762695,1
2805857,1
30398,1
631262,1
1153992,1
5425538,1
4240984,1
3095254,1
1322871,1
5411012,1
4856180,1
2062404,1
2280049,1
5427306,1
3566051,1
2690046,1
3578726,1
242798,1
2370587,1
3252769,1
4778697,1
3607024,1
1249839,1
1262425,1
3133532,1
2168184,1
4835185,1
118607,1
4695758,1
5243886,1
2227630,1
976940,1
2876005,1
3063128,1
5122470,1
2567360,1
1280257,1
3712418,1
5125732,1
3939676,1
4260380,1
2217361,1
90233,1
1830252,1
2419966,1
4060914,1
4311354,1
2899339,1
2492478,1
5410902,1
4097570,1
1992403,1
1299672,1
4913721,1
5185382,1
3555250,1
24471,1
3728569,1
4579563,1
719740,1
3435068,1
2897969,1
907159,1
1608886,1
2382976,1
5029324,1
3130342,1
1572754,1
4992380,1
5440953,1
1508488,1
2717787,1
4980346,1
1725059,1
895786,1
2969435,1
2256330,1
906192,1
5457339,1
4481144,1
467864,1
258829,1
5329655,1
4523145,1
3751832,1
4798069,1
792523,1
4244703,1
3578453,1
141304,1
890031,1
5389134,1
106700,1
4237634,1
5407411,1
4613941,1
1425592,1
2158816,1
5135319,1
2725916,1
776052,1
3370673,1
3193113,1
3168720,1
2909846,1
3768325,1
1270524,1
605095,1
2503150,1
1140696,1
1205278,1
4691797,1
4075982,1
429692,1
1398526,1
2545946,1
2189228,1
3585571,1
1802419,1
3450941,1
3624404,1
2188699,1
3770109,1
4763705,1
4061198,1
2205330,1
4586073,1
5215083,1
1613038,1
4836950,1
5550300,1
4525877,1
3896454,1
5408755,1
4498439,1
1541799,1
1022883,1
1741092,1
1297295,1
4404170,1
2791235,1
4468869,1
872779,1
3864542,1
1822798,1
4178936,1
951070,1
3944702,1
4496075,1
1554940,1
3224220,1
166502,1
3196012,1
3410455,1
549401,1
853076,1
4926954,1
4144404,1
668313,1
858303,1
4099581,1
1760953,1
3894343,1
4025985,1
18596,1
4679541,1
473932,1
4145509,1
1373548,1
4615884,1
324185,1
232563,1
4739806,1
3599651,1
442416,1
3344109,1
5497079,1
356875,1
3522534,1
1472299,1
789243,1
943088,1
3899284,1
4902994,1
4099437,1
2438674,1
334053,1
1250191,1
5413606,1
4648249,1
1590967,1
1121657,1
4204360,1
1678549,1
1738040,1
3169053,1
2244569,1
5063979,1
3882069,1
3522220,1
2234527,1
1646836,1
2160460,1
2165928,1
1198872,1
4844058,1
402762,1
5374172,1
298722,1
4975113,1
1287308,1
4017284,1
1332894,1
266442,1
5399013,1
1583033,1
1185695,1
2817986,1
4305841,1
4802344,1
5091046,1
5027291,1
595235,1
2665189,1
3435349,1
2144406,1
326957,1
557659,1
1994769,1
497459,1
2142338,1
3787647,1
5514543,1
2650775,1
4543321,1
2546246,1
3712869,1
1771931,1
373968,1
3220001,1
140219,1
4861700,1
3922663,1
649064,1
5515301,1
266631,1
1226018,1
5313654,1
2088355,1
3183998,1
4400280,1
2704219,1
4747877,1
621197,1
3849561,1
3241127,1
2444843,1
4537985,1
4206965,1
4633574,1
2486765,1
5447814,1
4878677,1
1225654,1
651261,1
866329,1
5498410,1
3959247,1
4778621,1
5022247,1
5419016,1
3567431,1
1669905,1
1542067,1
1863313,1
4431317,1
3700532,1
1499007,1
562553,1
517550,1
4123708,1
3919322,1
3764822,1
684324,1
3436695,1
2661179,1
1906991,1
3566703,1
326120,1
1343867,1
76790,1
2798806,1
796463,1
4718405,1
3231994,1
3733658,1
2808753,1
523105,1
647369,1
4485753,1
788867,1
1795055,1
5189781,1
891062,1
4442355,1
906479,1
5474334,1
4897388,1
5014571,1
768523,1
845568,1
4181394,1
4914550,1
4372156,1
5018356,1
1840340,1
3994298,1
5291070,1
1915570,1
3100255,1
605172,1
4723862,1
4961150,1
5464671,1
2254086,1
4160959,1
5407143,1
3933159,1
1000990,1
3369639,1
4008584,1
652655,1
3124120,1
3099900,1
1255428,1
4835430,1
946745,1
3116798,1
369250,1
499035,1
2402793,1
5360319,1
2509264,1
81988,1
3348016,1
2367332,1
5294987,1
1731834,1
2330679,1
5139618,1
3627766,1
2786417,1
2267991,1
4763277,1
656745,1
2436185,1
4977400,1
2901649,1
2201510,1
5380841,1
1169515,1
842508,1
686073,1
2476452,1
2515205,1
3779219,1
5085023,1
5018274,1
5066746,1
442217,1
5436192,1
1298614,1
4565868,1
4166284,1
424975,1
1934287,1
3690492,1
2116931,1
171090,1
4806333,1
3609707,1
5458194,1
435017,1
4665883,1
1216058,1
4312693,1
1859098,1
2590047,1
123126,1
4358840,1
680173,1
964164,1
1236329,1
2697456,1
3988835,1
3292453,1
2921898,1
3158238,1
1709541,1
4412379,1
4139743,1
644188,1
1047020,1
3819928,1
4349740,1
5415406,1
1393486,1
3883746,1
2058267,1
1080507,1
5112489,1
5495048,1
102872,1
4590471,1
3339671,1
316016,1
3946676,1
3034133,1
565080,1
5384399,1
3580101,1
1706431,1
1136329,1
2764382,1
5468605,1
1456756,1
4646339,1
1590760,1
2394254,1
5176642,1
5512971,1
5547703,1
223715,1
5025073,1
1611106,1
4128708,1
940637,1
3233113,1
521850,1
2414386,1
1707595,1
2142854,1
1057836,1
1266600,1
2114963,1
4347441,1
4784060,1
106609,1
4900606,1
4358031,1
5221585,1
3189670,1
2116449,1
3800741,1
1726834,1
4651529,1
4638926,1
723583,1
4016156,1
5232011,1
711936,1
4084187,1
209929,1
262864,1
3439268,1
629137,1
4583552,1
5230868,1
1909687,1
2633271,1
5217409,1
4415060,1
4318753,1
3496030,1
5068206,1
2076734,1
1397430,1
3745752,1
1307030,1
273988,1
4425623,1
4256657,1
3029107,1
3390786,1
2141834,1
247928,1
2727621,1
425120,1
3514478,1
1604224,1
3496177,1
4088986,1
714943,1
1438319,1
913452,1
2076742,1
1864579,1
2840237,1
1965385,1
1065902,1
3587156,1
5480546,1
4088099,1
1511246,1
181941,1
3961445,1
2740381,1
4350131,1
4710764,1
4849361,1
4421587,1
5161700,1
565799,1
1597159,1
1382139,1
3130388,1
4223781,1
2159336,1
5511484,1
4109648,1
2157420,1
3574724,1
5228265,1
3889270,1
4512709,1
5293593,1
3479436,1
1608135,1
2220624,1
4163506,1
3754022,1
2181895,1
4941707,1
3800507,1
3504704,1
1474137,1
3526786,1
4631617,1
3662915,1
3226577,1
3842160,1
4874990,1
154334,1
5423040,1
2795997,1
4145710,1
3876149,1
2613251,1
1087018,1
5442056,1
5459517,1
1987222,1
702787,1
3140183,1
1230162,1
4199223,1
5055507,1
5321502,1
2893538,1
1193368,1
1082666,1
4702235,1
5346327,1
2838666,1
1739727,1
2264246,1
4844103,1
1147121,1
3893015,1
1582088,1
1787866,1
4528072,1
4874499,1
4763489,1
4340152,1
3722494,1
3557669,1
3207160,1
3859591,1
1003031,1
1941667,1
2579755,1
4369042,1
5555474,1
126377,1
385970,1
1480414,1
3553310,1
1848632,1
3306242,1
1537427,1
1086784,1
2355729,1
136984,1
5252834,1
2015065,1
3550506,1
2366372,1
4717414,1
5280228,1
87394,1
1601610,1
1719254,1
3703987,1
4468924,1
413407,1
4402725,1
3787027,1
5175350,1
5519294,1
3995795,1
3187810,1
2166472,1
1127145,1
4386727,1
3870223,1
137048,1
2519815,1
2959652,1
1244273,1
848522,1
657750,1
1513453,1
2843479,1
53951,1
2083885,1
4162332,1
406394,1
1609437,1
3053350,1
1878611,1
163119,1
296070,1
3993931,1
1190886,1
3759986,1
1906605,1
4976023,1
4097212,1
5241764,1
785661,1
1122307,1
3893902,1
4543464,1
3194381,1
2837090,1
390000,1
462588,1
1729208,1
2700646,1
3390486,1
4642183,1
754598,1
1663076,1
1792120,1
5374341,1
4717871,1
3650269,1
4784748,1
2947783,1
639502,1
2038286,1
3290170,1
4647292,1
5515576,1
2077697,1
798131,1
1586445,1
239298,1
2529013,1
4365649,1
271172,1
317218,1
177918,1
4518895,1
2815863,1
1596883,1
2835285,1
1506342,1
4029224,1
1148783,1
4369852,1
5051756,1
4232658,1
1918495,1
2467871,1
2283535,1
3272432,1
3433598,1
2390683,1
4306238,1
3458866,1
3517085,1
2546296,1
886426,1
2353787,1
3511078,1
3298558,1
3692022,1
4793359,1
915658,1
485175,1
667704,1
1082389,1
158158,1
3661651,1
314041,1
1254200,1
1566043,1
1872163,1
831285,1
1083813,1
3528804,1
2297518,1
1111184,1
2589387,1
4993295,1
1079048,1
2017936,1
678508,1
4315871,1
929805,1
3340286,1
2490704,1
4207633,1
601782,1
1842486,1
4489769,1
2611292,1
619640,1
3959113,1
5402594,1
205506,1
4147432,1
2193108,1
3285971,1
3852342,1
1610187,1
1964582,1
4451172,1
5308096,1
2990584,1
4731528,1
4542985,1
231439,1
3339506,1
5216399,1
2026870,1
3865534,1
2680473,1
5335768,1
2623969,1
1940107,1
5481765,1
1068629,1
813501,1
927948,1
3361902,1
4316822,1
3159742,1
2319025,1
5496893,1
587955,1
1587659,1
1507447,1
4694782,1
2213144,1
2221915,1
2028903,1
1236588,1
4523741,1
1106427,1
3197846,1
4658018,1
3396091,1
624870,1
1219275,1
2285763,1
1456996,1
4530357,1
5101810,1
3823969,1
3261998,1
3140950,1
1273731,1
4841342,1
533597,1
2581251,1
5310132,1
1038882,1
4920689,1
5069280,1
4888447,1
1446252,1
5304304,1
3333419,1
4398203,1
4545361,1
3890478,1
4271092,1
3693457,1
3360193,1
2118903,1
4704105,1
1773607,1
2973506,1
3381532,1
5478095,1
2579240,1
2457608,1
767072,1
2961218,1
1668998,1
2974719,1
2591439,1
4107714,1
1767831,1
720754,1
4895907,1
2119521,1
4726215,1
111982,1
2402907,1
2071401,1
1614433,1
4450237,1
774563,1
2104347,1
46953,1
3550527,1
4974113,1
1062373,1
2648782,1
3313325,1
2084584,1
1029170,1
2379018,1
4825083,1
5410646,1
4132408,1
2139813,1
1798538,1
1376382,1
5393808,1
712516,1
1975131,1
2956907,1
4302643,1
2029276,1
3753859,1
5103418,1
5341431,1
2837880,1
3707534,1
4500192,1
112663,1
2234057,1
4783537,1
4179319,1
1094336,1
3715948,1
4087384,1
3142320,1
4917416,1
386042,1
5470124,1
2146403,1
143391,1
5231684,1
3470424,1
2063526,1
1322233,1
2944819,1
3397882,1
626355,1
1961596,1
1376451,1
3068499,1
5203846,1
2011507,1
2065509,1
1433329,1
4127052,1
1360696,1
2977576,1
4330604,1
1566746,1
5195693,1
4957715,1
428467,1
5221726,1
3609312,1
4834037,1
966915,1
1243000,1
4013704,1
4683495,1
66323,1
3516602,1
3048592,1
5132961,1
4129011,1
501021,1
2271863,1
1273066,1
1722575,1
3202183,1
2071919,1
4887684,1
1956863,1
5083232,1
2489306,1
2777697,1
3044336,1
5202213,1
4694039,1
188688,1
3864018,1
4212237,1
3655304,1
3310645,1
1562683,1
4600890,1
1692043,1
3757076,1
4844397,1
65139,1
3259962,1
5505626,1
2714288,1
2554653,1
680987,1
4188931,1
1920071,1
1423528,1
350995,1
2597916,1
2572967,1
4757577,1
2252821,1
3951668,1
2011378,1
4111984,1
402827,1
1502283,1
4621482,1
2193874,1
3750399,1
3832350,1
3485261,1
1232035,1
1363880,1
1251258,1
3678121,1
1103703,1
3552304,1
5100563,1
1995939,1
3969069,1
2076994,1
4632579,1
983112,1
351078,1
4984808,1
713603,1
146811,1
5517609,1
4281757,1
4614994,1
3917580,1
4231305,1
5166507,1
875030,1
2987899,1
4407127,1
1899226,1
2765764,1
2763887,1
795732,1
463273,1
834064,1
1294296,1
1792276,1
203458,1
3277881,1
50641,1
2601686,1
3990342,1
2086024,1
2200104,1
4226303,1
4124471,1
3009959,1
703823,1
510337,1
2565712,1
4366751,1
5168685,1
1469560,1
3418800,1
99629,1
2353020,1
664223,1
3064698,1
643676,1
771452,1
3125692,1
5349905,1
184400,1
1602121,1
750304,1
2689777,1
3482834,1
2352531,1
5479397,1
3581836,1
174824,1
3573353,1
4996750,1
523428,1
38353,1
3571529,1
783954,1
4787554,1
4934718,1
5192559,1
2867332,1
4288540,1
1846516,1
4586800,1
4376280,1
5074652,1
3019121,1
1163677,1
1688105,1
1824800,1
2360052,1
1702595,1
3456106,1
2266238,1
2449222,1
2827984,1
5352087,1
3837453,1
183391,1
3608785,1
1234262,1
2798993,1
1139776,1
441888,1
1938946,1
3862071,1
3881793,1
2658131,1
138424,1
3356585,1
5209176,1
2448772,1
4702111,1
4763487,1
4647387,1
1681095,1
3832618,1
842737,1
1114537,1
165574,1
2630484,1
917861,1
1946173,1
3708665,1
3498613,1
2743867,1
2428553,1
5007246,1
2644355,1
4277374,1
610073,1
45304,1
4192669,1
1837548,1
4316162,1
4855890,1
365604,1
270498,1
5059840,1
4904783,1
5220907,1
3192356,1
3825156,1
3262230,1
963202,1
1098760,1
4648612,1
3927563,1
410963,1
2236787,1
3208219,1
2460626,1
196606,1
1696048,1
1942358,1
5014167,1
156318,1
1979115,1
1266594,1
3225887,1
2806496,1
995451,1
5474275,1
2969113,1
4010319,1
4197306,1
5552028,1
4473397,1
4856930,1
1423102,1
3691592,1
910340,1
983033,1
3822003,1
4645527,1
1159396,1
918335,1
1622618,1
5043607,1
1737131,1
4027648,1
159763,1
5249321,1
4335981,1
2373528,1
4603297,1
1696978,1
297741,1
3265026,1
1595537,1
1767999,1
5303390,1
1445277,1
5364689,1
2346134,1
1829110,1
4987613,1
1519131,1
2109979,1
3100013,1
5230119,1
3926003,1
1830276,1
1162169,1
1302187,1
132915,1
868112,1
3567659,1
973110,1
177170,1
82130,1
3300800,1
1496394,1
1261153,1
2358035,1
799560,1
1388722,1
1394118,1
633103,1
3938607,1
1805012,1
1132014,1
3600896,1
3109049,1
1465089,1
2666175,1
5236265,1
5072585,1
2956640,1
2900482,1
4365045,1
3625357,1
803728,1
1938800,1
1536550,1
468331,1
1570183,1
3507198,1
1499455,1
915826,1
4400760,1
1565199,1
1346595,1
3942847,1
5045753,1
3876090,1
4339054,1
5483301,1
5011372,1
2519224,1
4248343,1
1152850,1
3417596,1
815835,1
5034629,1
1740274,1
2627385,1
5078899,1
2017058,1
1776429,1
2511534,1
1275685,1
4359311,1
4883110,1
948390,1
4101755,1
2308523,1
4177197,1
268878,1
1081631,1
3487142,1
2573182,1
2789837,1
3803005,1
2424068,1
1927247,1
1355533,1
482026,1
4755809,1
1000009,1
988903,1
800852,1
1030868,1
3625197,1
4065610,1
3794227,1
637485,1
2456055,1
1608380,1
4310921,1
1840870,1
716299,1
1837003,1
3859717,1
3610753,1
5006464,1
431019,1
784543,1
2293517,1
1470638,1
4471100,1
897983,1
4185865,1
2645808,1
1976735,1
20287,1
5278464,1
3595973,1
1807395,1
1571789,1
4716039,1
799988,1
2426609,1
3897978,1
5089178,1
383726,1
761406,1
3246264,1
1175341,1
2212452,1
85638,1
2501114,1
1208263,1
1894803,1
2670805,1
712870,1
2167911,1
1900058,1
3068547,1
5092543,1
2170916,1
2591632,1
1239711,1
4390637,1
2724800,1
1975986,1
4173399,1
694268,1
375980,1
4066902,1
4400943,1
4350234,1
286966,1
4420435,1
548359,1
3951339,1
3475550,1
1894382,1
3185588,1
1029832,1
2044590,1
1395148,1
3723454,1
2624114,1
3894284,1
4547105,1
2182864,1
4895254,1
1092433,1
663334,1
3713280,1
4910886,1
4837779,1
3340692,1
3515690,1
4821544,1
4765062,1
2546116,1
848225,1
3329734,1
3949372,1
1554314,1
2553587,1
3896755,1
4934603,1
1359096,1
4024175,1
1770271,1
3747101,1
1572203,1
955642,1
2984354,1
1385963,1
3034805,1
2134945,1
2545822,1
2599130,1
641072,1
3101273,1
5366421,1
1897142,1
1320815,1
1921318,1
659084,1
2388752,1
1840218,1
958297,1
2894746,1
2425480,1
5401107,1
4291281,1
2949378,1
2471750,1
297423,1
1694307,1
2990573,1
514508,1
481109,1
2431296,1
2456752,1
2366278,1
1388764,1
2852222,1
517641,1
2829488,1
4610474,1
675696,1
73820,1
1620750,1
5014060,1
3800880,1
5168468,1
2661487,1
5095189,1
4419350,1
1709183,1
1344848,1
3502831,1
4472252,1
3101081,1
4844595,1
4587580,1
4942842,1
4539003,1
5014566,1
2413629,1
5339259,1
4515518,1
1027968,1
1160554,1
5530486,1
256936,1
1925692,1
246617,1
5431466,1
1277158,1
1422831,1
5241497,1
2324825,1
1163339,1
2120942,1
5368905,1
4837200,1
4015894,1
3503637,1
3011257,1
2006956,1
4756044,1
3831688,1
3864848,1
5257072,1
3667972,1
3478825,1
353296,1
806968,1
2362173,1
4871144,1
866999,1
3884998,1
1407607,1
4550622,1
2113342,1
1762521,1
3616703,1
1363481,1
1504025,1
2540813,1
4960864,1
2976058,1
4739824,1
2750821,1
3959553,1
4709117,1
921743,1
3077699,1
2165962,1
2420680,1
1903692,1
1158064,1
1233693,1
3059698,1
2955382,1
2485135,1
947312,1
2341547,1
5087034,1
3075306,1
5164135,1
3805890,1
3601300,1
4955286,1
3987598,1
5180910,1
4796496,1
2978139,1
4682133,1
4179317,1
3125329,1
1014034,1
2779237,1
5068270,1
1894474,1
4991242,1
4878760,1
2427466,1
1287495,1
4944862,1
2451298,1
393350,1
5445727,1
4044594,1
3628639,1
2491295,1
1010469,1
4454008,1
3538391,1
1321822,1
3729873,1
1443779,1
4063493,1
5400696,1
1569680,1
1986761,1
4677345,1
2032317,1
4749511,1
496471,1
1101879,1
2010181,1
1409184,1
3856202,1
176436,1
4375539,1
1823303,1
3097183,1
4937833,1
2700493,1
4455125,1
1241741,1
4803839,1
4345333,1
151014,1
2955438,1
2925334,1
1591755,1
1222586,1
473130,1
2505971,1
5231807,1
3171406,1
3252750,1
2175647,1
4145439,1
591221,1
4376219,1
1108249,1
5548240,1
844184,1
5211063,1
2320233,1
4392174,1
4144146,1
2565575,1
2632460,1
2715076,1
2468212,1
4597031,1
4632074,1
403824,1
4794953,1
2335878,1
3790402,1
1301501,1
1942659,1
3186339,1
3468871,1
1598858,1
2942127,1
1605839,1
3557308,1
3156508,1
1779358,1
5176353,1
5301221,1
4776734,1
860187,1
2693520,1
1106086,1
2526227,1
5233140,1
1717390,1
689493,1
3523558,1
1778789,1
526282,1
4102226,1
1005161,1
5416237,1
1498147,1
4493035,1
2516,1
5065494,1
948788,1
654693,1
5554415,1
45805,1
3639855,1
646274,1
4285890,1
4742730,1
5021160,1
2755447,1
3096436,1
4967788,1
2165797,1
2634975,1
2860499,1
4015891,1
4489578,1
3033002,1
1156114,1
3028700,1
1039056,1
2765414,1
2205788,1
708416,1
2584394,1
4183773,1
5051384,1
2444654,1
2410500,1
1738197,1
2805811,1
917715,1
1119500,1
1084385,1
3898268,1
392173,1
4722208,1
554337,1
2104532,1
3053248,1
1866928,1
591263,1
2470632,1
1364687,1
1588110,1
3351723,1
3695865,1
1433891,1
3889134,1
4195609,1
1952056,1
774039,1
3438873,1
2014525,1
2097189,1
4960867,1
3986922,1
3193283,1
132764,1
4220989,1
240134,1
101184,1
221816,1
1443757,1
3996986,1
3380049,1
1502818,1
1035983,1
2959881,1
4406518,1
4826567,1
472054,1
4903934,1
3973494,1
2956225,1
3379960,1
1446721,1
5139133,1
1319157,1
2159273,1
3458050,1
5512232,1
5023038,1
1023987,1
5449774,1
5505531,1
798577,1
1227979,1
1028959,1
644740,1
268363,1
4917135,1
547396,1
1522621,1
451750,1
4998747,1
2206479,1
3975247,1
1283477,1
2126994,1
2467583,1
2969716,1
82545,1
2627948,1
4486769,1
2380107,1
597250,1
4793561,1
3966310,1
4850129,1
3348550,1
1308840,1
5380734,1
2262225,1
649202,1
1877242,1
323016,1
753582,1
2050977,1
2996639,1
3683969,1
4453807,1
2421018,1
4974774,1
4323799,1
175255,1
431054,1
2181237,1
4119374,1
1304100,1
1390462,1
4363581,1
2473195,1
561099,1
4550601,1
1436113,1
3025513,1
2109192,1
758899,1
2307277,1
1776857,1
1007615,1
432456,1
1481604,1
3801319,1
3225907,1
4307267,1
3066443,1
1973294,1
2725662,1
846214,1
1159645,1
4129323,1
1932722,1
3136262,1
3424193,1
5285448,1
3820033,1
176118,1
2056636,1
5242152,1
239898,1
2319792,1
5167703,1
2715637,1
4067173,1
3457179,1
1468104,1
957506,1
2435023,1
3859516,1
2523916,1
1209961,1
2395243,1
3012224,1
2593857,1
1928585,1
2886184,1
346514,1
3311183,1
3242396,1
4961062,1
281609,1
3828689,1
4830937,1
634379,1
697919,1
1435340,1
4624440,1
490347,1
1097608,1
4834446,1
1793311,1
965408,1
918804,1
5351002,1
164713,1
4602044,1
696285,1
1789682,1
51633,1
3627108,1
5158460,1
3603115,1
3134069,1
894531,1
5081740,1
2867948,1
3138086,1
3624181,1
2715083,1
5241158,1
665565,1
1243477,1
321860,1
291971,1
5080822,1
2096386,1
4493831,1
2789650,1
1393603,1
183973,1
3185779,1
5158244,1
4487616,1
4062992,1
4502643,1
3588054,1
883454,1
457123,1
847899,1
4589453,1
3106578,1
362649,1
4931653,1
1275775,1
4945217,1
1147909,1
3887896,1
954242,1
1748426,1
4441202,1
5342794,1
5350997,1
898479,1
2737294,1
5282254,1
2368960,1
3573072,1
1007368,1
3328218,1
2381501,1
2960428,1
734773,1
5032157,1
5397232,1
1729214,1
1352934,1
2441386,1
1366344,1
1175090,1
3130140,1
5134865,1
4936655,1
4268144,1
377094,1
5381138,1
1034303,1
3236831,1
2383442,1
4772321,1
3964976,1
1437887,1
2356657,1
2131814,1
4719431,1
3297773,1
3525626,1
2024130,1
4782925,1
2786732,1
2895552,1
2158298,1
2534689,1
148024,1
3474184,1
5014132,1
1767049,1
3972864,1
3906095,1
666832,1
5107341,1
5494953,1
1203606,1
1789451,1
5441278,1
2218600,1
461483,1
3201312,1
4261366,1
5236864,1
3391547,1
753183,1
3936954,1
4191879,1
3903409,1
4450620,1
2825098,1
787504,1
932942,1
2706777,1
2336415,1
2226900,1
932569,1
2824363,1
3897029,1
3245803,1
4306893,1
2198645,1
768883,1
4278391,1
2221809,1
1004743,1
3039572,1
4918215,1
1398313,1
2007753,1
505027,1
4428654,1
4921767,1
5266425,1
842714,1
1296209,1
5184598,1
3136576,1
4970362,1
1030191,1
1668996,1
4263865,1
3398965,1
1755723,1
2892822,1
1694915,1
4495458,1
3833716,1
4932691,1
3293851,1
2479100,1
3772309,1
2971813,1
4875282,1
532822,1
4211217,1
2211683,1
1044491,1
4714053,1
1282294,1
2683629,1
173264,1
4289795,1
3585133,1
5542194,1
2789910,1
4804759,1
2658656,1
3738777,1
4574319,1
879980,1
4470235,1
117165,1
3602673,1
1704178,1
44008,1
3386936,1
2849746,1
4778339,1
2394850,1
1849872,1
2326361,1
2451130,1
384265,1
3483348,1
2985718,1
4050818,1
2853937,1
3595756,1
309619,1
4555407,1
5546935,1
3036080,1
3504769,1
1960216,1
4190154,1
2943927,1
3310277,1
4980630,1
2218371,1
4451477,1
5032378,1
4544910,1
799285,1
3678729,1
4726864,1
2214081,1
4275436,1
2751507,1
5315759,1
1560852,1
4408104,1
1694983,1
3946039,1
1620201,1
3231100,1
2191027,1
4686104,1
5392856,1
5161002,1
2438643,1
20973,1
2434942,1
2667222,1
834057,1
849247,1
5562,1
2042658,1
2058118,1
3505770,1
765683,1
1505474,1
774241,1
2914942,1
3643279,1
4874657,1
711169,1
2068821,1
2771372,1
2606559,1
3826044,1
4687846,1
1249548,1
1481089,1
2439085,1
254771,1
2203999,1
4560298,1
4818508,1
2889821,1
3547482,1
5501909,1
1767649,1
4388176,1
5239667,1
3105535,1
4886264,1
1425107,1
4249225,1
5512052,1
4836616,1
1115720,1
3300291,1
1390456,1
1447513,1
866563,1
96671,1
4375186,1
1512773,1
2952168,1
5200304,1
1146706,1
1012340,1
3673770,1
304342,1
542009,1
469563,1
4325995,1
501254,1
3843469,1
2964898,1
3935957,1
2973668,1
2177230,1
1244272,1
3438254,1
4668668,1
3597720,1
4549686,1
5296794,1
1911365,1
3569038,1
2334995,1
5219657,1
2964047,1
3210229,1
2003094,1
1125095,1
2937576,1
1858818,1
4752811,1
3059943,1
4539031,1
644763,1
4864190,1
2937981,1
1712750,1
639886,1
3903360,1
367001,1
1813356,1
3311535,1
4678750,1
2101435,1
3812227,1
2991342,1
730825,1
4703140,1
1779699,1
3424792,1
5111536,1
2955811,1
1627737,1
291699,1
3199082,1
478845,1
2753311,1
377628,1
1599937,1
1472101,1
1879287,1
5119513,1
4295661,1
5080583,1
385456,1
2363391,1
561951,1
3967617,1
1724048,1
5030967,1
148577,1
744088,1
4263738,1
616896,1
107755,1
593726,1
4827821,1
5281795,1
2042903,1
3971806,1
3107463,1
1054688,1
1559301,1
1591130,1
2423995,1
5111163,1
1097188,1
168854,1
3253242,1
4862361,1
4771145,1
3204494,1
2050471,1
4741637,1
2098454,1
4883658,1
2471173,1
3720877,1
3087715,1
2215988,1
48641,1
5538274,1
1361419,1
5538857,1
4647390,1
5224474,1
240549,1
5105179,1
4406626,1
466121,1
4938430,1
4342739,1
2911219,1
3566312,1
3314803,1
2746633,1
4529656,1
3002349,1
3998735,1
3234571,1
4933839,1
1598485,1
3417636,1
151848,1
1853530,1
3262024,1
3336605,1
1673652,1
2370908,1
4901228,1
3818245,1
2392029,1
4709789,1
3388089,1
3721675,1
3549125,1
2038298,1
2312530,1
234246,1
2525744,1
1989905,1
4599804,1
715250,1
3696232,1
5078299,1
869853,1
3135015,1
4782626,1
860236,1
2893234,1
828316,1
4727303,1
1293793,1
2230550,1
1406127,1
4975582,1
1410195,1
1763642,1
4847623,1
1578390,1
5084290,1
2586529,1
5526954,1
848127,1
4091416,1
3618896,1
5132903,1
983854,1
1478803,1
360572,1
625922,1
1591528,1
4114471,1
108353,1
3486885,1
2363073,1
1232533,1
323722,1
4140881,1
78724,1
4066519,1
2184849,1
4706711,1
989983,1
1068803,1
2413131,1
5204860,1
1939266,1
361400,1
1872406,1
4572582,1
4631013,1
5454197,1
3830033,1
4267192,1
1503201,1
487253,1
627120,1
2291101,1
2865128,1
997156,1
4267456,1
1672221,1
4962784,1
5122831,1
3119714,1
4218038,1
4105800,1
150349,1
304410,1
5247334,1
2917805,1
2944410,1
5426174,1
2924976,1
663753,1
4011251,1
1671599,1
3724137,1
2107036,1
1880970,1
1328762,1
1883512,1
5035499,1
2719686,1
3758755,1
1171314,1
4371783,1
3299777,1
3664647,1
452407,1
1134562,1
4095485,1
3103850,1
2399382,1
2218515,1
4187012,1
3573578,1
4916859,1
2163822,1
3025612,1
4589778,1
522794,1
2594855,1
371182,1
2995097,1
3598923,1
192634,1
2112496,1
5275537,1
381311,1
335803,1
608346,1
2733176,1
3870300,1
1684144,1
4569306,1
4592007,1
4064543,1
3328858,1
5188836,1
2910173,1
2114235,1
3375579,1
2716181,1
1698127,1
3592480,1
1808106,1
3658100,1
1067045,1
2182387,1
350075,1
656809,1
4374057,1
3085013,1
3423185,1
5491057,1
5296655,1
4576057,1
4800231,1
3562237,1
1943069,1
5216937,1
1426419,1
930382,1
3604640,1
1732176,1
1438738,1
5048035,1
62627,1
15187,1
2153160,1
1625430,1
2869276,1
4878204,1
4415643,1
4670668,1
1450190,1
1889865,1
106506,1
1071673,1
799260,1
4934797,1
4377343,1
4263720,1
4421214,1
3964515,1
2996015,1
4258611,1
3141510,1
189200,1
583921,1
3184977,1
2111054,1
1001388,1
4178609,1
810971,1
807540,1
3968818,1
257780,1
905787,1
739381,1
5008182,1
5244805,1
4379853,1
5391838,1
2298836,1
3206855,1
3594752,1
4473319,1
2342071,1
903317,1
46408,1
2059570,1
4604054,1
887910,1
611253,1
437568,1
3164046,1
909802,1
4795488,1
4640393,1
1756339,1
3947029,1
2670001,1
2269680,1
4703744,1
5344140,1
150535,1
3460783,1
3913110,1
4214,1
3951577,1
4736937,1
805175,1
994549,1
4710365,1
2925544,1
3831617,1
2890446,1
4236441,1
4376362,1
5021123,1
3386723,1
5094081,1
1683927,1
3727806,1
3115558,1
2892509,1
3962154,1
1907557,1
1322606,1
5368460,1
4233032,1
2486121,1
1556156,1
1222119,1
2806734,1
806124,1
682333,1
5075507,1
1321580,1
928213,1
1145906,1
635048,1
5037630,1
1656103,1
2787112,1
3103699,1
3807312,1
3710334,1
219871,1
1289464,1
3090138,1
450820,1
3920925,1
4389489,1
1918122,1
687438,1
3048075,1
2707215,1
4960199,1
5169814,1
1226300,1
380095,1
3999741,1
4356584,1
574878,1
3638225,1
4630175,1
2078504,1
1929137,1
2575621,1
2729760,1
3771622,1
4319501,1
1613361,1
660807,1
322620,1
747401,1
2302967,1
4363344,1
3562708,1
2022149,1
5233827,1
156846,1
575371,1
3719956,1
1366329,1
4404008,1
5454078,1
2343371,1
4319758,1
5349077,1
1449457,1
2494165,1
131339,1
3557343,1
2950719,1
2123984,1
4560991,1
3654963,1
3084767,1
5259705,1
646129,1
4532465,1
498964,1
1496995,1
3268611,1
2144483,1
1646995,1
163522,1
4128966,1
811166,1
5318022,1
4714458,1
2533783,1
2753442,1
232909,1
1380200,1
3852177,1
573668,1
4943229,1
3550190,1
2610480,1
974391,1
3950209,1
251790,1
1656733,1
3534717,1
1405716,1
3345942,1
824377,1
3940912,1
4463742,1
1489632,1
5369018,1
4665743,1
740804,1
4822141,1
1448083,1
5189500,1
3371162,1
422187,1
3018569,1
3328749,1
1989989,1
1300063,1
5289179,1
5548327,1
2500261,1
2664135,1
5537746,1
3413363,1
5052675,1
4563321,1
504664,1
3489945,1
3794983,1
1783929,1
157524,1
4189960,1
4510746,1
2805578,1
1529739,1
1547624,1
2380852,1
2014249,1
1063650,1
1786860,1
1450110,1
2461914,1
4408857,1
609678,1
