ID,DEP_DEL15
152931,0
4566748,1
3264510,0
1885080,1
5501259,0
2039156,0
1120359,0
1635150,0
4766512,1
3972901,1
4376791,1
472751,0
1472021,0
5178383,0
1815184,0
544573,0
1677722,1
4627038,0
4543593,0
4825733,1
3074806,1
288914,1
915059,1
4002630,0
3303419,0
5187790,0
348850,0
434630,0
2585457,0
476323,0
3630105,0
3807434,0
2983556,1
884152,0
2086110,1
863721,0
3358693,1
5064262,0
2171657,0
3237079,1
689542,0
2751720,0
441001,0
977122,1
849631,1
4474383,0
156735,0
5186162,0
4110433,0
2601101,1
583584,0
5330724,0
948216,1
776667,1
2338573,0
4935250,1
5405534,0
2514933,0
639986,0
5006287,1
1198633,0
3214973,0
4918764,0
3945138,0
1879673,0
4794867,0
4691460,0
243421,0
4322922,0
1038622,0
2745209,0
1984217,0
490097,1
5215059,0
5440794,1
5149559,0
5159632,0
3548452,0
5296481,0
293412,0
4940174,1
252003,0
5102591,0
2733856,0
134809,0
3865820,0
3298490,0
5254114,1
3832527,0
2863956,0
1992313,0
1579549,0
118931,0
2411208,0
846952,0
783245,1
994463,0
3852887,1
3100837,0
2544183,1
54873,0
1962996,0
2365626,1
2713669,0
2564997,0
5423931,0
3717423,0
1881767,0
1348018,0
3692784,0
3474577,0
5479083,1
3665794,1
4319880,1
985340,0
792401,0
58610,0
2153625,0
1815050,0
4435309,1
3114647,1
4677493,0
1064303,1
3443869,0
5120313,1
4799959,0
1292813,1
570120,0
2094589,0
628624,0
4993267,0
895484,1
615757,0
1395502,0
2187154,0
2024471,0
3565595,0
4484119,0
3406130,0
1975378,0
4363918,0
2055390,0
1872203,0
3695394,0
2780372,1
1314068,0
5398786,0
5422270,0
4952856,1
3193305,0
4711896,1
1058605,0
4623961,1
5013379,0
770027,0
3308344,0
4870539,0
3358083,1
3976992,1
2020189,0
4589959,0
552726,0
2954533,0
850695,0
2378059,0
1690678,1
3771054,0
3090852,1
364838,0
1586976,0
2637962,1
3875951,0
1434909,0
4635191,0
4701522,1
2714765,0
3156610,1
4227984,0
5100651,1
1799324,0
448123,0
5200902,0
826336,0
4374252,0
5247071,0
333683,0
2039054,0
3213741,0
204991,0
571151,1
4021759,0
992086,0
658690,1
3209582,0
577743,1
2196951,1
236769,0
4927127,0
3495303,0
3112972,0
4688515,1
1246089,0
1280551,1
3524818,0
264756,0
4594328,0
1646332,0
5264350,0
3674039,1
1314935,0
973868,0
556328,0
3951095,0
4494118,0
1943683,0
3253561,0
4541501,0
5548507,0
3453635,0
3271973,0
2830783,0
4154957,0
3173895,0
4818737,0
783046,0
4300879,0
310776,0
1871566,0
2735306,0
1920241,0
2486941,0
3914160,0
5460141,0
5378398,0
2548701,0
3523200,0
3300120,1
301021,1
1127075,0
5321507,1
1383397,0
2298790,0
2109030,0
504814,0
4341940,0
4686544,0
450392,0
3441225,0
4007061,0
5552824,0
1003427,1
3493582,1
370840,0
1373259,0
4425847,0
3983103,0
169611,0
264624,0
1704107,0
4180246,1
1520255,0
4018239,0
4223315,1
3981118,1
3198941,0
3141936,0
4507192,0
28978,0
3576912,0
3182359,0
1939500,0
5504105,0
5556657,0
3457605,0
2152912,0
4631941,0
5257327,0
1422382,0
710808,1
2069830,0
2898618,0
4009283,1
1906783,0
2506924,0
4878779,0
972503,0
4866658,1
1989736,1
3631771,0
4761375,1
2982568,1
190933,0
670544,0
1611740,0
4390329,1
3627454,0
5126897,0
5087064,0
292873,0
4516911,0
1422947,0
4054112,0
3726570,1
4629956,0
3434648,0
4863057,1
3394732,0
4244429,0
5547295,0
1363976,0
4144725,1
1176893,0
4672633,0
921366,0
1172230,0
475007,0
4060473,0
5002141,0
1032083,0
5217185,0
1611743,0
2254768,1
5552027,0
4666938,0
2282714,0
1901625,0
3098838,0
5239196,1
1411584,0
623398,0
3917895,1
2108290,0
5369125,0
4972193,0
58831,1
5269398,0
4952081,0
3784440,0
1637433,0
2346623,0
4643992,0
2888948,0
5094712,0
2305988,0
4459322,0
1244729,0
2876405,0
4030043,0
1566443,0
2936811,0
3195035,0
146774,0
4082867,1
3094811,0
3511045,0
941809,0
3103840,1
5347053,0
659837,0
1258930,1
1704396,0
4598619,0
112102,0
3894448,0
2219179,0
2824595,0
3681707,0
4676532,0
4095884,0
4869406,0
2078184,0
3021195,0
2138257,1
704664,0
4744506,0
3800408,0
2047831,0
4486884,0
4561770,1
2815155,0
3423818,0
2277944,0
1687843,1
2339585,0
2600955,0
1998766,0
2177620,0
1892118,0
2095078,0
223632,1
4239600,1
2834610,0
4866415,0
2091742,0
3861720,0
1046989,0
4989622,0
171508,1
5098958,1
995436,0
2065829,0
3147012,0
2313721,0
2512247,0
4626317,1
32939,0
1336160,0
1603652,0
4789515,0
2872521,0
4114732,1
859995,0
1311249,1
4930447,0
5014713,0
2920696,0
3082455,0
4979903,0
2519697,0
2343356,0
41381,1
1123352,1
3516208,0
2453672,1
3203245,0
5557868,0
3538207,0
1493951,1
3259062,0
2131951,0
4684174,0
2453381,0
300606,0
1204629,0
4511614,1
4923183,1
5337735,0
2921856,0
4023262,1
3947072,1
1715518,0
727036,0
3019497,0
1844711,0
5185118,1
3996062,0
108757,0
333507,0
5214567,0
2916074,0
616731,1
3637222,0
2978211,0
5280559,0
2360393,0
3922346,0
4983942,0
2157068,0
3929572,0
5195995,0
4924705,0
1268275,0
1545332,0
2109025,0
2160295,0
3429720,0
50592,0
3735401,0
1184132,1
3063045,0
4762529,0
4170535,0
907877,0
4135120,1
4472446,0
2442795,0
1020010,0
2131435,0
3747011,0
2773625,1
5245969,0
1926530,0
1955253,0
1836790,0
4039861,0
2808744,0
3568319,0
4639630,0
3048425,0
2002246,0
7157,1
3061718,1
4309951,0
3028212,0
1787523,0
5213341,0
2862870,0
4476917,0
1476066,0
5381112,0
4158947,0
1345823,0
3050842,0
4270251,1
223562,0
5096667,1
2769677,0
241094,0
1476431,0
792024,0
3709192,0
3406944,0
5335598,0
379397,0
3151560,0
4902160,0
14295,1
3039370,0
3089887,0
3271575,1
4282360,0
1266918,0
3732213,0
4132388,1
5135001,0
4632308,0
4314777,0
4153576,0
52237,0
2178204,1
1702214,0
91900,0
4873181,1
1387685,0
3482929,0
2176840,0
2036237,0
2567964,0
3197224,1
582704,0
4888733,1
2410833,0
3214649,0
4231384,0
1759821,0
5411235,1
3780536,1
2995519,0
4971965,0
4197311,0
2332475,1
2137310,1
2669541,1
1802635,0
4884303,0
5022039,1
4749589,0
1756687,0
2793993,1
4332937,0
3585352,0
2042069,0
459784,0
3863706,0
2336282,0
240529,1
347663,1
1776419,0
1627454,0
347254,1
499828,0
4397636,1
887400,0
1471810,1
2845331,1
3507431,0
2328811,0
693678,0
2006669,0
4856694,1
2959303,1
2914458,1
4041938,0
855603,0
526626,0
2815247,1
1247336,0
5554840,1
2699397,0
75792,0
5034676,0
2598241,0
4725106,1
1729710,0
3909587,0
3464879,0
4957747,0
2865190,0
3449101,0
3117130,0
2214837,0
3962395,0
4209262,0
1298636,1
1449655,0
3222621,0
3363184,0
4344780,0
4502715,0
1758267,0
2760331,0
3585803,0
3349589,0
123181,0
203387,0
4622853,0
5434157,1
5444623,0
859089,0
966359,0
3627731,0
2828815,0
994087,0
1729046,0
4940668,1
1603280,0
4104318,0
854507,0
1945608,1
62392,0
74719,0
1337576,0
3456597,0
5318119,0
1308627,0
1927278,0
813447,1
4402352,0
2073475,0
5239408,0
1751178,1
116255,0
3416725,0
5198460,0
4464256,0
1558370,0
158788,0
4460159,0
2874277,0
3884799,1
4040680,0
714396,1
838015,0
486290,0
5063248,0
3853770,0
5036533,1
3473109,0
4611682,0
5377599,0
3803481,0
3976075,0
502621,0
3546754,0
3704019,1
3576505,0
2210033,0
3016034,0
4245135,0
2218936,0
2324664,0
2626344,0
4463601,0
2696788,0
4518103,0
2665012,0
3647087,0
3548736,1
5206206,0
3346339,0
4319917,1
1601119,0
2424624,0
3265022,0
1785984,1
205036,0
2638065,0
89032,1
3994978,1
3752472,0
5507604,0
3725919,0
325802,0
3182837,0
2567394,0
3601148,0
2245557,1
2778246,1
3100084,0
4737867,0
1052986,0
1562232,0
4339122,0
4922610,1
2621584,0
3796047,0
4587556,0
2627592,0
4441785,0
2920932,0
3732019,0
4318386,0
2288307,1
15137,0
2787745,0
2378291,1
4124477,1
2280156,0
3247570,0
3136860,0
2242429,0
3788158,1
2656386,0
1799909,0
5232426,0
120607,0
4545159,0
1542082,0
68836,0
1929043,0
5521644,1
4637351,0
5135390,0
40846,1
5107663,0
2188108,0
1455391,1
3081554,0
4458570,1
4172907,0
1281547,1
2135238,0
3749140,0
2597784,0
5024296,1
5391003,1
3944889,1
3673139,1
2738622,0
3329960,0
583157,0
931257,1
474869,0
3863409,1
4940101,0
5027979,0
967809,0
2445643,0
2109544,0
4825420,0
1341395,1
2646842,0
2915198,0
2406006,1
4682968,0
4391095,0
497750,1
1254394,0
4113455,0
892843,0
3973864,0
564887,0
4484079,1
3366361,0
3786833,1
2575613,1
3181756,0
2610412,0
1024994,0
4072510,0
3260154,1
2725431,1
5283892,0
1474545,0
1468129,0
4346575,1
2676675,0
982940,0
1380343,0
1745047,0
2983051,0
3413702,0
2629528,0
2793905,1
1617244,0
2124332,0
994100,0
2923225,0
3303242,0
818894,0
5111578,0
922593,0
4753630,0
764935,1
4245300,0
133553,0
3494440,0
4205700,0
733308,1
4991806,0
1549970,0
1951480,0
2315148,1
2192546,0
2884938,0
3507357,0
1547328,0
2900474,1
2642555,0
2990608,0
1608744,0
88937,0
4782167,0
4573243,1
4451000,1
5160236,0
4960736,0
3720298,0
5548225,1
1667355,0
1454163,0
1269260,0
128340,0
5315386,0
2282640,1
3115294,0
2263836,0
1791221,0
4475195,1
4737776,0
3633976,0
443337,1
1479108,1
3426524,0
5538534,0
5329359,1
3994638,0
2647663,0
3584888,0
4948045,0
5445825,0
4125048,0
3753025,0
4838166,0
4300678,0
3150508,0
4134023,1
2457526,0
5109994,0
2355225,1
5330302,0
4021484,1
3650234,0
787109,0
3997567,1
2652045,1
2577949,0
4518820,0
4227684,1
2086827,0
4475838,1
2047725,0
172946,0
2951061,1
5163470,1
1322547,0
278493,0
3616554,0
3828268,0
4265230,0
1728310,0
3770131,0
21658,0
4516023,1
5445443,0
1217403,0
3598418,1
2717080,1
1472446,0
165175,1
770100,0
1938254,0
4566846,0
4126390,0
1074197,0
4909112,1
1693837,0
3306238,0
3171207,0
851389,0
3588258,1
1170042,0
5161071,0
4943158,0
4031291,1
2381391,1
2738869,0
5059818,0
1398927,0
2087477,1
997887,0
4377793,1
4065598,0
1078794,0
1835488,0
1518818,0
5050963,0
185896,0
5486956,0
538318,0
2071346,0
1022360,1
3970555,0
1705483,0
1263130,1
975451,0
3475974,0
3945347,0
5250834,0
3348483,1
3988565,1
3050761,0
2345438,0
3193179,0
2002196,0
2181096,1
4794918,0
5321956,0
1840292,0
601435,1
3469641,0
5357529,0
2838082,0
1787833,1
4662424,0
4550373,1
3397935,0
3131552,0
2854370,0
4108985,0
2541281,0
4106968,0
2922741,1
4638033,0
4173240,0
620542,0
14496,1
97854,0
5542447,0
60123,1
2014233,0
4330631,0
44247,0
1757261,0
3655585,0
5171184,0
4280765,1
1059344,0
3141455,0
3165435,0
5516971,0
5308211,0
3065960,1
737962,0
5556212,0
4579165,0
2658203,1
675557,0
2197948,1
3353446,0
2615941,1
4720500,0
4304642,0
715961,0
4185327,1
4371953,0
5443201,1
2360690,0
4296710,0
2623851,0
1385795,0
2359492,1
498386,0
4525626,0
4245764,0
1573398,0
2751227,0
132111,0
225355,1
1797681,1
1887775,0
4425247,0
1291250,0
3957820,0
306566,0
1034255,0
2861676,0
2815592,0
5361280,0
1218187,0
2267993,0
527453,0
5296482,1
4561751,0
2256238,0
3446271,0
4045696,0
3787335,0
2851093,0
4184725,1
207541,0
3294351,1
19391,0
1356604,0
3705239,0
5046818,0
2255865,0
3690151,0
2918360,0
4658548,0
1487500,1
540309,1
146455,0
2923659,0
3543229,1
1292120,0
5318005,1
3435703,0
3881113,0
2711513,0
4298327,0
2813687,1
28688,0
4476185,0
1268686,0
100254,0
5240716,0
316211,0
4252552,0
1167691,0
4196611,1
4171342,1
2715421,0
3417286,1
3707649,0
3869933,0
926341,0
3038649,0
2616853,0
3588595,0
5031026,0
3825388,0
5271458,1
366927,1
4563435,0
2614435,0
3451711,1
1517784,1
2167848,1
36885,0
4621668,0
960439,0
685915,1
897856,1
3126667,1
1608620,0
1208898,0
2837432,0
1717242,0
5232167,0
1287828,0
1979517,1
4921203,0
449641,1
2257632,0
4977486,1
2750498,0
1801253,0
3029201,0
598705,0
2416805,0
2008671,0
560822,0
4122861,1
5137398,0
2924670,0
4424567,1
4731691,0
848470,0
2462378,1
1055016,1
4117831,0
1903388,0
3602353,0
1306149,1
4554217,0
4186201,0
1686202,0
5031332,0
5502515,0
14597,1
776885,0
3543843,0
4262655,0
237126,0
2319983,0
896896,0
5536528,0
3722962,0
2974805,0
4874015,0
1247264,0
2006431,0
4431409,0
3175374,0
1241420,0
5445310,0
4883484,1
2073394,1
3397631,0
1344650,0
1533979,0
4751068,0
4414676,0
1661067,0
3395923,1
4299545,0
4348021,1
4641790,0
782747,0
4497370,0
1785190,0
5518467,0
864978,1
2325652,0
2591256,0
439453,0
1095861,0
2275544,1
1080453,0
3773482,0
539741,0
2520758,1
4220592,0
33911,0
1626316,1
587488,1
3500758,0
4903422,0
3905039,0
867874,0
1493045,0
3193287,1
5314543,1
981492,0
114812,1
1716634,0
2193020,0
5145739,0
2117627,0
729707,1
5017636,1
3398298,0
318249,1
4993999,0
414948,0
344252,0
2209705,0
4826974,1
3410318,0
38523,0
457342,0
4017490,1
4980525,0
710800,1
2859268,0
5169102,0
5283533,0
3328154,1
2075315,1
4076233,1
1846837,1
4428656,0
4141751,0
3134346,0
1544931,1
501813,0
5008498,0
406133,1
4799311,1
1829216,0
3182658,0
3177899,0
2809966,0
3494798,0
3814159,0
4336425,0
318978,1
1531606,1
4734724,1
3760255,1
3011980,0
918228,0
5162642,0
1052335,0
2681857,1
5081431,0
3854952,0
4168820,1
2154203,0
4985495,1
2539983,1
1757315,0
2814936,1
5260104,1
4112055,0
3729882,0
2618291,1
2372698,0
3135162,1
4184273,0
866958,1
1676172,0
2422464,1
2211911,0
5506118,0
5180220,1
2674833,0
1925479,0
4645098,0
1683990,1
4695631,0
1562692,0
3496604,1
1716980,1
5015731,0
5511783,0
3854570,0
3533919,0
4938204,0
3790936,0
3735842,0
5167067,0
5267362,1
760393,0
4731615,0
3666584,1
5143687,0
47496,1
3641963,0
2598436,1
2281296,1
3610072,0
332183,1
2033616,0
4451589,0
3181217,1
2931513,0
5397672,0
2354774,0
913834,0
795024,0
4552465,0
2179990,1
4579788,0
1767346,0
1454398,0
3071275,0
2024256,0
5079863,0
517941,0
1022042,0
4927387,1
2580175,0
654718,0
2177898,0
216358,0
3294932,1
1955044,0
5433465,0
2596305,0
1649623,0
3744891,0
3616496,0
1730518,0
2431441,0
280206,0
3804522,0
854255,1
2274023,0
3003797,0
4720681,1
3998824,0
4792399,0
1714674,0
658008,0
2139009,0
3558770,0
1117850,0
1305243,1
340014,0
4844426,0
146662,0
742711,1
1627201,0
3998074,1
4939289,0
2836186,0
1667769,1
4313985,1
2412128,0
915,0
4997968,1
1465464,0
3036168,1
138906,0
2897988,0
3317550,0
1882223,0
4047555,0
3514751,0
1491551,0
3077576,0
4897916,0
1895187,0
2931915,1
4162020,0
2447896,0
1037060,1
58063,0
2070040,0
3078510,1
2883019,0
1551172,0
4263739,1
62582,0
911529,1
2533392,0
3160859,0
4326206,1
2612262,0
3690258,0
4470682,0
2838370,0
612947,0
3691017,0
4144303,1
3165460,0
1321903,0
1427557,1
3551852,0
85109,0
1026426,0
5060695,0
2065826,0
2776481,0
2133002,0
1493912,0
653548,1
3179060,1
1474651,0
567111,0
2277119,0
1393205,0
4184533,0
3817278,0
3451084,1
707362,0
2698683,0
1885204,0
4055642,1
72730,0
5108141,0
3339648,0
94660,0
3620601,0
2552117,1
1689275,0
402894,0
1956641,0
1960388,0
4732830,1
65474,0
3682849,0
5342711,1
3713265,0
2661334,1
1800301,0
419686,0
3275376,0
257781,1
4037663,0
3834941,0
5277310,0
4820950,0
1316115,0
779510,0
3172688,1
2424173,0
1868200,0
1155640,0
3813076,1
5529026,0
1206877,1
2295703,0
863,0
4329364,1
402904,0
2635110,1
567801,0
1886850,0
951945,0
3457599,0
310068,0
5316534,1
4073067,0
4565756,0
3126535,0
968391,0
3774422,0
3276832,0
5042630,1
5110513,1
4760887,1
3911516,0
275614,1
4012491,0
1134456,0
5435359,0
2948841,0
2571851,0
1942505,0
1530123,0
4245192,0
2027871,0
28715,1
3473416,1
1041004,0
4362502,1
2284004,0
1721605,1
2207136,0
4402199,1
4619533,0
2183746,0
5265195,0
952331,0
1708515,0
4564817,1
1641591,0
3770566,1
5098178,0
1103537,0
4459098,0
1348914,0
2447524,0
3684737,0
3810776,0
5293736,0
3127535,0
769487,0
4346375,0
4242084,0
164953,0
5250112,0
2185421,0
4806335,0
4862961,0
535437,1
2541726,0
5252629,0
1375285,0
3069278,1
560957,1
329241,0
4594179,1
3893440,1
2600399,0
4623026,1
659106,0
2543214,0
4623405,0
1385125,1
4792739,0
4665130,0
274045,0
1158427,0
402949,0
4529796,0
153218,1
905069,0
4070504,0
3602600,0
1279901,0
3784666,0
778366,0
5286774,0
3297703,0
4203337,0
2413127,0
1184701,0
3665809,1
99688,0
2025311,0
4951411,1
370671,0
4418142,1
5545280,0
1271023,0
778368,0
4265816,1
2539128,0
1971333,0
575152,1
2421701,1
3801572,0
2631303,1
5151513,1
3585207,0
760760,0
3295348,1
948465,0
40047,0
907587,0
5316468,0
5421931,0
4586644,0
5447903,0
3619365,0
1618136,0
644678,1
1478384,0
525636,0
2806936,0
2201895,0
4238609,1
5340808,0
3382197,0
817696,0
3972138,0
4246617,0
3558759,0
4503259,0
755497,1
3161199,1
2281243,1
5369854,0
1166274,0
4848087,1
4077222,0
1809456,0
366709,0
5551997,0
1426017,0
2975098,0
4759824,0
2290330,0
4257983,0
1613522,0
5119452,0
1791717,0
3327777,0
3419796,0
5554132,0
3120129,0
4137516,1
823645,0
5341680,0
4522027,0
1844828,1
1289141,0
1165680,1
3689444,1
3518504,0
2892461,0
2538039,0
3924116,0
4855984,0
5381270,1
5486657,0
4288915,0
1740219,0
5142286,1
4025186,0
1014573,0
2895813,0
2693325,0
1577799,0
1508369,0
876547,0
4957950,0
5341971,0
4595638,1
1427074,0
1393693,0
2605621,0
1978178,0
2978012,0
3173215,0
1956224,0
2660827,0
4341891,1
5011706,0
900208,0
4199055,0
1151949,0
1232805,0
1244195,1
222780,1
3218186,0
2303507,0
167081,1
653443,1
881129,0
600732,0
3040384,1
2164662,0
3951341,0
2376528,0
4893482,0
4727138,0
4820861,1
4269462,0
1526185,0
3759427,0
212151,0
506178,1
3076802,0
4325926,1
730252,0
858918,0
4972765,0
444219,0
5526595,0
1309921,0
5363284,0
3583298,0
2351077,1
5046179,0
3077592,1
627778,0
4979606,0
1484784,0
1039891,1
3368414,0
3841648,1
1644194,0
5179320,1
4678259,0
2877479,0
4303316,0
3036766,1
4747115,0
960343,0
5378038,1
5154168,0
4103453,0
4367055,0
5011274,1
2799079,1
1719557,0
2054151,0
4180794,1
1643263,0
1976764,0
164574,0
4291770,0
5134762,0
2386550,1
2471583,0
403486,0
3878038,0
5503816,0
747181,0
3331484,1
4003006,0
4443746,0
244122,0
2620246,1
2464319,0
385392,0
5525589,0
4507076,0
5207856,0
1783360,0
1819098,0
2232155,0
3842035,0
4856946,0
3344431,1
4743119,1
4767977,0
2382707,0
2862316,1
1207488,0
3189253,0
3190204,0
2530624,0
3461853,0
772279,0
4345471,1
1104443,0
1784859,0
3943128,1
810860,0
187491,0
514841,0
199247,0
325566,0
3702006,0
3448656,1
3865328,0
3331464,1
4923306,1
432629,0
4924817,0
260262,0
502474,0
5461508,0
4132373,0
4011355,0
1848261,1
3804418,0
4451743,0
820090,0
307282,0
3307380,1
4811662,1
5448967,0
590127,1
680281,0
2300499,1
3916211,1
2190017,0
5040400,0
3269981,0
3123755,0
534261,1
1437768,0
1994102,0
1267067,0
4862981,1
2521680,0
1146968,0
1351425,1
3421977,0
1563311,0
517761,0
2249165,1
5259867,1
3649746,0
2709770,0
1515581,0
3114399,1
2820960,1
4302117,0
5217100,1
3396284,0
1676015,1
3184715,1
1320305,0
129542,0
1871991,0
5543156,0
256014,0
2537165,0
3964660,0
3909955,0
2331189,0
4314796,0
2786731,0
4474496,0
3844342,0
3840623,1
1687951,0
2761572,0
2942111,0
876267,0
1268455,0
4436871,1
1737786,1
1019914,0
894941,0
5141944,1
3787935,1
3241541,0
4463535,0
3442774,0
2163791,0
258018,0
3504196,0
3515864,0
880509,0
904221,0
4640202,1
5169324,0
1042497,0
3696744,0
632641,0
4070368,1
2704003,0
3994715,0
4496428,0
4257093,0
1767163,0
4485223,0
3407597,0
4013751,0
3477082,0
775634,0
5224991,0
5277684,0
3504343,0
914747,1
4481366,0
2131711,0
2669469,0
1651619,0
1620548,0
5525390,0
3427029,0
2717419,1
4660680,0
3682509,1
4302038,0
2009721,0
895193,1
3353246,0
1467847,0
4117643,1
1713708,0
3806404,0
4035044,0
2508858,0
4100951,0
1301926,0
240835,0
1725907,0
3321281,0
1515929,0
3508408,0
2001239,1
3311281,0
3460378,0
1297304,0
5192400,0
3453594,0
5372964,0
5512890,0
4541204,0
3110492,0
1902796,1
1612378,1
5014016,0
508616,0
171077,0
629856,0
3144330,0
1613587,1
999116,0
358065,0
2355241,0
4415900,1
2426628,1
5461825,0
262208,1
276601,0
1943487,0
3642198,0
1561624,0
698587,0
1423595,0
4243027,0
5071220,0
861485,0
3271044,1
415674,0
4024624,1
5251504,0
3036241,1
5144387,1
980609,1
5417543,0
992319,0
4739887,0
4951600,0
1071794,0
2708547,0
3933446,1
5490586,0
4999258,0
2799626,1
1070479,0
5088010,1
154129,0
737042,1
2663743,0
5537793,0
4681099,0
4891810,1
111967,0
4855042,0
3583798,1
2039437,0
1085507,0
4705724,1
2600835,0
683429,0
4757048,0
1979631,0
3058162,0
1421263,0
10096,0
4763954,0
2363168,1
1040770,0
2366902,0
24956,0
240113,1
1394629,0
1232209,0
4049535,0
1651931,1
1816121,1
4042237,0
675988,0
436320,0
2893797,0
196788,0
2815352,0
1905665,0
1995454,0
367027,1
4249363,0
2421088,0
5485732,0
718322,1
3399162,0
4916544,0
3820249,0
348752,0
111239,0
4850655,1
5186314,0
2129666,0
173729,0
4666961,0
4758486,0
2968052,0
5215768,1
1769506,1
2533362,1
666565,0
2330511,1
363800,0
1210924,0
3611894,0
956647,1
4746487,1
4556137,1
1119408,0
1845418,0
2291622,0
4531934,0
2333674,1
3118909,0
4411174,0
1596458,1
934419,0
3559665,0
3500543,0
717440,0
3288094,1
3956248,0
2156265,0
2739405,0
3368570,0
3036309,0
2875869,1
5506876,1
1023582,0
799775,0
623378,0
4279274,0
3628413,0
2086431,0
5026379,0
3989868,1
384306,0
1570260,0
4806716,0
688433,0
1609359,0
1438565,0
3468464,0
4811035,0
5285185,0
5302810,0
5537819,0
5391343,0
994672,0
1228133,0
2239435,1
559069,0
5234579,0
2294215,1
1297710,0
3328036,1
5133848,1
2747558,0
2105694,0
5031438,0
1908402,0
72799,0
1383025,0
4171252,0
4827043,0
4690368,0
3464862,1
3799907,0
447625,0
2625327,0
1607977,0
4600280,0
5033977,0
3741327,1
5322478,0
57925,0
3069710,0
4907303,0
4474697,0
4599833,1
1024359,0
4750877,0
2460932,0
1867884,0
1273750,1
4797715,0
4261789,0
650632,0
2594916,0
2817948,0
974363,1
2345053,1
1138687,0
2576430,0
4512018,0
1103203,0
4308872,1
3045596,0
3941559,0
2281947,0
1722542,0
5067700,1
4244656,0
1947679,1
893665,0
390872,0
4832352,0
4104411,0
475516,0
4493567,1
4956784,0
743063,0
2574948,0
2217012,0
5301823,1
253671,0
5051418,0
1504414,0
4545651,1
4339896,0
3652915,0
2618185,1
3860261,1
2225918,0
1937894,0
5111372,0
1239373,0
2349574,0
1421073,0
149475,0
5421664,1
1114550,0
1956072,0
5316923,0
4012826,1
3978867,1
3610176,0
3183077,0
3919053,1
1698844,0
3108683,0
186849,1
2554799,0
4544234,0
5442105,0
2591164,0
97608,1
4817362,0
5334061,0
4048876,0
1676916,0
1598228,0
3773330,0
4406753,1
4520003,0
3163687,0
265408,0
2637808,0
2103711,0
4095279,1
3158554,0
5462462,0
3511712,0
5354254,0
1242447,1
5230241,1
798432,0
4624158,0
5311950,0
759311,0
1251646,0
4437441,0
2146356,0
2970760,0
537878,0
2024082,1
684184,1
5223450,0
2464172,0
3097093,1
2776127,0
4843179,0
552541,0
5318359,0
4183014,1
5370769,1
1759085,1
3127941,1
2799404,0
1896585,0
3418135,0
2074506,0
215740,0
930953,0
5390908,0
4183431,0
2045856,0
5494410,0
3674198,0
2245573,1
2129199,1
3893901,0
4202787,0
315017,0
4343157,1
1053472,0
2825754,0
5210588,0
5450373,0
1171346,0
3463283,1
2926991,0
1532002,0
1239867,0
861697,0
2322875,0
4190738,0
1613425,1
4302497,0
1260316,0
966924,1
3016005,0
4378719,0
4963976,0
5506188,0
3553647,1
1240089,0
1880807,1
4480362,1
2833531,0
2222515,0
5079572,0
547780,1
5283516,0
5400420,0
3057765,0
3883557,0
5241644,0
2842966,0
5400045,0
5525333,1
1713483,0
269640,1
2329373,0
2077991,0
4214481,0
2894560,1
1217774,1
3549860,0
2865657,0
4087467,0
1993927,1
5286115,1
3937901,0
681045,1
4983088,0
4001637,1
4977732,0
261862,0
5405703,0
5511654,0
1942674,0
5014925,0
2868681,0
1354413,1
4434873,0
426241,0
3471646,0
2594176,0
3574732,0
2319608,0
4194832,0
5165497,0
3838570,0
755915,0
5346913,0
3087471,0
1681006,1
249353,1
327956,1
2983659,0
4549141,0
5472925,0
3172442,0
356568,0
1607866,0
376223,1
903071,0
2712495,0
1107570,0
4541082,0
1368206,0
1738634,0
5280568,0
1767680,1
3717239,0
4449641,0
413867,0
2494923,0
2142328,0
3145158,0
5146006,0
3138008,0
1450866,0
3792468,0
5134942,0
3762782,0
1664582,0
585955,0
4809049,0
4790440,0
2179087,0
1158108,0
1113483,0
1274581,0
914061,1
1122398,1
3610453,1
3006787,1
1943512,0
5185042,0
182783,1
1283732,0
369597,0
5364766,0
202333,1
5002667,0
974460,0
5225753,0
2721173,1
1334615,0
4771657,0
4662522,1
4138058,0
2669507,0
3150815,1
5014037,0
4691566,0
1230164,0
4014439,0
2723187,1
4967964,0
4678208,0
5463950,0
5154922,0
3197608,1
4336933,1
201669,1
573893,0
1088463,0
2421624,0
944939,1
3124100,0
1526489,1
1957992,0
1965794,1
5325862,0
148658,0
490892,1
1257589,0
2933428,0
153285,0
4195034,1
2680291,0
2758208,0
837895,0
1643076,0
4305544,0
5397427,0
5432023,1
1717776,0
4420508,1
4624647,0
5039909,1
5489181,1
231801,1
2039817,1
1443854,1
5446306,0
5033486,0
2235945,1
1337146,0
4139346,0
5145719,0
924731,0
2852648,0
1521307,0
5395385,0
4587948,0
5107792,0
820109,0
169151,1
576813,1
1782819,0
946235,0
4073486,0
2831192,0
1503418,0
139918,0
4039035,0
1640241,0
4068554,0
4751793,0
4313606,1
1848022,0
2556735,0
1177001,0
1643752,0
4105974,0
4679057,0
4237370,0
3633609,0
4822187,0
485384,0
2470794,0
829084,0
2095980,0
2751035,0
3195959,0
1052235,1
427979,0
1655537,0
1980389,0
2996414,0
785510,0
1643637,0
2534230,0
1987004,1
5254024,0
1747868,1
1387054,0
4787073,0
1456462,1
2729615,0
2008384,0
4733227,0
65499,0
5346368,0
3102810,0
1132901,0
894903,0
3994842,0
2309120,0
3843182,0
668263,0
5229804,0
4937264,1
287858,0
3413630,0
1267906,0
2168478,0
3540856,0
3661235,0
4848555,0
168672,1
3755738,1
2041373,1
2310377,0
2976116,0
1053484,0
4247114,0
232090,1
1503238,0
1852432,0
2112026,0
5350623,0
1973207,1
1737333,0
594786,0
439195,1
1839737,0
1581640,0
3612406,0
4030623,0
5266635,0
4479790,0
3901589,0
2487032,0
1044312,1
1525733,1
2994353,0
5279646,0
816726,0
3263882,1
2805391,1
5422866,1
3134951,0
788537,0
2341208,1
5286572,0
1952288,0
4611071,1
5363444,0
2659039,1
1181121,0
1839662,1
1219936,1
4944906,0
4962705,0
5058297,0
3894880,0
5253427,1
5523602,1
900639,0
4233146,0
777702,0
3066987,0
4310116,0
3985043,0
1234129,0
2702975,0
1412707,1
2739030,0
3532926,0
5559302,1
874981,0
4579591,1
1159934,0
1361380,1
120115,0
1920160,1
3620725,0
2383136,0
1074186,0
3318184,0
3076878,0
1235214,1
2403960,0
27005,0
5172236,0
1236819,1
4511905,0
5040851,0
4072465,1
4532852,0
1489112,0
4963010,0
4888909,1
4036782,0
3072442,0
2104632,0
1075572,0
3828814,0
3076509,0
3663909,0
4682242,1
3959970,0
211590,0
5151753,0
2789919,0
3711692,0
3563559,1
3948937,0
1458491,0
2383297,0
1737831,0
3294530,0
4194791,0
4609132,0
4721332,0
5399060,0
1062972,0
1028211,1
5525697,0
4382416,1
2496318,0
3263369,0
3011457,0
2642038,1
4203813,0
2468188,0
1068231,1
1837612,0
3319995,0
4879381,0
3493964,0
4645444,0
1394861,0
389778,0
2812287,0
375318,0
26647,1
2114386,0
4764036,0
396319,0
3978996,1
4410002,0
4333698,0
1367880,1
982831,0
2235173,1
3726421,1
5426550,0
4174542,1
3496647,0
1505650,1
2545875,1
900881,1
2375670,1
3227414,0
972534,0
4205894,0
3236150,0
5014065,0
892627,1
5031433,0
3543724,0
561940,0
1714388,0
3331367,0
1123459,0
4917116,0
1150952,0
4300042,0
461344,0
1317924,1
5410304,0
2416000,1
463394,0
1397865,1
316735,0
957254,0
1925989,0
3507968,0
5094225,0
861811,0
4012638,0
1171441,0
4944306,1
2999012,0
1141237,0
308880,1
4399936,0
4284722,0
3384935,0
3857343,0
594988,0
711171,0
161620,0
832445,0
4623835,0
4426741,0
4222435,0
1767914,0
4898704,0
4881358,0
5199924,0
5141368,0
3821163,0
4121248,1
4820295,0
3564898,0
2581607,0
1957909,1
4106979,0
611368,1
2176212,1
1025060,0
1873707,0
2727569,0
3663560,1
4990838,0
2232226,0
2322535,0
1794945,1
374817,0
430497,1
311231,0
820236,1
4425369,0
5148010,1
2037667,0
4236666,0
1483700,1
1193856,0
2270166,0
2081157,1
2331376,0
5096532,1
2340372,1
4718083,0
5304013,0
3009571,0
1083763,0
1138170,0
1430189,1
1227501,0
4536497,0
3045073,0
4320684,1
117350,1
5203340,1
1470883,1
1870151,0
401802,0
2482561,0
5320552,0
707478,0
4130258,1
850810,0
3814712,0
2730752,0
1316347,1
1246388,1
2106592,0
5291520,0
3894311,0
3288709,1
3780527,0
4234837,1
3081416,1
829813,0
4717603,0
838956,0
1334840,1
2798192,0
2844068,0
2102881,0
447082,1
811674,0
1591709,0
4307416,0
428412,1
5383009,1
4951613,1
555680,0
5322201,0
4042660,0
2986012,1
3999498,1
3703257,0
2747658,0
3732659,0
796494,1
4206319,1
3924647,0
1023628,0
3577404,0
5132707,1
3433597,0
5360133,0
1941989,0
3018115,0
150389,1
404602,0
2934873,0
511486,0
5369272,1
2965564,0
1343738,0
561455,0
3562610,0
3187514,1
2947856,0
2297554,0
3270525,0
4003290,0
2542916,0
4199747,0
1794133,0
5445157,0
4566573,0
4219468,0
837027,0
3818692,0
2035305,0
1372414,0
3361336,1
3095854,0
4055551,0
3017988,0
701219,0
1861080,0
205522,0
3228439,0
1753950,0
2139069,0
3480296,1
176642,0
4944122,1
5246679,0
4027492,0
3345831,1
2398908,0
3152155,1
3194570,0
4370596,0
853212,1
1394817,1
1195743,0
2409535,0
2242709,0
2176356,1
5334055,0
1291626,0
4885640,0
967813,0
606347,0
4344861,1
3515162,0
1672515,0
1802600,0
785107,0
4163119,1
4044789,0
2228365,1
658520,0
2816027,1
4379498,0
1427071,1
2992222,0
753843,1
1748721,0
1206314,1
3566188,1
124159,1
705244,0
5468606,0
495214,1
3512574,0
615747,0
2185851,0
1106454,0
5220528,0
4008961,0
334495,0
3050581,1
4009179,0
746777,0
2372074,0
1902510,0
4798056,0
1757553,0
325151,1
5466928,0
5478919,0
2034469,1
5054526,0
3714367,1
2801028,0
3276531,0
2116276,0
3312610,0
860555,0
1048098,1
3786875,1
2059475,1
3217544,0
131289,0
1108272,0
2008660,0
468646,0
4644468,0
3569311,0
1060245,0
1509441,1
4389770,0
3595403,0
2611977,0
2049417,0
3602434,1
5375868,1
87774,0
3481858,0
310702,1
757019,1
5151801,0
1123508,1
671441,0
2151948,0
4157151,0
192104,1
790698,0
2404602,0
461729,1
4224316,0
3404151,0
3137543,0
1926161,0
5399252,0
1021,1
3406452,0
3372884,1
5279691,0
2703695,0
1478729,1
3879681,1
1180455,1
1070273,0
4884146,0
1406073,0
1048639,0
3668647,0
1097066,0
568302,0
946924,0
556732,1
1056257,0
2181021,0
5062543,0
4421721,0
2902650,0
1468143,0
3208638,0
5218868,1
1128124,1
206385,0
1627659,0
3738607,0
1796649,0
750434,0
729711,0
4041647,0
4557945,0
4487196,0
535303,0
4568425,0
2843949,0
4630015,0
5201186,0
2312658,0
5212402,0
4007566,1
2646474,0
3755790,1
3738325,0
371711,0
3079542,1
3651294,0
4500742,0
2421979,0
4178488,1
1275364,0
4835456,0
5521747,0
210156,0
2874496,0
741623,0
3087317,0
2736878,1
1338737,1
5005593,0
2127925,0
2518781,1
2484875,0
1713832,0
2121755,0
1320646,0
451077,0
4918836,1
89508,0
3829012,0
4154307,0
262020,0
1347700,0
2903648,0
780407,0
2738278,0
655543,0
4435498,1
3063248,1
4605038,0
3940684,0
1782511,0
855456,1
4131993,0
412115,0
3213854,0
3448964,1
2632848,0
3915815,1
5245932,1
4179773,0
3346068,0
3332930,0
1549671,0
3637976,1
3480124,0
1957164,0
3208032,1
5157765,1
2642273,0
4715883,1
3761931,0
2227560,0
3227233,0
1709649,0
2938168,1
5267463,1
3999178,0
1298383,0
4033746,1
1432704,0
4780581,1
3102362,0
2586394,0
4354516,0
4696844,0
2130207,1
1116082,0
5265339,0
3137837,0
1659974,1
2470823,0
4356868,0
944084,1
4740788,0
2036878,0
1253256,1
3976867,1
4005039,0
3257112,1
1622640,0
3508744,0
3159543,1
4150251,0
5120406,0
2131835,0
2263037,1
4507711,1
1458812,0
1524120,0
3919535,0
236296,1
2312640,0
2237435,1
505257,0
4332386,0
674652,0
260626,0
4982433,1
2789119,0
4876190,0
2654650,1
2783828,0
1036807,0
21355,0
693363,0
1410384,1
275088,0
3101780,0
780419,0
3575056,0
46637,0
4089839,1
2293786,1
4080385,0
67034,0
2563742,0
2276454,0
4177138,0
3348609,0
3920438,1
2962781,0
760035,0
5075353,0
2105546,0
3628833,1
2529753,0
4603653,0
5236668,1
5025316,0
2306613,1
1836569,0
830190,0
3180760,0
899934,1
1136980,1
1989679,0
3295322,1
1031861,1
944418,0
3725150,0
1535660,0
22520,0
3769032,1
4106222,1
2562818,0
2734192,1
4617194,1
496275,1
55120,0
2864316,0
4849199,0
5395166,0
4500559,1
4437186,0
5234057,0
3477453,0
4819472,1
965948,1
2784477,0
2274986,0
1208329,0
4131067,1
5343615,1
2736153,0
2209127,0
1054313,0
1301414,1
799168,0
1210097,0
1359487,1
1072566,0
2570333,0
1408577,1
1916439,0
3385471,1
2934507,0
5421156,0
1778604,1
4269414,0
3106099,0
5499329,0
3506027,0
2889797,0
357772,1
4867653,0
4625693,1
5488444,0
2848703,0
2623000,1
4713265,1
2979026,0
4837030,0
1672789,0
2607637,0
1960867,1
493241,0
4569138,0
3368339,0
1918720,0
1701000,0
238176,0
3413739,0
602032,0
1779909,1
5146059,0
4481890,1
1471096,0
3498838,0
4835647,0
2897553,0
2130614,0
4581394,1
809487,1
4455038,0
3181946,0
257377,0
2610620,0
2229423,0
111236,0
2337777,0
2965226,0
2230999,0
1370703,0
3612985,1
2731527,0
1151310,0
1766099,0
5245873,0
4305852,1
1883631,1
1177693,0
3398270,0
4116365,0
5454582,0
1414739,0
655321,1
1166321,0
3928594,0
3922367,0
4743034,1
2891431,0
923321,0
5108743,1
1969153,0
967576,0
72791,0
968473,0
4163816,1
2391484,0
727097,1
3290017,0
3995317,1
1314265,0
2478318,0
5394402,0
2578328,1
5527518,0
5007516,0
3498865,0
4393013,1
4302832,0
3804387,1
3625446,0
4053639,1
2572567,0
1655028,0
4198965,0
2985601,0
2050946,0
398866,0
1097532,0
4122532,0
558157,0
4375389,0
793152,0
4927266,1
4945768,1
5473958,0
1659335,0
1928410,0
5521825,0
5028671,1
3991985,0
3272449,0
4893485,1
3203617,1
5222530,0
170593,0
3526721,0
3615122,0
3201099,0
4368973,0
2794803,0
1773730,1
4587676,0
5122264,0
1136949,0
2615725,1
4128112,1
1817375,0
220762,0
1383669,0
4572199,1
4926457,0
798302,0
1508884,0
1217347,0
4772189,0
1054162,0
3078609,0
4303674,1
2602284,0
1479695,0
1937953,0
1133061,1
5320738,0
1404,1
2543067,0
3978138,0
2243577,0
2111397,1
985637,0
2970640,0
3703695,0
4769097,0
2804164,0
59165,0
2524131,1
2747638,0
5034477,0
4872241,0
811546,0
1498525,0
5435397,0
378565,0
1492813,1
2079304,0
1209295,0
866286,0
267064,0
2718336,0
1825669,0
1281701,0
2701772,0
5372413,0
2621386,0
3942258,0
3772170,0
1451347,0
5378758,1
2379936,0
54598,0
2978901,0
2020465,0
32712,0
2813751,0
3523437,0
1311750,0
805387,1
2803574,0
1223869,0
1174872,0
76131,0
2992765,0
4009913,0
1909233,1
3078796,0
1107659,0
2289703,0
5122434,0
1567482,0
831655,0
874845,1
4795097,0
4476108,0
4541514,1
1582660,0
4938906,1
1902770,1
421565,1
4505187,0
5093635,0
5514460,0
5428313,0
1928484,1
1994167,0
2724526,0
448246,0
4341210,1
4413891,1
1595577,0
658951,0
3871283,1
823476,0
2380557,1
4995539,1
1101441,1
2977710,0
3899060,0
1554892,0
3299001,0
3311725,0
520628,0
3434090,0
526540,0
5329902,0
4972458,0
733329,1
1084760,1
4284126,0
1154370,1
1945913,0
2129623,0
1847295,0
5375865,0
1853565,0
1183720,0
1444527,1
3036488,1
2433433,1
3198755,0
1181733,0
3375326,0
1462677,0
406693,0
3780239,0
5001776,0
2110053,0
1587664,0
102080,1
2695164,1
1470383,0
5543128,1
629571,0
265605,0
3915181,0
3649259,1
2222400,0
1655504,0
3236981,0
5425043,1
4579664,0
5482724,0
2086426,0
2698667,0
5066742,1
1881741,0
458003,1
4896819,1
3621620,0
1416711,1
2100582,0
4104723,0
2198989,0
822000,0
3739206,1
2889249,1
2527673,1
2333528,0
3627577,1
1226031,0
166144,0
4242408,0
2653520,0
4687928,0
1528766,0
3180599,1
1248305,0
3896189,0
5092463,1
4454714,0
3078909,0
3716869,0
539046,1
74776,0
2825794,0
3660243,0
3743715,1
4695577,0
982110,0
4633488,0
2300573,0
4057313,0
3564675,0
2086663,0
2854856,0
1043112,0
4505146,1
2034648,1
4641411,1
5024865,0
4621803,0
1973129,0
3220205,0
2266467,0
734829,1
564941,0
2144414,0
4518184,0
5331729,0
1316560,0
4992664,1
5455139,1
4723076,0
2151590,0
4831032,0
4938739,0
2845872,1
10755,1
1949404,0
2248804,1
3694319,1
4736064,0
3914736,0
3677257,1
3437523,0
5212180,1
194387,0
1095189,1
1307513,0
1598512,0
2620335,0
2661290,0
1965900,1
4392035,0
4195112,0
1478827,0
3407651,0
3769336,0
5069503,0
4009353,0
1413059,0
2756000,0
103460,0
4201555,0
1088055,1
93211,0
2310614,0
857842,1
5011318,0
4148024,0
4149094,1
2682497,0
913433,0
2353401,0
5424784,1
3853756,1
4062094,0
3183393,0
3111134,1
2690603,0
3341507,0
486359,1
3801266,1
48532,0
3019710,0
109622,0
5048466,0
688454,0
2794750,0
2715870,0
2520279,0
4269409,0
291682,0
5231934,0
1383518,0
1710595,0
5064223,1
4031701,1
5397915,0
4551836,0
4085687,1
1165,0
3690570,1
4833244,1
1014455,1
5492372,0
3472836,0
3478643,0
1660424,0
2222170,1
1873167,0
3312785,0
2723684,0
3768341,0
4711624,1
1707357,1
4524166,0
1912143,0
2964372,1
1892710,0
3950847,1
915814,0
2476866,0
3010344,0
1689181,0
5318605,0
4301679,1
800295,0
513587,1
4493306,0
2932920,0
2348625,0
209722,0
2805207,0
4295200,0
2872934,1
1005737,1
2511166,0
976663,0
1507711,0
2097988,0
4636747,1
2573759,0
1116468,0
2304410,0
2921355,0
5425455,0
5306031,0
710226,0
1532332,1
3816159,0
1036161,0
4254198,0
218317,0
3864460,0
1931766,1
1013416,0
1053514,1
5474426,0
1850090,0
1632855,0
2768653,0
1992482,0
547663,1
2373665,0
3054235,1
2613320,0
1428446,0
5047376,0
2154592,0
5431779,0
4176313,0
4738394,0
33406,1
50541,0
2776818,0
388240,0
1789759,0
2422015,0
4939055,0
4472248,1
3075697,1
3899643,0
8304,0
901881,1
2613271,0
2683703,1
367692,0
2785318,0
1082022,0
5455099,0
5126585,0
2023772,0
2429010,1
252040,0
3190745,0
888495,0
4936875,0
954764,0
1001019,0
10068,1
521656,0
4046437,1
1066617,0
12805,1
4548287,1
1847732,1
5256954,1
4149876,1
3408757,1
3100971,0
2895624,0
506703,1
4991934,0
1524158,0
5525933,0
2391661,0
110017,0
5139935,1
735269,0
1738646,0
3523075,0
1428151,0
4604623,0
4410828,0
5454257,0
2961256,0
4732501,0
1181135,0
4274119,0
1696223,0
5412239,1
3981169,0
4502723,0
3537066,1
3801624,0
2643550,0
370339,0
13557,0
4018276,1
5158853,0
4608747,0
3293305,0
1787464,0
3153304,1
3704841,1
2835437,0
3524757,1
2129990,1
1789363,0
699971,0
2117989,0
1751320,0
3525464,0
69303,0
3279928,1
4732595,0
1521268,1
547481,0
4130371,1
594034,0
3949296,0
3742353,0
4726745,1
5101733,0
4122318,0
3945246,0
2263647,1
3828185,0
3865180,0
3723026,1
4421550,1
1996321,0
64372,0
2450677,0
580893,0
115166,0
5328501,0
1469125,0
2718012,0
3964864,0
1474114,1
3129876,0
2922261,0
599111,0
1350945,0
4818373,0
2011294,0
1640987,0
195848,0
3964410,0
339829,0
1832442,0
4853423,0
4958652,0
5014442,0
4486166,0
5096405,0
727125,0
4355077,1
4974957,0
3411428,0
4925752,1
2561970,0
5174334,0
4047338,0
4543450,0
947145,0
2999621,0
1238529,1
5249201,0
702561,0
3753164,0
4310033,0
3095418,0
4525808,0
1819908,0
967539,0
2094677,0
1739351,0
4699976,0
2134255,1
4264913,0
1312459,0
2924663,0
746051,1
5351611,0
1605806,0
3337264,0
3673965,1
4407627,0
2816356,0
4301919,1
3007501,0
3364696,0
4130101,0
1030675,0
2639315,1
2005041,0
994283,0
4545555,0
3378119,1
4448654,1
5547534,0
5483339,0
1822512,0
2894993,1
2876283,1
3437146,0
1612432,0
1323075,0
2149699,0
5339581,0
2409287,0
2672350,0
4284153,1
3341016,0
4490780,0
933399,1
153449,0
841208,0
45507,0
3529343,0
568021,1
5298140,0
2860204,0
5245240,0
843738,0
2191005,0
2750054,1
841202,0
1703311,0
2115545,0
4151657,0
321452,0
3898525,0
1124329,1
4133940,0
2190442,0
3541886,0
3840744,1
4230871,0
1940112,0
801234,0
4402520,1
831982,0
228465,0
100805,0
445915,0
863291,0
800075,1
3580592,0
1566554,0
775606,1
4680717,1
497208,1
4635403,0
1848838,1
4399052,0
4270976,0
1923396,0
2919122,0
1989825,0
1373363,0
3865070,0
2733534,0
4768430,0
4591718,0
4851084,0
4335559,1
2285916,0
3275204,0
3965836,0
4483006,1
2926046,0
2704217,1
265692,0
3159758,0
1806253,0
1931261,0
3545153,0
5205557,0
817718,0
1964280,0
1513581,0
243841,0
3466815,0
4748347,0
24309,0
505048,0
3506456,0
4909519,1
69470,0
1452636,1
2308375,0
5016061,0
4415970,0
1893343,0
20518,0
4848580,0
3015336,1
4541574,1
4265868,1
135998,0
5168455,1
1696181,0
4963288,0
5331956,0
323258,0
4864302,0
3313342,0
4851631,0
3054431,0
4499962,0
574393,0
3068186,1
4604790,0
380403,0
3267429,1
2942647,0
4167217,1
4692038,1
4009931,1
4154390,0
190217,0
62318,0
2049183,0
961137,0
2663435,0
4282691,1
4616522,0
2862486,0
4713306,0
5353808,0
5375240,0
1343159,0
1435973,0
2801300,0
2315466,0
880305,0
1090752,0
2178091,0
968790,0
2714400,0
3901093,0
1258367,1
2031862,1
2292698,0
3611848,0
3635911,0
2177404,1
1020556,0
430603,0
2088000,0
4526905,1
2383678,1
1915357,0
3667806,0
3537870,1
2259099,1
2635705,1
5171316,0
1073223,0
5176096,0
2494887,0
1028321,0
1225730,0
5342832,0
3136223,0
3161940,1
5525563,0
733810,0
3488000,1
2286495,0
3621222,0
5047084,0
1283519,0
4342785,1
4302281,0
770143,1
4976049,0
2139551,0
4373339,0
425728,1
3309776,0
3426419,0
1367944,1
366993,0
1119849,0
1293952,0
3355734,0
4320436,1
2092853,0
1722924,0
971443,0
3571974,1
3453716,0
2311846,0
3283024,0
1635406,1
1072733,0
551397,0
4608628,1
4595737,1
3015062,0
933325,1
3101512,0
820973,0
3537522,1
5125223,0
5142398,0
137862,1
5456345,0
3906050,0
454484,0
3703094,1
313866,0
4217281,0
3712252,1
4270620,1
2907967,0
4495844,1
1382412,0
5059805,0
4738655,0
4105415,0
5362743,0
798069,0
5306886,0
873820,0
3968023,0
5282670,0
3871722,0
4168485,1
1816269,0
1763868,0
4863154,0
4646016,0
5461171,0
1403527,0
2820932,0
2803612,0
2938734,0
4029991,0
3917049,0
4558483,1
5012395,0
5192352,0
1827784,0
2167574,0
2215165,1
1380813,1
1578034,1
4366723,1
1334333,1
3039668,0
489511,0
2237452,1
5544792,0
5377006,0
1550411,0
1339949,0
3565515,1
4747600,0
1417758,0
900687,0
2850431,1
4933429,0
1490877,0
656798,0
1421861,0
3614679,0
3070445,0
3402736,0
1636419,0
4502721,0
95772,0
5254202,0
2459007,0
2925559,0
222929,0
4966282,0
3851569,1
1387342,0
1527117,0
4479613,0
1629432,0
2660718,1
4431580,1
4408639,1
1469700,1
4666047,0
1430428,0
178802,0
4775807,0
5211265,0
545190,0
2358876,0
3576311,0
5434819,1
1428765,0
4139531,0
1582085,1
977042,0
1872019,0
4721441,0
4282529,1
3538196,0
2699300,0
4948988,1
4415406,0
4563124,1
4618023,0
5278361,0
3110526,0
148671,0
413557,1
2630471,0
571486,0
2031738,0
641370,0
1090522,1
1377986,0
4900650,0
3640706,1
5533358,0
4245458,0
130571,0
4674169,0
621539,0
2512000,0
607968,0
3682522,1
844511,0
4014960,0
4019345,0
2571577,0
2599284,1
4370483,0
2325409,0
5354602,1
2658770,0
779908,1
2147467,0
4285381,1
3234084,0
1511191,0
2866289,0
2100533,0
1211224,1
5535458,0
1334973,0
583083,1
502678,0
4894210,0
1716832,0
1657643,0
2322772,0
5526495,0
3093351,0
2276852,0
1415636,0
2409468,0
408911,0
1821615,1
5558419,1
2929451,0
3894665,0
3416556,0
1361922,0
4307040,0
4979312,1
5269856,0
5146020,1
539255,0
4780538,0
5488634,1
3563303,0
1961541,1
2736608,0
2820597,1
1399842,0
2397662,0
364683,0
4589990,0
4347405,0
5335298,0
4953604,0
5298793,1
1466261,0
757768,0
3335150,0
4574490,0
4632872,0
2430987,1
4849834,0
407982,0
2673611,0
134920,1
486509,1
1302182,0
4376232,0
4941371,0
5352090,0
3387912,0
4341180,0
3128492,0
3656219,0
3122245,0
2637865,0
4005107,0
4248862,1
2844298,0
4784236,0
3808619,1
1124659,0
4610578,0
3128226,0
2368833,1
52681,0
4468552,1
691208,1
3338280,0
181495,0
258030,0
4992154,1
649380,1
4685914,0
1777370,0
5508973,0
268297,0
5334259,1
4773218,0
2140742,0
4818886,0
2837005,0
828138,0
2791568,0
5345331,1
808511,0
2775758,0
2811205,0
2369294,0
3139232,0
2499803,0
3554869,0
3396381,1
936901,0
894430,0
303365,0
3625287,0
5474738,0
2124762,0
2924965,0
3449413,0
4311785,0
2215231,0
467069,0
1924370,0
4938651,0
249402,0
1716793,0
2596162,1
57760,0
4428075,0
3560129,0
4738417,1
2606974,0
4015058,0
4347166,0
4784525,0
1490393,0
2777681,0
4489355,0
1346321,1
3125866,0
214981,0
1260074,0
529100,1
5183665,0
1691476,0
48251,0
4352827,1
4943319,0
2906097,1
3005,0
3334701,1
3427119,0
5183635,0
3197797,0
5230992,0
2800880,0
3135792,0
404879,0
4569153,0
3236990,1
2899263,0
3172907,0
1278532,0
2327881,1
4545984,0
1957526,1
2739325,0
4684083,0
4470799,1
4954994,0
305754,1
3311748,0
3235643,0
3985974,0
5177254,0
2017407,0
3319256,0
2606145,0
2209644,0
3941936,0
3792610,0
3599665,0
470968,0
3409625,0
2994627,0
3562065,1
556102,1
303085,0
4215252,1
2966881,1
1873745,0
4819634,0
5526219,0
880306,0
4691994,0
5232718,0
2700458,0
1022083,0
5273691,0
5489266,1
436822,0
365960,0
3725320,0
4612648,0
4752476,1
4774254,0
4453259,0
3801338,0
4734639,0
5448259,0
2536324,0
2051169,0
3058044,0
4417674,0
5382965,0
5305144,0
2327344,0
2600391,0
2917943,1
3345936,0
3620192,0
2775718,0
2556304,0
5505024,1
5531920,0
1918056,0
2927130,0
884489,1
4359992,1
5064446,0
3405377,1
4774033,1
613492,1
1523986,1
1702222,0
1698309,1
2147620,1
105202,0
4138153,0
4972888,0
5279158,0
1345700,0
1165890,0
412861,0
4178426,1
5166978,0
2401221,0
3207038,1
4314022,1
2902546,0
4897508,1
1689045,0
3297904,1
2278573,0
5000283,0
291182,0
1493944,0
5340670,0
1892152,0
4018310,1
4151947,0
768081,0
3101603,0
4670957,0
2164699,0
2731514,0
2741773,0
5169062,1
4607410,0
3578919,0
2233421,0
4808339,1
502134,1
4885709,1
2725615,0
810194,0
4587776,0
4583042,1
3993542,0
4310830,1
5306883,1
541764,1
2474364,0
5028180,0
68246,0
2500491,0
23921,0
1492271,0
4229623,0
5495922,0
1475342,0
3077279,0
4278531,0
429334,0
5165,0
2540731,0
3819003,0
4164204,0
2770019,0
4527424,0
237306,0
4182636,0
2227264,0
4018372,0
1493138,0
3008483,0
2088242,1
1134321,0
1661102,0
4543120,1
4449044,1
2601186,0
681571,0
5424549,0
4120063,0
5462053,0
2026810,0
4643740,0
1923755,0
4081255,1
984428,1
302883,1
4986981,0
1988209,0
3221078,0
3033463,0
462414,0
2185266,0
3061198,0
5150962,1
2177938,0
4138828,0
304601,0
2258562,1
314296,0
546903,0
4924340,1
2127512,0
3466499,0
5442543,1
1437943,0
1805707,0
4151158,1
922020,1
2581070,1
2153453,0
2773038,0
1098546,0
2540299,0
4979445,0
3495992,0
2149724,0
3171559,1
3429856,0
5172297,1
2826205,0
2873265,0
4784252,1
5371095,1
2390159,0
1639166,0
1656246,0
2684067,0
507991,0
4197963,0
3316032,1
4840251,0
5003442,0
4259563,0
500676,1
4923151,0
4695692,1
1619299,1
3001702,0
4415117,1
657919,0
2324482,0
4180178,0
781776,0
999482,0
4833625,1
788121,1
697541,0
4163804,0
526059,0
1916187,0
2963460,0
297835,0
4600056,0
4163253,0
5465044,1
217102,0
3403228,0
414477,1
4865196,1
2141162,0
509353,0
1557753,0
4483589,0
499567,0
5058700,0
1303817,1
269771,0
4386777,0
1080600,0
1535859,0
3789097,0
3048076,0
4212430,0
645631,0
4179453,0
1281358,0
2524542,0
4744214,1
2431328,0
1190192,0
2018286,0
5249177,0
2079768,0
593249,0
4900558,0
2157545,0
1513726,1
3559640,0
288262,0
3750205,1
171288,0
5044558,1
3995828,1
1776848,1
5170795,1
1824572,1
1373569,0
4628910,0
3603916,1
888229,0
687298,0
1273895,0
1008847,0
1265449,0
749842,1
2554029,1
1883536,0
3324367,0
936732,0
4904208,0
5145417,1
675631,0
1764676,1
1131032,0
3067111,0
4991005,0
4521967,0
2905337,0
1165067,1
1022011,1
926591,0
2134294,1
2932756,0
782456,0
3310167,0
1918855,0
4614042,0
374871,0
5099469,0
4896883,1
1334943,0
2675563,0
4125586,0
2894669,0
4196694,1
3054999,1
4939247,1
4763256,0
474637,0
4653155,1
980079,0
5501508,0
3652976,1
3056565,0
3741863,0
4294790,0
2725165,0
2609276,0
1162673,0
3946099,0
2727382,1
2342615,0
17602,0
4448098,0
2258947,0
4624756,0
608861,0
2151574,0
3841407,0
4193665,0
858503,0
93705,0
267896,0
2821176,0
3622101,0
2938851,0
3053136,0
1132497,0
663595,0
2879918,0
2991919,0
5412644,1
838798,0
113075,0
5034570,0
4009689,0
2387054,0
1962294,0
935591,0
3938742,0
2926633,0
1994733,0
2910528,0
796754,1
4706515,0
2955871,0
3756703,0
3498175,1
773630,0
136609,0
141622,0
3522119,1
4761860,1
3824656,1
4989934,0
723568,1
3848202,0
942831,0
5114926,0
2464698,0
1261448,0
4937482,1
4049597,0
3894390,0
2867371,0
2007464,0
2485123,0
5364557,0
2893236,1
4783127,0
5079834,0
2286210,0
3134589,0
3344216,1
2838605,0
3264583,0
5043958,0
1634920,0
3698462,0
3822450,0
3220995,1
2144463,0
3700747,0
5155537,0
2199727,0
1065950,0
844605,0
4345285,0
2425460,1
4875794,0
1816003,0
3469554,0
5241014,0
2583642,1
4403217,1
1017029,0
1394171,0
2055764,0
3444050,0
904619,0
1898031,0
5539921,0
2205421,0
1393810,0
3790980,0
3865740,0
2944807,0
3965752,0
3785302,0
3739548,1
2474638,0
3732774,1
4916774,0
3502565,0
2635591,1
1937792,0
2778011,0
3319986,0
367922,0
983135,0
1378897,1
3832745,0
607119,0
1275919,0
4286422,0
1400545,0
1619956,0
4078819,0
4705476,0
1163912,0
4666452,0
3457568,0
3312517,1
487344,1
4896033,0
4875422,1
4356789,1
570438,0
985513,1
5110649,1
2026338,1
3270418,0
1729431,0
2698995,0
3731844,0
5425347,0
2197701,0
1047931,0
898909,0
5479801,1
103888,1
1176875,0
2463542,0
4459529,0
904445,0
1930947,0
2451479,0
596262,0
3901132,0
3711033,0
1306458,0
4774300,0
2656084,1
580890,0
4006635,1
3092276,1
3991581,1
4042373,1
3870027,0
3871991,0
1251454,0
5458810,0
1939975,0
5102821,0
4390049,0
2799362,0
4549125,0
2958480,1
2362681,0
1088431,0
5351360,0
1970887,0
698388,0
556412,0
4297971,0
3973342,0
1276954,0
1728570,1
3175727,0
316565,0
4674954,0
2852427,0
2644398,1
5298116,0
1083573,1
2295883,0
2410159,0
3183913,1
4371659,0
1817329,0
615385,0
1789192,0
829305,0
1237065,1
2872939,0
388999,1
2794586,0
5173043,1
2460881,1
4505937,1
1255295,0
3150539,0
637707,0
3646889,0
3040151,0
5413537,1
2937151,0
5108693,1
5330662,0
2736681,0
716241,0
3115281,0
3889684,0
3322267,0
2483055,1
3802359,0
2234455,1
3408236,0
1458402,1
1778574,0
1205250,0
1026123,0
2943408,0
2742110,0
1341692,0
3573936,0
1992289,0
3023189,0
1250761,0
1990257,0
2890247,0
3113447,0
4428042,0
4175055,0
1298569,1
5341341,0
4981857,0
1328422,0
138243,1
362498,0
4580348,1
20188,0
2907732,1
141335,1
2829088,0
2779088,1
416995,0
591643,0
4550753,1
3034968,0
3964968,1
4550834,0
2624175,0
3626023,0
1297397,0
4226783,0
457520,0
5218200,0
3133889,0
1560205,1
4013019,0
3576015,0
3247987,1
2001620,0
1552003,0
4800579,0
5484587,0
87523,0
5122958,0
1213631,0
3482858,1
522427,0
4098686,0
4734210,1
2042787,0
3362289,0
713103,1
3165377,0
3549018,0
4431566,1
3642307,0
4833431,0
4875476,0
797678,0
2839950,0
2849626,0
4702241,1
1367824,1
792572,1
2696171,0
2889183,0
5330951,0
1399031,0
4612840,0
5488912,1
3334704,0
4928704,0
1820519,0
3689062,0
1062133,0
3006339,0
3912507,0
1648242,0
2407972,0
1137509,0
4559674,0
3248341,0
1876078,0
5218739,1
4731577,1
3461659,1
3179264,0
4212860,1
3878651,0
219221,0
1733453,0
3222359,0
2455204,0
757453,0
1691754,0
2153058,1
5415002,0
139974,1
1754180,1
5545801,1
400228,1
3428363,1
1492115,0
2200408,0
5432157,1
384028,0
4541625,0
1900310,0
3104195,0
378216,0
1275439,0
1375304,0
251059,0
3484643,0
5102168,1
4728321,0
3144095,0
2511283,0
1759411,0
3197283,0
4472200,1
4044219,0
118972,1
1663742,1
2599741,1
1121591,0
4405164,0
2096820,1
1099152,0
1171851,0
1755445,0
3993815,1
1062501,0
4227770,0
3626569,0
1799186,0
2810397,0
1789311,0
4395629,0
5225640,0
5101512,0
441915,0
371719,1
1394910,0
722392,0
3792939,0
2838311,0
3883023,0
2569538,0
3593030,0
2793003,0
897292,0
4399264,1
2569813,1
4582348,1
5038210,0
1250029,0
2361804,0
1075410,0
1725031,0
1843095,1
529707,0
2859105,1
5523317,0
5062517,0
653725,0
3878514,0
2726120,1
3325064,0
2304764,0
4823448,0
3834528,0
4122177,1
1741367,0
375274,1
744754,0
4305880,0
1188475,0
4355962,0
618351,0
3927581,1
394325,1
2733442,0
720677,0
5262387,0
770538,1
4853523,0
435136,0
2923246,0
2351395,0
3691247,1
1470029,0
3860401,0
936325,0
3003774,1
4951771,0
3335591,0
4194595,0
4230125,1
1682755,1
3504380,0
2038001,0
252454,0
2864590,0
1851045,0
799712,0
2648135,1
2273421,1
3089628,0
721357,0
3593543,1
4629940,0
1753462,0
1826651,1
3676411,1
5274074,0
4787264,0
3152103,0
1684080,0
282603,1
4526813,0
2170843,1
3570682,0
5224683,0
157519,0
77919,0
549650,0
3512418,1
3409090,0
3303732,0
3195002,0
2496733,0
1342808,0
5532938,0
463804,0
889719,1
1415475,0
5342159,0
2551670,0
1362627,0
2312933,1
1450026,0
172182,0
5405950,0
1127457,0
1423741,1
3045605,1
2727488,0
5062909,0
2574109,0
5304393,1
4423950,0
4274776,1
5515289,0
4274036,0
4165744,0
4585430,0
5389440,1
1406944,0
805844,1
4981019,0
3378565,0
3534646,1
5415785,0
3653703,0
1955073,0
4956681,1
5355718,1
4578334,0
5203597,0
1284872,0
2059383,0
3048902,0
3213414,0
3314615,0
1231426,0
2616654,0
993745,0
2583497,0
4112939,0
198857,0
2537622,0
3213261,0
3171420,1
202872,0
6266,0
2645071,1
2014794,0
3957664,0
3894161,0
3522563,0
1890595,1
3221239,0
1555418,0
1123692,0
4500081,0
4462054,1
5118729,0
4982198,1
3835319,0
13801,1
1323878,0
4406192,0
431062,0
4709521,0
4478500,0
1099032,1
5279370,1
2919298,0
2907957,0
3984369,0
2382604,1
1013758,0
3740142,1
3811488,1
4549028,0
221013,0
4804670,0
5064015,0
818303,0
1069487,0
1409551,0
5458125,0
1807280,0
2432948,1
2683367,0
884677,1
4539488,0
5162515,1
1972444,0
1506378,0
3264618,0
969193,0
4996786,0
4107017,0
1783434,0
1122922,0
4050772,0
2577227,1
2668041,0
3781897,1
3124645,0
3426399,1
5547218,0
355203,0
3788831,1
1397922,0
929844,0
5372450,0
5496967,1
3787888,0
612365,0
1572791,0
775710,0
2855821,0
5025260,0
1827673,0
115009,0
1122254,0
3649379,0
3011494,0
4519694,0
4972672,0
538706,0
5515173,0
4870713,0
3029364,0
1093268,0
2667742,1
1909464,0
4906934,0
135214,1
3856577,0
4985169,0
3781951,0
2175108,0
2427388,1
4369945,0
5276433,0
4229129,0
5236963,1
2268744,1
5014366,0
3382445,0
3335668,1
1148777,0
5365867,0
3824078,1
987977,1
2991763,0
4166410,0
4663826,0
3946562,0
2276579,0
1355756,0
4417487,1
2798870,0
3263331,1
3267655,1
424019,0
2339541,0
4231821,0
2463155,0
2270142,0
2142706,0
3909674,0
4330295,0
4136070,0
2474942,0
266988,0
5174424,1
593605,0
3073279,0
1032245,1
4326159,1
2739955,1
3259647,0
2380357,1
1676121,1
4915546,0
2689227,0
4275631,0
1541867,0
1674709,0
5484289,0
1495191,0
234883,0
538540,0
616108,0
4685763,0
4289474,0
721498,0
5524465,0
5369350,0
5175277,0
139017,1
4409897,0
90147,0
621359,0
112105,0
2528630,1
1004164,0
771595,1
3511299,0
3949447,0
5235158,0
875398,0
5171511,0
4538775,0
3054542,1
830547,0
4889048,0
1019752,0
3642902,0
1273472,0
4134525,1
2597076,0
187741,0
4179352,0
770515,1
761776,0
3599293,1
368075,0
4603776,1
1331969,0
5086039,1
503234,0
3410616,0
3931602,0
3496556,1
2003546,0
4125160,0
255641,0
4741718,1
3514650,1
3861882,0
4756666,0
1871470,0
791881,0
2101546,0
1492055,0
481978,0
2785697,1
3277226,0
2341133,0
523912,1
3741035,1
2689631,1
2477740,0
4496497,0
5228655,0
2288785,0
1119037,0
3141369,0
3906443,0
4903694,0
3682929,0
1005025,0
4441758,0
1565900,1
2676842,1
1345997,0
4432143,0
4214771,0
362181,1
1941642,1
3111097,1
2292978,0
2349293,0
2536269,0
2347194,0
3988286,0
3035555,1
3191442,1
4473507,1
5242316,0
5505195,0
4632023,1
1199347,0
1009104,0
1010906,0
2778253,0
87290,0
4067589,1
3251676,1
1925743,0
4573829,1
3896248,0
4087621,1
2434527,0
2393969,1
5233800,0
1686563,0
2171008,1
2705267,0
2316356,1
179836,0
1242392,0
3732662,0
2059619,0
1584425,0
3632169,0
298661,1
1210217,0
2531997,0
1525128,0
976643,1
4085740,0
990016,1
2083608,0
804346,0
1445026,0
4577455,0
4766321,0
5414847,0
4473733,0
3960183,0
3322675,0
4871142,0
4709049,0
4961887,1
3741750,0
3664070,0
3922297,1
2887115,0
1650290,0
468321,0
3705951,0
94156,0
2859615,0
5275343,0
3485174,0
4206227,0
5268817,0
3493140,0
5397686,0
1745481,0
1050017,0
1645129,0
3245356,1
3005049,0
5093096,0
1838242,0
985210,0
4119578,0
1299859,0
5300037,0
4598703,0
3698100,0
1687796,0
2458463,1
2962768,1
4893319,0
91404,0
1248745,0
737705,0
5525400,0
2904250,0
3577749,0
4798258,0
696191,0
89634,0
1346750,1
3499989,0
3137939,0
2441309,0
3158577,0
20441,0
4738616,0
2463434,0
5327120,0
5026609,0
467702,0
2828944,0
5250121,0
2435672,0
2740969,1
3764006,0
1290504,0
3630512,0
1802026,0
1324072,0
1683172,0
3115862,1
2374376,1
3968735,0
2183267,0
1220976,0
5528762,1
5181293,0
5337047,0
2262070,0
2258747,0
4606858,0
4535754,1
3378272,0
494701,1
996380,0
739004,0
1802763,0
1035515,0
193750,0
4319790,0
2859017,0
3319992,0
743988,0
3361066,1
3073737,0
5544098,1
4474996,0
2530827,0
1478835,0
4411770,1
248159,0
2361538,1
1518135,0
1747753,0
3463638,0
4731893,1
2232589,0
3412144,0
3567918,0
3937168,0
124147,0
1328092,0
420904,1
2153417,0
4139837,0
1866436,1
4188223,0
4147750,0
5379591,0
101429,0
607696,0
358658,0
299953,0
3700757,0
4305945,0
5113153,0
4506146,0
4157630,0
267290,1
915430,0
1997500,0
1179739,0
12079,1
4199954,0
833287,0
5516638,0
3758665,1
1687653,0
1849159,0
5269548,1
4873578,0
3536821,0
5527918,0
5232159,0
264431,0
3353092,0
4203008,0
3920533,1
975328,0
159096,0
546520,0
1682868,0
1611543,0
5347610,1
4141253,1
3189766,0
4642520,0
4485757,0
3108897,0
4993680,1
5342494,0
3384047,0
1570003,0
1194014,0
4949498,0
1481168,0
5068269,1
4239864,0
863418,0
3746674,1
5385314,1
4295884,1
5037785,0
3004092,0
2827197,0
5099574,0
5382300,0
2052680,0
3942322,0
3086382,0
1923952,1
911082,0
1697707,1
3254047,0
2396076,0
2110678,0
3844888,0
3488947,1
3076857,0
2210966,0
3978082,1
4745660,0
251961,0
2095332,0
5284167,0
1864250,1
2543816,0
2826704,0
2050172,0
799534,0
714782,0
4643020,0
4499163,0
4191331,0
130926,0
3017806,1
3070276,0
5389276,0
3125796,0
68126,1
2200051,0
1239773,1
284275,0
3504085,1
2207966,0
4364633,0
2388630,0
2292044,0
1509928,1
4267487,1
57613,0
4105233,1
874662,0
3155741,1
1325676,0
282442,1
5110070,1
2257545,0
3317250,0
881219,0
2083985,0
4380733,0
5319020,1
2918836,0
4453841,0
4195360,1
999279,1
4783422,0
4612509,1
2925791,1
3020850,0
1900440,0
4887206,1
1593804,0
422899,0
2544678,0
5539366,0
803880,0
2327318,1
885452,0
4094700,0
698744,0
3977086,1
3250214,0
3095126,1
3466832,0
2111155,0
4648506,0
4591525,0
1868084,0
3531009,0
4115132,1
1839965,0
1044320,0
83995,0
823363,1
3596024,1
3222317,0
4946011,0
3692550,0
124160,0
4766235,0
5308039,0
735291,1
4502050,0
1155081,0
4959050,1
5535867,0
3345237,0
1941183,1
310240,1
4844038,0
2263517,1
4572430,1
3155788,0
2023902,0
2378021,0
5203950,0
227903,1
1925492,0
5067595,1
2163303,0
5388345,0
4494371,0
3527429,1
2985912,0
2485942,1
2760414,1
328043,0
2926508,0
354884,0
3655880,0
5201812,0
610434,0
4374917,0
4350049,0
1201816,0
2548541,1
887784,0
646574,0
5528952,1
1343292,0
1086013,0
5522951,0
5526945,0
3313814,0
3837788,0
2461660,0
2443926,0
1293936,0
2192276,0
2221712,0
4595080,0
152616,0
2382763,0
3551965,0
3286242,1
4636574,1
1672658,1
4805629,0
2526057,0
399824,0
5460236,0
1371444,0
2631164,0
1436733,0
4940873,0
4751706,0
3795002,0
710283,0
4299218,0
3804187,0
3689000,1
2476126,0
3969487,0
3010320,0
1084912,0
5028372,0
651117,0
5303,1
2527221,1
1103761,0
5189716,0
312847,0
1365769,1
2172890,0
2134236,0
2162010,0
5195626,0
2146494,0
2720657,0
3401422,0
491757,0
3603963,0
333090,1
1738519,0
1822462,0
3778181,0
4122660,1
1817087,1
4641744,0
5453739,0
2927906,1
1321012,1
5121451,0
73325,0
1275130,0
271642,0
2091008,0
4605620,0
3659031,0
1789918,0
349360,1
2052816,0
4150515,0
4468295,0
2808181,0
2022543,0
5482051,0
5183183,0
3790155,1
632166,0
3779538,1
4430309,0
4566481,1
5073639,0
2845269,0
1029467,0
352577,0
3135451,1
4387113,0
2471806,0
4641006,0
1914991,0
3957012,0
3265682,0
5227234,0
1344097,0
1531411,0
4095982,0
1328628,0
5032507,0
4361039,1
2613804,1
468171,0
5087677,0
1599265,0
123716,1
2839503,0
5213689,0
4910084,0
5171802,1
2918037,0
4027740,0
1670401,0
2961917,0
1061342,0
4375757,0
4666867,0
3639742,0
2531421,0
4451564,0
628997,0
1519426,0
124751,0
690301,0
5416434,0
1682680,0
2952831,0
1302583,0
4580312,0
4848134,0
3511502,1
632153,1
4912563,0
1150786,0
679910,1
3566909,0
2627985,0
3078537,1
3465555,1
7525,0
4386117,0
5420700,1
729947,0
4348628,0
4034758,0
1170835,0
4072667,0
4966583,1
4921331,0
4474363,0
666887,0
4062837,0
1991330,0
5026670,0
3390894,0
118055,0
2493041,0
929769,0
3138323,1
4049639,0
1866855,1
333526,0
5336842,0
3882289,0
4076938,1
320248,0
736515,0
1844046,1
4328057,0
1296081,0
877039,0
3190853,0
1883976,0
2997425,0
2320690,0
2402745,0
3532742,0
1276348,0
1002421,0
1620098,0
2665155,0
636993,0
3480807,0
2428077,0
3361319,1
2737624,0
2714488,1
372583,0
4979253,0
2608543,1
877163,0
542959,0
4273420,0
4960751,0
1560131,1
1105129,0
3658923,0
334290,1
3333057,0
3797752,0
2545827,0
1008730,0
2613882,1
1801822,0
2677521,0
1301504,0
1875392,1
3085317,0
3282065,0
3039710,1
1261957,0
2746317,0
1002133,1
5533886,0
1964449,0
168888,0
2215415,0
173032,0
694389,0
1387538,1
4300036,0
5149836,0
3684311,0
1316373,0
499316,1
3116552,0
323202,0
5062199,1
2144824,0
52733,0
5033915,0
5372100,1
2189558,0
3039407,0
2712055,0
3974863,0
779773,0
4424151,0
4729520,0
2526339,0
2679324,0
3893539,0
843886,0
1443599,0
4756360,1
5185682,0
5038597,0
1815404,0
3829749,0
580680,0
4613623,0
619513,0
4672457,0
4319562,0
3975177,0
3691901,0
5293812,0
352608,0
3697261,0
2620782,0
120422,1
4264020,0
861068,0
4677122,0
5359757,0
953629,0
4985098,0
965866,0
90094,1
4855297,0
5408714,1
4603710,1
1626464,0
5182946,0
1242928,1
3750067,0
99559,1
2865087,0
2780148,0
4411007,0
2051098,0
1817579,0
824865,0
4035334,0
3189459,0
72653,0
3268691,0
1111679,1
1826265,1
4059404,0
1507482,0
4639801,1
796659,0
663166,1
1844613,0
1515081,0
1628796,0
696824,0
1824995,1
4810849,0
569192,0
1693320,0
4133637,1
4481768,0
4159387,0
859558,0
1709910,1
642086,0
4819705,1
3350253,0
1318145,1
4578860,1
1620092,0
2055401,0
2264560,0
4636286,0
3371056,0
302727,1
3879838,0
4146822,0
3610182,0
5273925,0
3813491,0
1210244,0
3584804,0
1757167,0
1850878,0
3908466,1
4302736,0
2969141,0
5509731,0
4183516,0
4977668,0
373513,0
2144821,1
1273197,0
1032850,0
4552576,0
1479447,0
849070,1
2602648,0
3714821,0
1277371,0
1341878,1
3690826,0
2711495,0
118961,0
4209996,0
1245705,0
1352802,0
38221,0
3295890,1
5726,0
954648,0
4743550,0
735365,0
2524334,0
1017574,1
3871822,0
2202576,0
3371379,0
4392615,1
5351402,1
2627673,0
637416,0
5499466,0
3631160,0
648948,0
5276010,0
2444767,0
1560635,1
5227057,1
2329456,0
3010635,0
1977259,0
2393688,0
4839239,0
2482384,1
3319164,0
5183496,1
3913858,0
5508894,0
2607594,0
2886511,0
2931484,1
1035453,1
1803804,0
2012623,0
4552408,0
3514988,1
5053139,0
5413747,0
1418858,0
3150127,0
831027,0
763587,0
1087040,1
1050751,0
5013327,0
3272017,0
3242667,1
1709166,0
1865096,0
1829830,0
2798531,1
159052,0
3481947,0
2899128,0
1759930,1
993821,0
436257,0
3999780,0
4191155,1
564841,0
2669553,1
4747069,0
3483599,0
1497252,0
864856,0
3096490,0
3470100,0
2821618,1
5189012,0
2080865,0
1861735,0
4089299,0
5322354,0
560815,0
3558345,0
180558,1
2698444,0
3813590,0
2105600,0
1135074,0
515730,0
2145870,0
766094,0
3465250,1
462813,0
876577,0
5068652,0
180571,0
4795841,0
4071886,1
3880091,1
4144176,0
4229040,0
684745,0
1409134,0
937245,0
1910369,1
3759143,1
2711978,0
3282030,1
5447002,1
4942616,0
1898886,0
5491342,0
2413529,1
674260,0
281505,1
1914673,0
498805,0
1992867,0
3053404,0
2462998,0
2156945,1
3351380,0
217328,0
1137592,1
3797924,0
4059480,0
1710750,0
488135,0
2151032,0
2594224,1
3362370,0
2230930,0
1065810,0
2662256,0
2818656,0
2122212,0
4015309,0
2843111,0
1473943,0
4487412,1
3160039,0
820200,1
842363,1
4100947,0
5169434,0
433018,0
2807374,1
3788144,0
383205,0
5264429,0
3456524,1
283416,0
5441990,0
416611,0
3870055,0
3395662,0
2532810,0
131175,0
4409906,0
462442,1
1712328,1
695000,0
2408588,0
2933389,0
1090134,0
5224506,0
3609852,0
3889957,0
4408318,0
2435264,0
1186820,0
5043170,1
891995,1
236597,0
2376987,1
1355398,1
717944,1
3269413,1
1622517,1
3542392,0
3282385,0
2203251,0
3697753,1
1407208,1
2443717,0
4398408,0
2411545,1
5319661,0
232753,0
4114149,0
3645704,0
5229636,0
3285163,1
994894,0
3470060,0
3966265,0
814622,0
5449859,1
5195781,0
2614685,0
107544,0
4751759,0
3750491,1
1854953,0
3211891,1
3547887,1
1895544,0
3112376,0
1576738,0
1998700,0
5304193,1
5468834,1
2687376,0
2274799,0
3444807,1
615818,0
3974252,0
3627995,1
5123430,0
999588,0
1981281,0
1589700,1
999449,1
2175276,1
3722902,0
559331,1
78058,0
116671,0
1365065,1
2122318,1
490974,0
1328520,0
2355407,1
1353542,1
3158357,0
2452055,0
3670945,0
2808283,0
238003,0
663519,0
5431283,0
2868503,0
294629,1
1074798,0
3334727,1
1312653,0
4363153,0
4929129,0
1859327,1
2341666,0
4372882,0
982764,0
2462129,1
3749729,0
763051,0
3311370,0
2634464,0
1857980,0
169705,0
1641825,0
3398061,0
458489,0
2847961,0
2479632,1
202991,1
3577754,0
4730303,0
2963127,0
4277417,1
2643693,0
2542173,0
712397,0
3795567,0
4924963,0
5125648,0
1179712,0
5515983,0
3599344,0
5104471,0
4338908,0
3859036,0
2890049,0
3308483,1
3570841,1
4310297,0
3119902,0
3041725,0
2539033,0
1141909,0
2890515,0
541086,0
4586575,1
4773241,1
1738381,0
1282452,0
3602348,0
3794367,1
1590161,0
95900,0
5124436,0
3119268,0
3088862,0
4756071,0
1307912,0
2324070,1
1737376,0
5398133,0
5529775,0
4622391,1
2049905,0
3647674,1
1457728,0
2502602,0
5443757,0
3612607,0
1742587,1
4212334,1
243196,0
316233,0
297969,1
2244724,0
2711086,0
2068716,1
2044540,1
5502422,0
1017500,0
1029987,0
2155551,0
1318436,1
2104286,0
4084854,1
3072488,1
2636107,1
2920424,1
5416519,1
4298836,0
3789015,0
4908848,0
3179099,0
874305,0
2987007,0
374876,1
2174899,0
2338039,1
2628534,0
1489154,0
4753867,0
952449,0
2244869,0
2797296,0
800202,0
726902,0
3608378,1
2282190,1
105838,1
3149110,0
1342326,0
2304950,1
4118651,0
757720,0
2401075,0
5393100,0
72726,0
461000,1
3554593,0
4671944,0
1041383,1
3224017,0
4254631,0
3702716,0
3609479,0
5353378,1
4984926,0
5510337,1
1541314,1
3460304,0
3759813,0
1040128,1
5123461,0
2072072,1
3464282,0
692255,1
2246589,0
1489318,0
5252081,1
1305280,0
5248220,0
3169858,1
3548594,0
5043804,0
5067665,0
3515349,0
2306820,1
2500780,0
5438213,0
5474266,0
2182710,0
1964041,1
375864,0
931559,0
4474808,1
3184273,0
5002378,0
4134648,0
2480025,0
5350183,0
4558929,0
2878248,1
3629759,0
3527600,0
2166405,0
3677155,1
4292430,0
2848340,0
2088427,1
3437982,0
4495699,1
2832842,0
3070926,0
5202091,0
3337949,0
395548,0
3587452,0
873887,0
3999353,0
2214917,1
3706923,0
4540385,0
2839638,0
17914,0
1403090,1
3041952,0
5036965,0
886809,1
4583070,1
2493144,0
921851,0
496929,0
4667910,1
3997563,0
3268332,0
1701800,0
636347,0
2938745,1
63664,0
1630128,0
1325175,0
990508,0
2816831,0
2682540,0
1111977,0
3453750,0
3494834,0
5242110,0
1359362,0
683269,0
5207429,0
3749581,0
5044049,0
1286481,0
5171087,0
518785,0
1526259,0
4026918,0
2156733,0
2098725,0
4349027,0
4730107,1
4528977,1
3152873,0
37221,1
3354902,0
1094397,1
3090017,0
5464641,0
202139,1
3038103,0
1770954,0
4061384,0
2898410,0
2025769,0
250777,1
2652225,1
872563,0
2126884,0
3977423,0
4354705,1
500885,0
1916306,0
380317,0
3106432,0
4013521,0
1900077,0
985996,0
3596085,1
3679683,0
910458,0
1169513,0
4485628,0
1299386,0
5461462,1
69267,0
3347774,0
851548,0
1655817,0
3645746,0
3805493,0
1858752,0
3095002,0
1275127,0
5430311,0
4175066,0
5406527,0
5281867,1
795456,0
4736070,0
1954984,1
897783,0
3706946,1
3494438,1
4237652,0
3244615,0
2650611,0
2697655,0
4276663,1
300944,0
2973686,0
3495957,0
2542204,0
4012954,1
1041678,0
3086817,0
2372618,1
2867319,1
859669,0
4861657,0
1014995,0
4532699,0
619731,0
996576,0
3156634,0
4103467,0
424151,1
3336452,0
4760877,0
2136445,0
3471983,0
2109934,0
4782866,0
4261422,0
1080089,0
4880658,0
1899040,0
1855574,0
2938295,0
2868962,0
4564926,0
1815412,0
4456662,1
2874806,0
5212307,1
3076540,0
38825,0
4883187,0
5181522,0
2106350,0
2311525,0
2874830,0
4079910,1
754483,1
4980266,0
766664,0
4694540,0
4919906,1
2708611,0
927167,1
2175829,0
4112028,0
2822089,0
2977808,0
960249,0
1369861,0
567123,0
3393607,0
5154055,0
4112984,0
4042422,0
5358555,1
4080077,1
5324657,0
5332250,1
4214301,0
1156097,0
2727480,0
4513251,0
3416141,0
431986,1
3518299,0
5557734,0
4020897,0
4129749,0
2238426,0
4166497,0
2188212,1
4686492,0
4912664,0
3628132,0
2623658,0
4476327,0
2867841,1
2147810,0
1293613,0
1023785,0
891627,0
2355866,0
2757154,0
1302948,0
4569631,1
3847610,0
5351856,0
1517147,0
1533066,1
85858,0
756049,0
2961964,0
5486401,0
4288105,0
2226190,0
961937,0
4644805,0
491088,0
3754646,0
2013059,0
668747,0
2895712,1
1931514,0
1531032,0
3056950,1
1473716,0
3393510,0
3451768,0
294496,1
3047827,1
1083820,0
4314064,0
2220550,1
5309435,1
703075,1
1375571,0
3204888,1
2585581,0
5131902,0
4297760,0
1218389,1
1882456,0
2530089,0
3455974,0
1956280,0
3049599,0
2324784,0
1034652,0
5550914,1
5402500,0
3287930,0
1647721,0
73362,0
4831454,0
164504,0
4919925,1
1184332,0
881621,1
1657827,0
696565,0
3787665,0
785340,0
945554,0
2136914,0
2346174,0
1908613,0
774642,0
1519125,0
4821249,0
2459047,0
1989392,1
1757017,1
5415133,0
3366054,0
1219375,0
149397,0
3361623,0
2056460,0
1559308,1
751108,0
2236820,0
3797304,0
3050398,0
424546,0
562508,0
1582522,1
4179011,0
137440,0
4964485,1
532820,0
5260388,0
3609415,0
4354565,0
2823440,0
3128626,0
3425756,0
1674087,0
1964566,1
606629,0
3218628,0
1229252,0
3823663,0
1513138,1
3195428,0
4817088,0
672681,0
17140,0
108404,0
348292,0
1100655,0
1019856,0
1019078,0
1737313,0
1787307,1
3818667,0
652856,0
5210383,0
2322911,1
4496602,0
4945771,0
2324541,0
4755493,1
3529337,1
4141840,0
2278574,0
4679246,0
4553335,0
1844810,1
1117717,0
46204,0
582740,0
3580106,0
3878611,0
5499796,0
1773355,1
1662320,1
2526838,0
159002,1
593084,0
2864825,1
4093488,1
3107958,0
2893408,0
3370844,0
4152149,0
4041887,0
994538,0
3523750,0
3713071,0
3725262,0
5053324,0
32768,1
130210,0
3755934,1
5023203,0
2225499,0
3947440,1
4139699,0
5174971,0
3919358,0
5265053,0
1273579,0
980028,0
1369358,0
2710704,0
5032296,1
4733789,0
2837510,0
161874,1
4179798,0
3596554,0
4375088,0
231119,0
5276547,0
3799982,0
3666795,1
3839780,0
2360043,1
5026747,0
4897456,1
2693678,0
1011656,0
1456917,0
4366993,0
2585093,0
5118938,1
5001696,1
1825283,1
421665,0
3799469,0
2191817,0
3013524,0
3756964,1
4817687,0
2729036,0
2860784,0
732020,0
3685783,0
2116733,1
4856308,0
4442253,0
1992837,0
350487,1
653758,0
2926505,1
3047966,0
592370,0
4559507,1
1958821,1
2542267,0
3178864,1
420182,0
3015181,0
3946209,1
34967,0
860838,0
530396,0
114151,1
1433247,0
955131,0
3998570,0
5298687,0
4381362,0
4675993,0
5190953,0
3014508,0
5319107,0
4058149,0
150292,0
3338737,0
3035511,0
2012416,1
4828200,0
5393066,0
1640264,0
4522424,1
1688937,1
560692,0
5065675,0
1330557,0
4941328,1
4880645,0
2181546,0
1298456,0
630027,0
4258344,0
3500873,0
102471,0
2577819,1
4793198,0
4321476,1
5389475,0
5382842,0
530415,0
2657937,0
3131540,1
1411926,1
4661643,0
2500018,0
4245285,0
51399,0
3441094,0
3401302,0
4351362,0
4171973,1
35600,0
1218573,0
1936903,0
2775082,1
4110343,0
5194666,0
4722243,0
1647570,0
2999489,0
4829169,0
591972,0
2526360,0
3202018,0
1037562,0
1478457,1
37668,0
3800826,0
3772510,0
549577,0
1941398,1
5232622,0
2399693,1
5078972,0
1036189,0
4302979,0
2659796,0
3959488,1
813520,0
3433187,0
4606044,0
227741,0
5172941,0
2278425,0
2513044,0
3719472,0
4314422,0
2696143,1
2769142,1
4984148,0
4280635,0
946337,1
1016712,0
3890703,0
2257696,0
1409257,0
4861199,0
4771368,0
4595799,1
5556284,0
4507134,0
4354875,0
3689940,1
1570378,0
3609877,1
4330693,0
3978577,1
3891021,0
3130832,0
2306469,0
1519834,0
2938025,0
1689733,0
3964208,0
4434863,0
1230458,0
2406852,1
1295742,0
841644,1
5122159,0
2093251,1
1461493,0
5486600,0
3512087,0
583591,0
5525189,0
2701887,1
3363834,0
415916,0
4141856,0
248969,0
5035114,1
458937,0
1053955,1
4972609,0
3444990,1
1382103,0
3599052,0
2175542,1
2291509,0
4734804,0
5333453,1
3418654,0
5341139,0
5214444,1
2483233,0
4089727,0
2655455,1
4497399,0
1983665,0
3794617,1
5421376,0
480041,0
904683,0
5240020,0
502072,0
4611733,0
2760280,1
4174543,1
5189111,0
1978312,1
5267101,0
3916481,0
909978,0
448578,1
5070028,1
4457795,1
2336603,0
2189932,1
1018844,0
1544284,1
3679245,1
2051181,0
1538891,0
839628,0
2837270,0
689511,0
5191053,0
1860506,0
2003614,0
4749438,1
4934066,0
2638312,0
175444,0
1171148,1
4569417,0
4862573,1
461037,0
2168545,0
19552,1
3101210,0
3265507,0
2645677,0
858185,1
4385211,1
4105034,0
4471612,1
4699153,0
5365767,0
5402020,0
5111654,0
4354349,1
200630,0
1798896,0
5314707,0
2340254,0
1265755,0
3738767,1
4003135,0
3138771,1
4323830,1
1010771,0
829699,0
2862902,0
825611,0
513382,0
1339662,1
1134127,1
398883,0
4716399,0
3429307,1
4157122,1
1698029,0
5449427,0
3055006,0
3446746,1
519289,0
309830,0
534476,0
2514989,0
3892083,0
4976521,1
5236312,0
2766793,0
5241383,0
171645,0
2331027,0
1650657,0
3074851,1
5146720,0
1740964,1
3622,1
4655999,0
4240211,0
1883839,1
2063986,0
2964645,0
1897187,0
2973839,0
4420274,0
1212597,0
1508509,0
2941791,0
1890985,0
2048248,0
4340996,0
5420424,0
4159404,0
5472712,0
4067772,0
1440079,0
3866381,1
132818,0
3541665,0
2022097,1
1342248,0
1129630,0
4002036,0
5136416,0
4099421,0
4648465,0
3600046,1
5457570,0
4966681,0
3362057,0
3261144,0
640572,0
2132377,0
1081206,0
3722274,0
1484605,0
1040436,0
4495448,0
721970,0
3555580,0
4754285,0
203051,0
3791032,1
704789,1
1945484,0
2163090,0
1757564,0
1928469,1
4436909,0
3737804,0
3484030,0
1570600,0
3512022,1
4683565,1
4480830,0
1086541,0
3689952,1
4889098,0
2755080,0
4340150,0
1242292,0
3156075,0
3070646,0
1119490,0
3734250,0
4171511,0
1253069,0
451764,0
2209268,0
326204,0
449820,1
2414419,1
2638656,1
2012401,1
4592926,0
5550334,0
484510,0
5339575,0
4959408,1
3550281,0
1723138,0
3993470,0
3588518,1
2616451,0
3059964,0
1146037,0
3192172,0
1317170,0
264707,1
3111357,0
1089692,0
1249864,0
1089958,1
5018791,0
34672,0
2143931,1
4253380,0
212073,0
2300257,0
3319747,0
345481,0
2827082,1
1736749,0
1071882,0
1225808,0
2688073,0
781698,0
1680630,1
5220478,0
1570380,0
3352374,0
5358999,0
3396420,1
1189730,0
2593019,0
633899,1
2032577,0
2836460,0
956126,0
5365756,0
3182816,0
3431976,0
1653463,0
1046811,1
5049501,0
3512867,0
2681048,0
1327691,1
2271412,0
3088332,0
4896581,0
2122170,0
1496351,0
1243563,0
2375015,1
4339637,0
140291,0
3273261,0
2741670,0
5554899,0
2224390,0
2883860,0
1873032,0
4695495,0
1140173,0
2029734,1
1820417,0
4194929,0
1134197,0
1308557,0
4213976,0
2195905,0
2976615,1
2958218,0
1514039,1
1569902,0
847601,0
3193551,0
1373126,0
4294413,1
1102143,0
5150426,0
1355724,0
3683000,0
5296012,0
4559071,0
1430020,0
1241522,0
4321358,0
4906294,0
4506320,0
2084259,0
4283742,0
5492733,0
4174180,1
3421314,0
4133745,0
2144552,0
1022479,0
2717182,1
1608497,0
2513810,0
4296181,1
3955932,0
5453648,0
2000326,0
2724651,0
370249,0
4118841,1
2128981,0
2973717,1
480934,0
3887251,0
3624930,0
2108097,1
49866,0
269202,0
2038193,0
593302,0
940404,0
4877849,0
4464321,0
920553,0
2678256,0
2643233,1
1110490,0
3194441,0
1420607,0
968100,0
3127898,0
5298023,1
4934223,0
3506584,0
2311972,0
5033270,0
5082390,0
3391483,0
3085222,0
5166692,1
5028953,0
5242921,0
5108352,0
615806,0
5557763,0
2491656,0
799443,0
4748734,0
757813,0
1164504,0
5545707,0
964218,0
827938,0
2207541,1
1935225,0
1628225,0
3318562,1
3373625,1
5494691,0
551950,0
4169567,1
786487,1
3453319,0
428370,0
4631934,1
2449084,0
2244824,1
71102,0
833209,0
674225,0
146089,0
5436973,0
5046794,0
4756803,1
2919901,0
1775692,0
1311574,0
4104959,0
2282859,0
3184318,0
418054,1
4523745,0
3417010,0
3303924,0
2910689,0
1266842,0
3186317,1
3772596,1
1969659,0
2677756,0
3076242,0
4081829,0
4895119,0
318653,0
562677,0
3506966,0
1019632,0
5471079,0
1701678,0
665778,1
31750,1
787816,0
5283086,0
4912861,0
3770343,0
405920,0
1729546,1
3738296,1
3161165,1
2638231,1
2270963,1
5438693,1
2781682,0
5259835,0
1557915,0
2576831,0
4792403,0
1221256,0
3700211,0
1920481,0
1396075,0
833946,0
3391936,0
4290016,0
2196895,0
3720003,1
1723417,0
1718290,0
2118968,1
3410188,0
3014259,0
4910374,0
945384,0
3736389,0
2786627,0
1052080,0
4043232,0
646521,0
2193844,0
3477883,1
1034286,1
3199056,0
2643381,0
991687,1
389584,0
3293510,0
5166030,0
4031692,1
4207365,1
4916449,1
2148390,0
4677738,0
4570474,0
653205,0
4941122,1
2181303,0
3232539,0
4285122,0
2395697,0
3719471,0
4683710,0
1747408,0
192302,0
159321,0
1995617,0
5474134,0
475326,0
2121757,0
4231757,0
953854,0
3328804,0
2098069,0
3958058,0
531322,0
4344523,0
1922877,0
858999,0
1457818,0
2887295,0
4263254,0
2197623,0
1002741,0
2149732,0
4653759,0
4030816,1
2517799,1
4234372,0
5548095,0
4031364,0
2774146,0
72473,0
2438811,1
2714444,0
781153,0
3397438,0
1909045,1
2169905,0
4548364,0
1457486,0
3247505,1
1126351,0
2089255,0
4444672,0
683279,0
5101630,0
2221875,0
4473199,0
4982544,0
4644095,0
4226427,1
4830707,0
3012495,0
4653182,0
2408105,0
1154791,0
4425220,0
4296678,1
2668406,0
3526145,0
2731449,0
2473621,1
3580607,0
4777940,0
3793540,0
3940725,1
4307068,0
2728671,1
5483095,0
5368755,0
4344223,0
1882543,0
953664,0
2891737,0
638699,0
3987794,0
1002738,1
2731465,0
1682582,0
3289457,0
3916625,0
4261348,1
1368070,0
285050,0
4151382,1
923007,0
562081,0
3388137,1
5136189,0
4511433,0
503931,1
55473,0
3630462,0
4668196,1
789878,1
1906446,0
839267,0
2164778,0
2198484,0
3242830,1
1857107,1
2568862,1
3700171,1
3792441,0
2193073,0
2168176,0
2750880,0
5487380,0
3225744,0
4802443,0
2650851,0
3313901,0
461031,0
2263221,0
4337367,1
1892316,1
5273056,1
2657312,1
1408612,0
3969184,0
851352,0
3398868,1
4383349,0
1946149,0
1699664,0
1347688,1
5066409,0
3720086,0
3493322,1
2737205,0
101310,0
856643,0
3503574,0
372797,1
4464659,0
4674338,0
787537,0
1787798,0
1019360,0
4951282,0
1858954,0
1303127,0
2854680,0
4113073,0
1974474,0
1091523,0
2098430,0
1488268,1
4234041,0
5221,0
2267147,1
198203,1
2821868,0
801874,1
2207200,0
867004,0
5536253,0
3084687,0
615924,0
2850410,0
3636368,0
2986242,0
2408948,0
3124744,0
2413872,0
2144252,0
3750727,1
1322958,1
864595,0
1640814,0
2974249,0
4584534,0
297693,1
807734,0
2268742,0
929641,0
2416650,0
51468,0
1177925,0
2662015,0
36932,0
4445778,1
3697013,0
5076873,0
1531787,1
2152180,1
2290705,0
2134602,1
4231694,0
1038721,0
1408290,0
449723,0
571395,0
962851,0
5031335,0
1551666,0
1229793,1
3851389,1
3944355,0
2010836,1
1865276,1
514526,0
136551,0
233506,0
1579314,0
2545257,0
4799406,0
5068018,0
3390277,0
2810846,0
2018455,1
409540,0
3027519,0
46513,1
4117647,0
2861672,0
1320962,0
872734,0
4755137,1
5412027,1
933608,0
4589595,0
3368833,0
3091065,1
1520417,1
5498540,0
3065354,0
3812719,1
2990395,0
4347324,1
801049,0
1666268,0
3178368,0
4055153,0
5545440,1
3269731,0
634457,1
778600,0
908675,1
3164776,1
711934,1
2224605,0
5471313,0
1592198,0
4040262,0
2878539,0
2208231,1
2197884,0
412008,0
1577533,0
4744774,0
892332,1
1429901,0
1621794,0
4242364,0
5378205,1
4957503,0
1941245,1
2828169,0
3676755,0
3636313,0
4924682,0
700951,1
3212460,1
3776396,1
4617851,0
812615,0
2582431,0
1600159,0
1411218,0
2797841,1
3015802,0
3683260,0
2759419,0
2306828,1
4577334,0
509883,0
1718519,0
5110560,1
2290430,0
5526805,1
3966579,0
5069,0
2605997,0
3374430,0
5204132,0
748177,0
1101162,0
2338112,0
3191541,0
1137123,1
4089770,0
2868780,0
1091106,0
5498209,1
1495114,0
5380335,0
5133196,0
3730529,1
3459550,0
789640,0
4401839,1
878579,1
4565033,0
124247,0
2025681,0
1152230,0
105130,0
899285,0
3164345,0
2935224,0
5376212,0
4053501,0
1271772,1
4371446,0
2136366,0
2189316,0
3747259,0
2064141,0
4626309,1
2620811,1
551065,0
2292425,0
4952241,0
315108,1
1737259,0
2067800,0
3684430,0
1067270,0
2425435,0
3399856,0
2444502,0
841775,0
4126596,1
523280,1
3127439,0
2506065,0
216109,0
907067,0
4984382,0
3474838,1
3271902,0
1948771,0
2946410,0
2251447,0
1964087,1
2740519,0
713710,0
4555958,0
3055091,1
1302716,0
4494378,0
5215652,1
1384375,0
1612113,0
5068331,0
3337430,0
376825,0
5262639,0
4190185,0
615960,0
5406451,1
5442075,0
4118340,0
1555993,0
5217426,0
781026,0
3869333,0
2676483,0
4010793,1
2611982,0
207758,0
2515678,0
2377205,0
3555353,0
4856049,0
286111,1
4234686,1
617052,0
2606426,0
5510054,0
5141821,0
8366,1
4885034,0
5075124,0
1243414,0
4439411,0
2110849,0
2616658,1
1116356,0
192226,0
3749071,0
3075687,1
50098,0
4345504,0
1790393,0
5248543,0
1830610,0
2718859,1
479984,1
61965,1
3881007,0
557705,0
5217110,0
2993277,0
547873,0
504544,0
5242304,0
2601965,0
5069748,0
3534038,0
278602,0
2156572,0
373642,0
2458681,1
3812226,0
2069384,1
4333127,0
4486726,0
5247614,0
135989,0
3012490,1
3880962,0
4652060,1
4450787,0
838747,0
1405149,0
926996,0
1708597,0
1876768,0
4339835,0
2055336,0
1052238,0
5391662,1
1198274,1
1860398,0
4432947,0
2825189,0
5218561,0
4098329,1
4385533,1
2078859,1
5487264,1
3640452,0
1785523,0
3757026,0
2228574,0
1384326,0
3864906,0
2118571,0
2224176,0
5443358,1
5543229,0
3306895,0
3737773,1
1338077,0
2130550,0
2591131,0
2409358,0
2186118,0
4359144,0
2845165,1
1038763,0
1840822,0
5191265,0
860140,0
1066584,0
2922105,0
4495900,0
1362882,0
2192182,1
980384,0
2674813,1
3707931,0
318709,1
1724272,0
848510,0
707862,0
5500474,0
4339860,1
744756,0
115017,0
374045,1
21046,1
5252430,1
3357944,0
5383061,1
28148,0
5534874,1
4763734,0
5163247,0
3370240,0
4457930,0
4278262,0
3376797,1
3971029,0
5315913,0
3599051,0
29185,1
4594587,0
5490057,0
3034547,0
5496424,0
2956061,0
672345,0
1351108,1
3892378,1
1020550,0
863112,0
2354280,1
5040585,0
671544,1
2395582,0
201601,0
1669899,1
3678350,0
3039783,0
4649256,1
3028078,0
3139027,1
913822,0
102501,0
931730,0
2121673,1
1699662,0
2904812,0
5169591,1
3176168,1
2634471,0
2946809,0
349643,0
3638717,0
2739204,0
2245466,0
4475779,0
1649302,0
3162750,0
4589597,0
1178777,0
609353,0
2023882,1
1693873,1
368225,0
5479678,0
489828,0
1686218,0
5494142,1
94209,0
439626,0
4354222,0
4201696,0
3749514,0
1769283,0
481196,1
1536480,0
1578205,0
1661295,0
1564296,1
4144285,1
95446,1
2632807,0
5063461,0
830936,0
2389298,1
2754872,1
337118,0
981535,0
352159,0
2929469,0
3846621,0
3791417,0
4040080,1
5225316,1
2697359,0
324907,0
2476213,0
5339699,0
3075050,0
4460630,0
1558430,0
4054866,0
2058403,1
1430493,1
3931279,0
3791298,0
2743050,1
719430,0
3155095,1
3226902,0
3713914,0
5077949,0
3857220,0
951591,1
3120612,0
3766487,0
3044309,0
3084015,0
1833720,0
3112300,0
340180,0
2360709,1
5137508,0
4858163,1
4420227,0
919394,0
485450,0
2076956,0
4004773,0
1994949,0
4195013,0
2793370,0
649576,0
4697138,1
1731845,0
5464341,0
3801372,0
2039762,1
2858804,1
644458,0
3292511,0
1231238,1
3866650,1
2657191,1
1553701,0
953053,0
1483356,1
415920,0
4926389,0
4603383,0
1221207,1
1304776,0
4887304,0
2637608,0
5493831,0
4956231,0
3576820,0
4051349,1
2032918,1
680922,1
4492981,1
1092005,0
1075000,0
4316057,1
1679929,0
5539821,1
5313065,0
3660897,0
4763592,1
391705,0
1348458,1
4827653,0
2699922,0
2931715,1
4916160,1
3453673,0
5003539,0
2239523,0
4094476,1
673716,0
2776287,0
3869313,0
3011579,1
1321149,0
2192832,0
542754,0
1140878,0
76020,0
807799,0
3911369,0
2999640,0
1921985,1
4581675,1
1618436,1
29560,0
1554297,0
1269173,0
4214625,0
3695932,1
3594761,0
4537471,1
47280,0
840269,0
571759,0
1055715,0
4168890,0
3298087,1
5083339,0
5479689,1
3942498,0
2210262,0
3248971,0
2361061,0
5396934,0
3858356,0
591149,0
1302482,0
4044384,0
5143807,1
4143030,1
1012753,0
1764170,0
4492979,1
576118,1
1557654,1
5205457,1
1744088,0
1230236,0
1342268,1
2658728,0
1252627,0
1468269,0
1533600,0
193180,0
684856,0
1083941,0
2350060,0
2467967,1
2071163,0
4125394,0
1491215,0
2382767,1
3276143,1
1006888,0
819757,0
4383853,1
2337920,0
3363287,1
225465,1
1598878,0
2821431,0
3935370,0
466116,1
2261115,0
5034034,0
5007441,1
837408,0
120673,0
2660979,0
1576281,0
121221,0
3717289,0
447908,0
229131,1
382007,0
35795,1
1801235,1
2268607,0
3403814,0
790259,0
1683893,0
490747,0
2670061,0
399455,0
4359935,1
370542,0
3495594,0
3183219,0
2093924,1
1599262,0
4183404,0
5534533,0
2682638,0
3129308,1
2746539,1
5158113,0
2091675,0
4013196,0
3707431,0
4214853,0
5141687,0
1556239,0
533325,0
5413099,0
5546141,0
2806811,1
757338,1
5320657,0
3603460,0
1540290,0
1887251,1
3640678,0
297904,1
4202041,0
4952095,0
171852,0
2046801,1
4241745,1
1994262,0
3027135,0
4179145,0
1375373,1
754127,0
3360897,0
4561745,1
2236153,0
2387858,0
1992624,0
5347988,1
1322238,0
3446898,0
3748923,0
2501652,0
189077,1
2418968,0
1540470,0
5409088,1
71313,0
2070386,0
1461110,0
945801,0
4899058,0
4190670,0
2931632,0
1448597,0
4937931,1
2648744,0
5192491,0
833078,1
446908,1
1196348,0
2097252,0
5475050,0
1773275,0
2983084,0
2515564,0
5458626,0
2473173,0
4666313,0
2003335,0
2861650,1
1573922,0
1122002,0
4516947,0
3623906,0
5097892,0
247869,0
1084571,0
1564222,0
2890273,0
554341,0
1402999,1
2683967,0
4045422,1
3234232,0
107431,0
5074679,0
120487,0
1510642,0
895253,1
2000584,1
4380592,0
2911771,0
1260728,1
1612031,1
4247135,0
602251,0
288707,0
5453170,0
5060227,0
734395,0
318618,0
1448320,0
3219990,0
1115049,0
3658362,1
4656564,0
5093855,0
8094,1
4488690,0
2302294,1
974622,0
5291572,0
1617630,0
5389245,0
2344550,0
1117511,1
5048179,1
3497705,1
1823048,0
4263597,0
3508747,0
327303,0
2776215,0
1753341,0
2956685,0
611544,1
328477,1
3576928,0
3289079,0
3163291,1
4459044,1
4648235,0
3663464,0
503342,0
1711645,0
2411263,0
4193206,1
1496358,0
1704331,0
5049683,0
2576213,0
3707412,0
2673561,0
760333,0
2146819,0
1819083,1
893943,0
144308,0
2989401,1
4252192,0
1662635,1
2243507,0
2035161,0
4038576,0
2058117,0
4366926,0
5105837,1
3827412,0
1806377,1
159173,0
4389436,0
3612890,0
5189973,0
1958294,0
5279271,0
4289892,0
5469702,0
4235552,0
1418985,1
3503788,0
2933097,0
565564,0
5396755,0
1819094,0
384515,0
3426059,0
4316740,0
3293449,0
5239512,0
4994690,0
1927704,1
140259,0
172764,0
4802488,0
1504920,1
782882,0
2343859,1
5165744,1
3895019,0
664718,0
2841263,0
4059947,0
5288813,0
2486663,1
3012734,0
3631739,0
1020601,0
3716135,0
4783300,0
4588973,0
1753850,0
4236521,0
2844984,0
3774585,0
1533316,1
4732290,0
4725490,0
529933,0
1879820,0
2439543,0
2083329,0
3028753,0
128406,0
4837761,0
1450485,0
1329721,0
174944,0
2253606,0
3049835,0
3417930,0
4375743,0
620268,0
2372276,0
392123,1
4781363,0
981525,1
874374,0
2005394,0
3076810,1
3845443,0
2609417,1
4718108,0
3019922,0
2277604,0
2506420,0
1930608,1
3191956,0
2109390,0
588636,1
2050530,0
905560,0
3926583,0
3145269,0
1437777,0
891243,0
5474465,0
2724791,0
1967138,1
4300736,0
784537,0
2279992,0
3507343,0
232804,0
3457649,0
3444410,1
4650669,0
2992307,0
5001626,0
2433514,0
349922,0
969892,1
2013577,0
2842378,0
1589233,0
2675326,0
5313802,0
3198035,1
2802735,0
1599974,0
4980584,0
1208760,1
2963871,1
3162157,0
3753503,0
3897875,0
1911035,0
2818629,0
3547821,0
675203,0
107048,0
5035898,0
5168889,0
1810440,0
969871,1
1892144,0
2230444,1
619570,0
4128333,1
1302463,0
4450938,0
4712344,0
4096058,0
2822854,0
1852067,0
4824348,0
105999,0
2598626,0
1229146,0
1435094,1
2303815,1
4177924,0
3814473,1
1329527,0
2491555,0
3771103,0
3385751,1
1918564,0
3288243,0
5226922,0
5204382,0
3245146,1
4457491,0
4733053,0
3389771,0
4065458,0
3502738,1
3863478,0
5199095,0
4228986,1
170543,1
3107949,0
2576440,0
3219077,1
1280233,0
741353,0
1527849,0
2687664,0
710326,0
3362415,0
4189947,1
5447282,0
4364052,1
5288879,1
3434450,1
4400782,0
3760742,1
1869405,0
2450310,1
5093951,0
3277421,0
4210874,0
3609023,0
4290916,0
4623694,0
4438821,1
5274819,0
2861542,0
4508226,1
2398822,1
4952359,0
1670277,0
1260508,0
5162508,0
4181448,1
3456210,0
2878428,1
3757614,1
873099,0
2015515,0
2438927,1
3468405,0
2779433,0
2925839,0
2758232,0
3947843,0
5111247,0
58331,0
5252716,0
4704034,0
5109148,1
3778829,0
11995,0
1852352,0
1525039,0
3906929,0
1998159,1
1363305,0
3593287,0
1355635,0
3802449,0
852154,1
1820759,0
709365,0
5282886,0
1034685,0
145530,1
743811,0
5512373,0
217171,0
833779,1
3607859,0
4892416,0
5540265,0
394808,0
1873926,0
4560229,0
432928,0
33370,0
3379375,0
2736182,0
734301,1
3439583,0
3766041,0
2470939,1
1781834,0
2933274,0
5113351,0
3004449,1
4954819,1
360185,1
4883460,0
3451404,0
968108,0
5076366,0
605478,0
4360397,0
252249,0
2349752,0
1853956,0
4098996,0
4673043,0
327291,0
464876,0
1539274,0
3671082,0
1299831,0
357956,1
3302557,0
4924911,0
1909677,0
1012803,0
3702494,0
99360,0
2255527,0
4426787,1
5075287,0
994397,0
3120429,1
3062328,1
2987366,0
684518,0
1441761,0
1999118,0
2578073,0
2578770,0
589937,1
210993,0
1292176,0
4614527,0
4394227,0
4238657,0
4571671,1
742490,1
3726807,0
4354754,1
4534471,1
2931004,0
2786134,1
2154273,0
3212923,0
3133805,1
116518,0
5428082,1
4776123,0
4416304,0
792609,0
2185370,0
4908215,0
3509993,0
1882058,0
1198281,0
1515394,0
2410329,0
4838903,0
1705648,0
5383623,0
4856984,0
2415559,0
3440414,0
3522139,0
3208882,0
3219628,1
2922507,0
722900,0
3908514,0
4342322,1
1990870,0
2074443,0
2790073,0
2876742,0
3971534,0
4838437,1
3245604,0
1453823,0
4181931,0
1023277,0
1951209,1
3151059,0
1680375,0
386132,0
4697348,1
4226206,0
4396805,1
751609,0
1749663,0
1053114,0
4115876,0
4554789,0
3425288,0
960487,0
2741042,0
5036421,0
3872515,1
3299578,0
3503400,0
2763378,1
4247585,1
871722,1
3085177,0
4499733,1
3907156,0
3794658,0
5265252,0
2141648,0
143396,1
2937690,0
1578255,0
4166368,0
2312062,1
3959813,1
1463281,0
1382698,1
5489174,0
3814925,0
2696760,0
4097412,1
2042108,0
1917537,0
1633846,0
333323,0
2584350,0
3602569,0
2601256,0
3229456,0
835950,0
5228168,0
161045,0
4495342,0
3205378,0
5346848,0
2994234,0
4368088,0
1848466,0
1123152,0
2294840,0
1447036,1
2225788,1
2991737,0
5050844,0
1221112,0
5485085,0
4224057,0
575344,1
4098667,1
3743068,1
4017815,0
645106,0
3036204,0
1137083,0
645409,0
5552627,0
4450110,0
3459051,0
4141349,0
2362986,0
346540,0
5441593,0
2146112,0
473638,0
3772060,1
2768565,1
5036340,0
3534611,0
1224383,1
4457059,0
4063950,1
5057486,1
1284460,0
738853,0
3380356,0
5025830,0
3896295,0
2887468,0
4894659,1
772148,1
2141224,1
4890958,0
512409,0
1022232,0
4263959,1
5002841,0
4149623,1
5246124,0
938622,0
1338583,0
1330329,0
481078,1
4260376,0
3963914,0
2333184,0
1558991,0
2908004,0
3038324,0
812014,0
4891370,0
4840942,0
3513375,1
749788,0
333401,0
321911,0
3544548,0
906083,0
1307816,0
4812618,0
4265922,0
2423883,0
1829889,0
4964313,0
4470691,0
4904321,0
1924856,0
5340630,0
4712309,1
4206565,1
935863,0
2558901,1
5088096,0
3238298,0
183667,0
2228269,1
752052,0
4694063,0
4274664,0
5360501,0
2754053,0
2782341,0
3407263,0
1399041,0
915847,1
2078241,1
5037581,0
2850221,0
3728055,1
61467,1
5502887,0
1903315,0
4085733,1
1033718,0
3884822,0
2144543,0
3707017,0
3159340,1
4767550,0
1652227,0
4291037,1
874609,1
1008333,1
4690840,0
2153102,0
5539900,0
990961,0
4401262,1
2175562,0
5299810,0
2019463,0
4212174,0
2904611,0
4811726,1
4995763,0
1644082,0
5469160,0
3729240,0
4599695,0
942225,0
28331,0
3778932,0
1957440,0
1037066,1
4447218,0
3452725,0
366506,0
4845729,0
1265276,1
3432182,0
3101198,0
4666557,1
2289922,0
1061664,1
3349295,0
2467059,0
2684797,0
3885971,1
1108003,0
1428720,0
2062763,1
1029864,0
4202746,1
22038,0
3375821,1
3814487,0
2608431,0
586579,0
1638801,0
3412591,0
4521175,0
3335524,0
4179774,0
323823,0
1914831,0
304652,0
2400336,1
3435073,0
5279806,1
2613527,1
4289149,0
4809015,0
1738947,0
4892783,0
1569293,0
2203803,0
5218231,0
5207794,1
367596,0
3046210,0
1071618,0
2743268,0
3362712,0
4623916,1
2518497,0
1246587,1
3968522,0
1073707,0
2099493,0
58214,0
4687225,0
399358,0
129185,0
1265119,0
3571977,1
2527533,1
3066482,0
4744655,0
3669595,1
868739,0
1104398,0
3828065,1
308229,0
4486541,0
651251,0
3453940,0
5256782,0
3921552,0
1883425,0
2768768,1
1210000,0
5546872,1
2988672,1
3474107,1
5221845,0
4116205,0
1488488,1
4429045,0
2917988,0
2402563,0
5161544,0
3970834,0
3000156,0
1134161,0
1476579,0
4060719,0
4024353,0
4475528,0
4445712,0
5249456,1
2851219,0
5105160,1
681808,1
87531,0
4217322,0
1304290,0
2078485,1
468540,1
3680873,0
3024685,0
1543734,1
3395373,0
5538261,0
5529259,0
2819170,0
2419486,0
3080316,0
4870369,0
2730164,1
3244501,0
4397765,0
1692203,0
4207235,0
3746661,1
690868,0
1447164,0
326160,1
104972,0
3063419,1
4098155,1
3001359,0
4841194,0
3614586,1
1076012,1
259671,0
2035711,0
4705928,0
1704795,0
664173,0
953517,0
1302087,0
1840093,0
595555,0
3658373,0
1048416,0
4409728,0
1446697,0
402774,0
834632,0
3526026,0
5286021,0
2042617,0
4646833,0
5120178,0
2146419,0
2323029,0
2475064,1
2513430,0
318485,1
1718819,0
1413587,0
333261,0
5090693,1
1658461,0
4153181,1
556947,0
306171,0
2528819,0
2074982,0
4471038,1
4374784,1
2411313,0
3922074,0
3000852,0
818764,0
4093176,1
4565593,1
1390107,0
3865299,0
152719,0
2440767,0
4728744,0
2563220,0
3764233,0
1424726,0
4607740,0
4691818,1
3410247,0
3509222,0
906298,0
4963860,1
2128113,1
5156535,1
4397814,0
4405956,0
176453,0
1652257,0
3667491,0
2501118,0
174000,0
3423231,1
50503,0
3829394,1
5351861,1
3409202,0
1837212,1
2492331,0
648685,1
922257,0
1277257,0
2480144,0
1445666,0
430700,1
4751150,0
780688,1
1405315,0
3606539,0
3733302,0
3580565,0
3073821,0
3065452,0
2908520,1
1203437,0
5373650,0
2418821,0
4985856,1
3025187,0
4910756,0
4177461,0
1141005,0
2668308,1
1615441,0
5175778,1
3359772,0
1770653,0
5214070,0
2103464,0
5525270,0
2877690,0
4848214,0
2415634,0
5153100,0
4155165,0
707258,0
4838341,1
5373183,0
2934119,0
1258543,0
2697124,0
2022219,0
2669771,1
1877576,0
2382453,0
1356446,0
4948329,1
5199593,0
565106,0
1729740,1
5426532,1
640545,0
1120590,0
3427370,0
756762,0
1451280,0
1675471,0
3981692,0
796882,0
799009,0
4948160,0
3045423,1
5248802,0
4284338,0
265468,0
4501159,1
165029,0
3116414,1
916012,0
876309,0
2505564,0
2050903,0
3099106,0
4243273,0
1647561,0
1308611,0
3378148,1
2465535,0
3506170,0
4527356,0
4968723,0
2303740,0
3324199,0
476036,0
4632182,0
4483444,0
3696907,0
31782,0
4904964,0
5275520,1
5546482,0
88725,0
1401942,0
4052464,0
5523566,1
1372499,1
1090910,0
3391537,1
4642294,0
1801985,0
4257294,1
779993,1
5054253,0
2005488,0
2423526,0
1016377,0
4052552,0
3767160,0
2110805,0
2062876,0
2893936,1
1926702,0
4070217,0
3004814,0
5131998,1
4260193,0
2142833,0
2517732,0
4317718,0
5535101,0
3162512,1
1001783,0
1423327,0
5013408,0
5475978,1
2452798,0
1434864,1
235475,0
5237259,0
4653144,0
3831893,0
4000937,0
4273355,0
3452862,0
3725870,0
1746863,0
2849377,0
3255618,0
777868,1
2143304,0
2140293,1
2204547,0
1006171,0
4511069,0
1390089,0
1121405,0
1157304,0
4516100,0
938021,0
5322372,0
2173833,0
5044645,0
3693707,1
2977947,0
1804347,0
4609782,0
5094525,0
349673,0
2428466,0
2108272,0
2461952,0
3808688,0
452736,0
2622711,0
4176248,0
942829,0
2103769,0
4024734,0
1854515,0
4600560,0
2471568,0
3736271,0
2881422,0
722098,0
3684499,0
1023744,0
1891139,0
1487961,0
4360389,0
2284248,0
3593105,0
3100374,0
4510547,0
4791228,0
4523331,0
4590916,1
119183,0
79034,0
2843591,0
2766943,0
4571937,0
2136875,0
2677812,0
2962234,1
420353,0
5064666,0
1059139,0
83944,0
459675,1
2067614,0
4646752,0
462655,1
660802,0
3857834,0
1195753,1
4326217,1
3288208,1
1170197,0
1748985,0
3784845,1
178001,1
3439487,0
703208,0
1574391,0
2048239,0
4274190,1
2887810,0
3125737,1
3340268,0
1890366,0
4323638,0
290926,0
3778846,0
5232198,0
4404723,0
2604818,0
774633,1
4598911,0
2309408,0
591080,0
4232407,0
3780079,1
103393,0
3564228,0
2257393,0
3470093,1
1772663,0
5187846,0
4550868,0
1327679,0
2898757,0
3421569,1
2428726,0
1344296,0
844745,0
3496540,0
1312518,1
2313612,0
2241522,0
1378288,1
1412831,0
5504722,1
5251817,0
5430663,0
3340890,1
2430077,0
1681754,0
2793821,0
3337799,1
1332567,0
5051466,0
4310658,1
4510118,0
782645,0
2199135,0
343887,0
4091531,0
2879466,0
4382424,0
3293167,1
1929601,0
4985854,1
5437068,0
1790435,0
806652,0
1973430,0
466189,1
4887644,0
218217,0
2302735,0
4745044,0
4641239,0
170674,0
1170505,0
3562070,1
2558138,0
882901,0
4930743,0
1646795,1
199376,0
5486169,0
2736622,0
3892560,0
1050403,0
3984525,0
3567672,1
4896793,0
4903005,0
1290920,0
5492347,0
3851848,0
2851361,0
2347073,0
2811866,0
4244257,0
1508818,1
3533255,0
1495368,0
2361916,1
1127479,0
2530127,0
5268615,0
4491629,0
5042491,0
2240830,0
1999554,0
1195273,0
1217557,0
2568404,0
2745786,1
3878323,0
5349093,1
5239719,1
2985678,0
1233038,1
2852476,1
5084175,0
2931824,1
4352874,0
4703845,0
4587385,1
1720331,0
5427599,0
623445,0
2531007,0
103704,1
2550163,0
3697846,0
3940579,0
411405,0
2059150,0
1062510,0
3571840,0
3052063,1
1565311,0
3250181,0
2547095,1
2582872,0
1081090,0
2212821,0
87881,1
5251030,1
4625357,1
1631645,0
674315,0
2803290,0
1596358,0
4477376,0
1840547,0
3772929,0
4160206,0
4988200,0
325485,0
5240921,0
4983592,1
4445595,0
5354549,0
1160256,0
3651147,0
4223106,1
1383748,0
2241000,0
424738,0
2425413,1
249831,0
4159231,0
2431657,0
3077041,0
3778425,0
670930,0
2584053,1
2249351,1
2226347,0
3769376,0
4662944,0
3053281,0
2701949,1
4130915,1
1955265,0
1234598,0
3007499,1
4717176,0
4428457,0
998839,0
4841093,0
154416,0
5514113,0
2952407,1
2813411,1
1895746,0
92371,0
3684366,1
3223740,1
2057325,1
4108917,0
589756,0
4462699,0
1706898,1
1182034,0
531272,0
181504,0
1359659,1
4972759,0
1884534,0
3578976,0
2730444,1
2984503,0
2944269,0
4033021,0
4584842,0
1474081,0
3144881,0
4616071,1
2478935,0
5059389,1
1645169,0
1790445,1
3713648,0
2113655,1
4707290,0
3888158,0
3036810,0
2835795,0
3678860,1
700135,1
4664045,1
4231448,0
2248335,0
4053943,1
2435506,0
2053299,0
2933395,0
3423403,1
1323378,1
3811141,1
214736,0
1895316,0
4405314,0
4493516,1
1971891,0
3193842,0
1863712,0
4582545,0
3666386,1
21303,1
3988751,1
1911688,0
138277,0
3514532,0
5469105,0
183035,0
737698,1
2213096,0
1063465,0
4519015,0
4660279,1
335875,0
3735719,0
1897645,0
4631297,1
3314509,0
3137095,0
142568,1
2947387,1
3285145,1
1671720,0
1452539,0
3042857,0
4535072,0
2214154,0
2859382,0
4610010,0
3079268,0
317985,0
2953504,1
2307952,0
1790049,0
5278510,1
1742360,0
248542,0
1951381,1
2831832,0
3801069,0
3548674,0
2785963,0
4651952,0
3821981,0
3411210,0
690723,0
5484671,0
1736508,0
4102819,0
142087,0
3760548,0
3553607,0
3166918,0
4683198,0
132842,1
4878848,1
3941680,0
772426,0
3290024,1
4583958,0
3143375,1
1399567,0
1306008,0
374913,0
3529581,1
4410236,0
5079896,0
1106157,0
2812652,0
78754,0
5229232,1
3458865,1
1430657,0
329919,0
3666075,0
4353866,0
490679,0
635390,1
571403,0
1210242,0
5482980,0
648573,0
5436638,0
4587527,0
3193044,0
4724611,1
4242505,0
2810939,0
2575764,0
1951397,1
2696115,1
3397717,0
2043643,0
2495317,1
2069086,0
2184363,0
4678641,0
3644172,0
924567,0
1448468,0
2179940,0
752490,0
1542852,0
4220628,0
2340097,1
1392289,0
124470,0
735807,0
1006542,0
4821702,0
668281,0
3809055,0
4647188,0
1652465,0
4529276,0
4656176,0
2511744,1
4565443,0
2010136,0
2833031,0
1353351,1
3176023,1
4322783,0
4111249,0
678112,1
1611370,1
5078929,1
5151648,0
1179228,1
1740363,0
2058045,0
1221771,0
3191191,0
3972373,1
586441,0
2531167,0
329023,0
2136910,0
361878,0
2237584,0
4182873,0
4713620,0
905991,0
5510866,1
499539,0
1893424,0
4875513,0
5176343,0
4589076,0
4653949,0
1003740,0
817700,1
1894955,0
5511713,0
2252819,1
4849539,0
3519754,0
1878107,0
1495677,1
1833953,0
5205710,0
4618141,0
5214136,0
3000850,0
5313230,1
2684553,0
253842,1
3805423,0
998738,0
2252838,0
2255627,0
757939,0
3125231,1
2696839,0
3895526,0
3011632,1
2923456,0
735614,0
1488373,0
4462020,0
4406160,1
3377476,0
1888630,1
3465161,0
449869,0
619498,0
2894556,0
3914461,1
2089389,1
696853,1
204214,0
113890,0
5021626,1
1745532,0
4349679,0
2506305,0
268141,0
1485492,1
3866632,0
4855431,1
2725987,0
4918358,1
213305,1
5456983,1
4810091,0
5071694,0
3017254,1
4499013,0
136702,0
4424815,0
1465134,0
664538,0
4015197,0
2750479,0
3960738,0
2308927,0
2940168,0
1330515,0
4679319,0
1090383,1
4224276,0
4752349,1
1137282,1
1471250,1
3777822,0
417869,0
565721,0
1827775,1
5166776,0
4242251,1
5060170,0
1063003,0
756589,0
4469198,0
2033345,0
4115073,1
1875709,0
4060511,0
1249719,0
2270756,1
1132581,0
1889250,0
4332631,0
4666592,0
843274,0
2078167,0
916551,1
414689,1
1032252,0
429788,0
1430140,1
4431918,0
2992200,0
3283252,0
820773,0
1294147,0
4418141,1
4977079,0
4366368,0
956964,0
3634821,0
36167,0
545575,1
4563424,0
5124918,0
4792234,0
2403340,0
2193518,1
2534331,1
10310,0
4751002,0
2689545,0
2754943,0
2935102,0
4979409,0
4162069,0
2223945,0
179434,1
1395056,0
2056688,0
5221193,0
4840008,0
5154107,0
3083071,0
619138,0
225747,0
2907831,0
4611547,1
2025716,0
2576759,0
3253750,1
3653469,0
3450388,0
1949419,0
1293156,0
2890804,0
1852768,1
3108454,0
1914665,0
253051,0
2600183,0
4541305,1
4500724,1
4814437,0
4364813,0
3547011,1
502842,0
5091377,0
1451120,0
4005624,0
3265446,0
4212478,1
2839099,0
3897890,0
3796951,0
1447198,0
4832253,0
3070942,0
655097,0
3140529,1
2003771,1
5557903,0
897682,1
940413,0
3703224,0
759691,0
4088662,1
4384659,0
3029399,0
5552599,0
2692469,1
5263572,0
5497661,1
1680470,1
1258243,0
3961576,0
1708917,0
95383,1
5361679,0
3393568,1
4712579,1
1063235,0
980391,0
5397494,0
821464,0
4539803,0
5558399,0
1165526,0
2076110,0
2046402,0
4958334,0
298156,0
3117221,1
88339,0
1412834,1
5144536,0
3229346,0
106251,0
4590229,0
3284097,0
955580,0
2882539,1
4552569,0
4556800,1
2693007,0
2663785,0
5011402,0
3670036,1
1562561,0
3262173,0
1564567,0
3974317,1
3674454,1
3317995,0
1014222,0
1946842,0
3638914,0
2486406,0
809653,0
838827,1
5410147,0
2326875,0
1134775,1
551014,0
1062905,0
258256,0
2149284,0
5308268,0
5555574,0
3012884,0
1362195,0
3361079,1
4220294,1
4280934,0
2712967,0
958854,1
4024755,0
265583,0
3255026,0
961715,0
3681582,1
5064256,1
4589629,0
2655033,1
3863692,0
5139504,0
543962,0
24664,0
3316220,0
1546659,0
940147,1
5315621,1
1280221,0
5186604,0
2849445,0
3653052,1
4569929,0
5135509,0
4991617,0
26892,0
4445533,1
2254975,0
4833955,1
342381,0
3239128,1
1914782,0
2348681,0
490899,0
1057089,0
3467371,0
197616,0
2457865,0
4685558,1
2623884,0
1595011,0
2682521,0
2740681,0
280541,0
1419104,1
1419131,0
2469636,0
4040653,0
4789436,0
2032383,0
2799817,0
4770437,0
1716369,0
2680053,0
3244682,0
4283867,0
4752446,1
2285798,0
4812822,0
5554221,0
2454670,0
4652225,0
1295390,0
371010,0
4915231,0
5380339,1
2611584,0
5197548,1
2422835,0
1389456,0
1780717,0
132197,0
3352696,0
986456,0
764636,1
162578,0
4179522,1
2293111,0
2719236,0
4912731,0
2185141,0
1364504,0
4674988,0
4798915,0
2453594,0
416124,0
2718311,0
3609157,0
4081175,0
1092374,0
1310496,1
5432169,0
3054252,0
1220721,0
2730636,0
5127765,0
1134772,0
3111045,1
148541,0
2897890,0
4099830,0
2650550,0
4114398,1
863620,0
4235340,1
1532108,0
436086,0
2925950,0
733732,1
5214639,0
2390250,0
376147,1
5025079,0
2815131,0
2347265,0
744324,0
252997,0
4113219,0
250004,0
1420097,1
5199224,0
4259742,0
1099270,0
3767969,0
2927756,0
4998804,0
1233051,0
143535,0
3640992,0
5463565,0
5433862,0
4880374,1
3163662,0
192785,0
3821388,0
1790874,0
1642214,0
3974299,1
4709528,1
4232577,0
4958639,0
115872,0
4144357,1
4606631,0
3698659,1
2490029,0
1513331,0
5478029,0
1461761,0
5497689,0
4243290,1
3827542,0
4892862,0
198994,0
138475,0
349990,0
2020483,0
2121163,0
2539249,1
2658669,0
1446391,0
2678368,0
4075669,0
3899785,0
3801048,0
3633009,0
455477,0
1924537,0
2338685,0
5058485,0
861629,0
4588672,0
5210309,0
4287334,1
2015512,1
2906139,1
5108261,0
4323075,0
4190331,1
2163502,0
1172578,0
4410559,0
1884981,1
1812046,0
2759177,0
920120,0
4033980,1
1915205,0
4666738,0
5474029,0
1259207,0
209206,0
2320375,0
4264258,0
3805420,1
3368800,0
1803029,0
4739437,0
2423323,0
953061,0
3244751,1
3729841,0
3573094,0
1596709,0
15519,0
5390116,1
1852685,0
367952,0
1912315,0
3648452,0
3130536,0
2104398,0
2954856,0
381456,0
3421296,0
3456300,0
2224270,0
3242420,0
2948762,0
3455429,0
2512994,0
2694912,0
2204445,0
1186510,0
2201979,0
5029109,0
201337,0
1409591,0
284999,0
1173264,0
5101152,0
4956706,0
2078895,0
3650321,0
1105831,0
3822172,0
1490665,0
3130543,0
740603,0
5548111,0
3344721,0
4700924,0
5260306,0
3643031,0
1220628,0
4733617,1
1408691,1
2315340,0
2884075,0
1897357,1
426149,1
651636,0
1301237,1
2614052,0
484372,0
4997891,0
3915801,0
58999,0
4359109,0
3819437,0
1213166,0
2973555,0
4966684,0
5367387,0
2591674,1
1443052,0
3924989,0
621658,0
4978668,0
4762710,0
2909168,0
1849263,1
3049679,0
1767993,0
4818957,0
3945386,1
3609529,0
3833097,0
3704198,0
5501112,0
1914534,0
1520955,0
646729,0
5186340,1
4633358,0
430525,0
1542713,1
4579645,0
4826782,0
1313961,0
3037249,0
2010165,0
3501832,0
4910000,0
2573861,0
1030744,0
5071921,0
2883209,0
2931707,1
2999248,1
2141881,0
4189528,0
390101,0
4113970,1
4405779,0
346366,0
88743,0
1670936,0
4895594,0
2043380,0
331890,0
4151275,1
1833502,1
4550390,0
2050885,0
2956177,0
523427,0
3455223,1
1695643,0
3030094,0
4629730,0
4440312,1
379895,0
5362814,0
591012,1
5359502,0
1577350,0
3821038,0
4243377,0
3350385,0
2759228,1
975594,0
1163179,1
4386030,1
4303963,1
2835768,0
561659,0
5211438,0
5356599,1
198364,0
2100674,0
857091,0
1547270,1
3948570,0
1045982,0
2219203,0
5119350,0
643115,0
137603,0
5029027,0
4839795,1
4072234,0
4648138,0
3219912,0
4272877,0
2196471,1
4143754,1
5428463,0
342147,0
4885384,1
5059416,0
34630,0
2283250,0
466426,0
3499,0
1230084,0
4632660,0
3029423,0
2248859,1
544133,1
203875,0
5169468,0
815655,1
2029158,0
159865,0
3555734,0
2010952,0
5467259,0
1393171,0
4030196,0
1977243,0
5518837,1
860798,0
2090001,0
1951137,0
4716357,1
4733439,0
1464822,0
276205,1
722701,0
907946,0
791884,0
2532690,1
2464677,0
1480846,0
1477905,0
4812891,0
5375337,1
2375505,0
1077445,0
2767905,0
387010,1
3590489,0
852249,0
4934218,1
1375261,1
2248652,0
1479584,1
2611814,0
5234428,1
3614492,0
3101949,0
1809626,0
266404,0
4817453,0
2914744,0
1668609,0
941514,1
2843357,0
2024351,0
4591592,1
3076572,0
1957109,0
2457169,0
1844771,1
5037671,0
1581280,0
501507,0
460058,0
1221135,0
4810706,0
874241,0
1625308,0
898958,0
2800226,0
4832144,1
759545,0
2864633,0
2557230,0
3372761,0
4252283,0
794903,0
4137664,0
1787332,0
1843858,1
4439870,0
2532129,1
1592713,0
5554909,1
4372820,0
1435038,0
1156018,0
5233721,0
4980110,0
2915369,1
1481442,0
3737766,0
3793314,1
2321535,0
169940,0
3544237,0
1606575,1
4979195,1
5125561,0
2491330,0
5005563,0
3422621,0
2240079,0
1777297,1
531363,0
3682577,0
424466,0
5049092,0
603923,0
4309161,0
3496383,0
3186874,1
3959035,0
3764399,0
547334,0
2572923,1
618416,0
1447372,0
1891737,0
2092921,0
4923504,1
3056298,1
952834,0
2319953,0
3016798,1
714039,0
178685,0
3236329,0
4752904,0
3962115,0
4570087,0
4312587,0
742043,0
1807680,0
3213936,0
1342125,1
2401351,1
1069338,0
2339284,0
5136409,0
5047839,0
3070224,0
260869,0
2491350,0
4257866,1
4009525,0
4476960,0
1593492,0
2513441,0
3189304,0
4361912,0
4126594,0
1551989,0
686936,0
1749664,1
4020196,1
1306729,0
4130131,0
1963770,0
3691738,0
5227466,0
4270932,1
4517566,0
445457,0
4175858,0
1363551,0
2572245,0
1211904,1
4965836,1
2743912,0
5382182,0
5178890,0
254350,0
1237337,0
1576550,1
2593783,0
5001369,1
1164808,0
3568314,0
522331,0
111928,0
3821369,0
1093237,1
5298299,0
1208854,1
4139128,0
2130951,0
3575601,0
3734075,0
1904007,0
6523,0
3350958,0
2155694,0
793283,0
1887482,0
3522428,0
4267561,0
5443385,0
457159,1
2850565,0
3673955,0
5061164,0
5518666,1
3174987,1
173523,0
4447021,0
4550630,0
2648815,0
776167,0
3263174,0
3999629,0
5127048,0
4804857,0
4164237,0
2249949,1
3372466,0
1135764,0
4708216,0
3799009,0
2069095,0
1246597,0
4771982,0
5167086,0
1599543,1
1546301,0
5530183,0
975680,0
3579522,0
424205,0
5495961,0
5439682,0
5369227,0
2086296,0
1094857,0
4333520,1
105968,1
3775272,0
1589461,1
2405304,0
4956707,0
238660,1
4132990,0
4131625,0
858043,0
3143407,0
5542293,0
1608071,0
3527269,1
1674180,0
400133,0
595288,1
4071095,1
1541699,0
5431032,0
3087052,0
927080,1
3221303,0
4060806,0
853251,0
1117100,1
2161793,0
251295,0
2955639,0
327733,0
512851,0
2575375,0
5514132,0
2874962,0
2225995,0
2969041,0
2068948,0
5305520,1
3963225,1
5506103,0
1062987,1
2292496,0
2333286,1
4868660,0
2596814,0
3448710,0
2084666,0
278379,0
1647082,0
341110,1
5031681,0
2832343,0
5497650,0
2685909,1
4927194,0
2551715,0
2582089,0
601056,0
1028625,1
1068298,0
2586013,0
2415097,0
5544514,0
3609857,1
718685,0
4100980,1
1792770,1
2646347,1
3676258,1
3780774,1
4927129,1
3686650,0
4959361,0
3496528,0
2943483,0
2278717,0
671575,0
3954262,0
3981481,0
546329,0
351401,0
862823,0
3010874,0
5414384,1
4137497,0
225299,1
3922955,0
4830867,0
4915123,0
1656815,0
707225,0
3624387,1
5348307,1
3118816,0
1063467,0
116449,1
1477147,0
602246,0
2057595,0
4607646,0
73285,0
4774368,0
1468354,0
904928,0
2449414,0
2714967,0
2627629,0
4633327,1
3803659,1
515896,0
3604321,1
675298,0
277604,0
2331244,0
619609,0
484836,0
852710,0
1703951,1
2954735,1
1178589,0
4492201,1
517287,0
2135429,0
4964817,1
814168,0
3295416,0
649219,1
358526,1
4248988,1
4953123,0
1101348,1
3116680,1
3696391,1
2783503,0
2379076,0
749725,1
1335178,0
774573,0
2164803,1
5480209,0
3048255,0
5351741,1
450424,0
5294300,0
522818,0
763495,0
2849699,1
4838696,0
4414277,0
2941103,0
1223521,1
3736841,1
648859,0
5433008,1
2522307,0
5155686,1
676964,0
2804380,0
1521716,0
2530992,0
3015537,0
2871648,0
4950624,0
5012256,0
3736856,0
2501111,0
5270786,0
5522499,0
4439426,1
5535879,0
587922,0
2061282,1
2981563,1
1230404,1
1043921,0
150298,0
1773802,0
1194142,1
2972409,0
4790480,0
4351667,0
2180957,0
3510984,1
834948,0
4407675,0
116269,0
259006,0
5362381,0
806239,0
3277224,0
266735,0
3749185,0
1581688,0
4435395,1
919384,1
661405,0
5240523,0
3614472,0
4506536,0
5293082,0
5113354,1
196973,0
819737,0
5186039,0
3136265,1
1530833,0
4108068,1
3719525,1
5454703,0
3293025,0
49792,0
3368163,0
3834865,0
5206434,0
352928,1
2299054,0
219669,0
2842579,0
2664791,1
622524,1
2608623,0
291564,0
3136381,0
337513,0
5050707,0
3964270,1
4787253,0
5257176,1
781389,0
4910076,0
5467366,0
127928,0
3012316,1
820047,0
5051934,0
4589776,0
4818891,0
1591662,0
4593108,0
5215412,1
1063339,1
3037621,0
1064089,0
5128974,0
4110459,0
206128,1
154303,0
4413109,0
1261845,0
4917119,0
3115068,1
1454085,0
3432236,0
6699,0
131310,0
686331,1
2465382,0
3400531,1
344076,1
840923,0
1694296,0
2988944,0
2174832,1
4214157,0
2893941,0
3462757,0
5273298,0
875144,0
529130,0
388405,0
3604121,0
3210307,0
845129,0
4765604,1
3173574,1
2545901,0
1598956,1
3389325,1
5535598,0
2691741,1
1123344,0
3809872,1
2798476,0
3398702,0
89551,0
1236339,0
1054098,0
4559641,0
343451,0
3248992,0
3338107,0
4851105,0
2749787,0
5126102,0
4852950,0
2573954,1
2812074,0
2798582,0
1417149,0
2549689,0
670261,0
920892,0
2922626,1
5401769,1
4605838,0
4869324,0
4691760,0
4493915,0
5160951,0
2944395,0
605412,0
2516290,0
983704,0
5198919,0
2575401,0
1754125,0
5490835,0
4459202,0
1070600,0
3758982,0
523807,1
3717582,0
4942095,0
5035386,0
2654578,1
5359800,1
2103439,0
263092,0
3975124,0
4177405,1
1483397,1
2898129,0
1029703,0
22071,0
5283691,1
4957260,0
1865432,1
3763883,1
4938782,0
3196479,1
3494949,0
5449488,0
79287,1
3850880,0
4102584,1
2869875,0
4548540,1
240268,0
5346371,0
4815086,1
4084628,1
729887,0
1316377,0
1429319,0
1285300,0
4894124,0
5077816,0
888989,0
2208331,1
4826604,1
1793656,0
4338070,0
5431988,0
640439,0
1025542,0
142831,0
1369570,0
634429,0
5434917,1
1218537,0
63310,0
1385291,0
5367150,0
4278830,1
4563528,0
3407648,0
1240264,0
5058923,1
2812041,0
4574079,1
4632325,0
2307095,1
4350406,1
1240296,1
986028,0
4480123,0
1343079,0
3935938,0
1150796,1
994128,0
3615870,0
3759503,0
1818499,0
34670,0
2214294,0
2587624,0
678239,1
242294,1
2284049,0
5131333,1
1993932,0
1311751,1
2840159,1
5447599,0
5280997,1
1140187,1
1376476,0
1495639,0
2272571,0
2469126,0
3150987,0
502570,0
4240072,0
4486775,0
3060827,0
4545699,0
1672849,0
136503,0
1715362,0
5186091,1
190649,0
2516113,1
787011,1
738357,0
4539422,1
3355029,0
4381699,0
2463051,0
5201485,1
4561210,0
3921338,0
3245427,0
1197745,0
4340790,0
254647,1
4953538,0
1745425,0
3466611,0
4028830,0
4798963,0
5207945,0
3123627,0
4755623,1
5402003,0
897419,0
4738658,1
3864166,0
4630641,0
3048057,1
2530178,0
5425174,0
1073057,0
3475731,0
3257414,1
1556865,0
3034637,0
5147858,0
3802668,0
4393012,0
928242,0
5166350,1
563220,0
1621833,0
371205,0
5533710,0
3599166,1
502046,1
1570231,0
51984,0
2163294,0
859907,0
2786705,0
5219622,0
1716543,1
3059542,0
3293010,0
628954,0
2993452,0
5143483,0
2867819,0
2942844,0
138514,1
2702011,0
1079688,0
2601859,1
1869354,0
5179988,0
1978948,1
1448412,0
293765,0
1938420,1
4381224,0
3867517,0
730662,0
2683799,1
5238272,0
4192637,1
2781493,0
4099580,0
4556066,0
4269776,0
618173,1
3768689,0
5172226,0
1361216,0
2340231,0
3022687,0
2782455,1
2242460,0
4115456,0
1882848,0
3327668,0
5005484,0
1958553,0
3135258,0
146975,0
582763,0
1429124,0
2196149,1
3899419,0
4787872,0
3741894,0
5187476,1
670426,1
2207256,0
489246,0
5558358,1
1387029,1
5363955,1
4603652,0
2094385,0
3985141,0
242201,0
1360449,1
3995817,0
1721626,0
5507032,0
1415887,0
2671875,0
595492,0
421,0
1276551,0
846384,1
4608161,0
4204830,0
184072,0
1856999,0
3507103,1
3499311,0
5275648,0
1881301,0
5049867,1
3619464,0
1396268,0
3124519,1
1984425,1
84288,0
875174,0
921354,0
3312864,0
5432688,1
218427,0
1329168,1
2229397,0
3668022,1
4830070,0
1454795,1
1656174,0
4943585,0
2456528,0
1637836,0
361044,0
692790,1
1535397,0
1292614,0
153830,0
2029831,0
5506116,0
5142918,1
3406554,0
669830,0
3228334,1
2076275,0
333420,0
3304447,1
439539,0
1443253,1
1489002,0
3175371,0
2486457,0
4039574,0
3725135,0
4711873,1
3456356,0
4797556,0
4469217,0
3840554,1
3005889,0
3971969,0
1023699,1
196377,0
1117072,0
5500843,0
1615253,1
3263391,0
3284468,0
3128093,0
4418149,1
3690204,0
4925872,0
3447745,0
2298859,1
2590057,0
288332,0
4057333,0
1502131,1
2779497,0
1049584,0
4387623,1
3808646,0
5167175,0
3534932,0
3788255,0
3646469,0
3380373,0
797992,0
3003608,0
1935868,0
5055467,0
89372,0
5230125,1
1292719,0
1059535,1
426863,0
1368217,1
2796654,0
3157847,1
4753575,0
2774738,0
5407197,0
1205012,0
2115875,0
1561168,1
1322278,0
3497364,0
90720,0
2621137,0
1587608,1
3035432,0
4060214,0
3664860,0
1463101,1
4812897,0
2948736,0
2159637,0
96378,0
5266576,0
1866588,1
4108071,0
325575,0
1076958,1
2811939,0
5140512,0
3948941,0
2992757,1
2383547,0
5296663,1
3186478,0
4506423,1
1965972,1
153126,0
2609969,0
2896482,0
5415517,1
2692293,1
3438884,1
3092066,1
1079798,0
4616378,0
2265618,1
2275027,0
1438137,0
3401130,0
3613052,1
4638144,0
688804,0
222395,1
191630,0
3006255,1
1192760,0
4588737,0
3900375,1
1514029,0
871200,1
138128,1
2683156,0
2640360,0
3173323,0
1477572,0
2417422,0
3684698,0
519348,0
100395,1
2135176,0
4421876,0
2083636,0
4027126,0
1376929,0
511947,1
4533900,0
3994834,0
3064847,0
1663259,1
3214374,0
5545293,0
2006643,0
1349201,0
1091472,0
3561616,1
2004294,0
2218025,0
2766255,0
3115291,0
2471637,1
4221095,1
3462423,1
3234108,0
653662,0
5280068,1
1545156,1
198633,0
2736652,0
3747367,0
3521256,0
3585739,1
2198268,0
2716019,0
946424,0
3673002,0
2671228,0
5073112,1
4929462,0
3213696,1
4164098,0
2416264,0
5048249,0
3989820,0
1675235,0
2358916,0
113280,0
1607979,0
5454993,0
1049435,0
772141,1
1988428,1
4556536,0
5097393,0
4724966,0
1919347,0
4102905,1
2138135,0
90235,0
4757668,0
380560,0
4396909,0
4234046,0
2902918,0
1972892,1
1922148,0
3784795,0
3105570,1
3565733,0
1568038,0
1733928,0
2885108,0
4388439,0
3639265,0
639845,1
5092772,1
5103504,0
4405729,0
3738560,0
3114979,0
2803424,0
3619094,0
4421918,0
4155007,1
138151,0
2194613,0
3279831,1
907362,0
308341,0
4319032,0
470249,0
4744624,0
1028291,1
148180,0
5139266,0
5358441,0
4897807,0
3941733,0
1164862,0
313601,0
5263431,0
4713116,0
3245080,0
93074,0
2832213,0
2683786,1
2664310,0
2727889,0
4427816,0
4458384,0
2581033,1
1082481,0
1359618,0
856848,0
4613795,0
5142463,0
1459953,0
1571393,0
4262292,0
3372613,0
4326863,0
2889847,1
5142963,0
51361,0
375422,0
3862344,0
5049368,0
1279719,0
4075639,0
5290303,0
1397776,0
5184809,0
1765549,0
3525109,1
1366965,0
5214142,1
5051998,0
364998,0
2805523,0
3123560,0
2654716,0
3606436,0
3732652,1
4991961,0
4193526,0
656234,0
860592,0
792068,0
1639314,1
4190011,1
1618684,1
2041623,0
4638409,0
2239476,1
1351094,1
907548,0
694396,0
2813352,1
2513808,1
5110781,0
2296071,1
3740705,0
5174239,0
124581,1
351136,0
3933155,1
1896802,0
3385794,1
4066659,0
2858762,0
3932772,0
526736,0
3844341,0
972363,0
5349137,0
5544632,0
1142118,0
5336542,1
983436,0
4419374,1
326279,0
2571889,0
3249184,0
3350987,0
2490124,0
4560485,0
606587,0
3820184,0
1844956,1
307942,0
5127087,0
4430241,0
879178,0
953978,1
4432264,0
5321636,0
1964352,1
493058,0
348417,0
684531,1
5555280,1
1787837,0
1671095,1
5397715,0
4720504,1
526135,0
4491810,0
3066112,0
2625279,0
2249086,1
3036380,0
3943643,0
4511712,0
2549210,0
5539893,1
373210,0
2301602,0
3793846,0
3382983,0
4896903,0
2307468,0
3565129,0
2188105,0
1540055,0
836605,0
3052234,0
5194493,0
3400538,0
2143111,0
329765,0
3478070,0
5131271,0
3374706,0
156347,0
5336399,0
3007951,0
1422676,0
4528151,0
2934253,0
1489778,0
3727156,1
4324194,0
2251765,0
5508355,0
1558427,1
2819929,1
4669501,0
2110951,0
4048858,0
5337400,0
1443164,0
3537967,0
504368,0
1787970,0
951696,0
4273883,0
3085928,0
3927789,0
3933625,0
2318898,0
3871165,0
1456244,0
4401359,1
2115726,0
1903801,0
3487137,0
1482059,1
3769393,0
3458658,1
334734,0
3360415,0
3054205,0
3193856,0
4207467,0
338747,0
1242433,1
13270,0
438216,0
735964,0
1918802,0
516934,0
2679495,1
1482241,0
1422092,0
3233925,0
2190323,0
2340940,0
5292512,0
240015,0
4889279,1
1942593,0
566089,0
2376641,1
3735352,0
4559461,1
2286647,0
3412303,0
2230751,0
2971606,0
1209659,1
3305224,0
3415283,0
2897713,0
1791946,0
3957746,0
194657,0
4689160,0
2460797,1
4077365,0
1884935,0
173781,0
549828,0
836365,1
5253389,0
1493089,0
880091,1
1359288,1
2823027,0
2384560,1
5516546,0
419520,0
4905364,0
4000650,0
2399879,0
4124929,1
2220084,0
3083482,0
5501176,0
844571,1
2627601,0
5004622,0
3548895,0
5440253,1
3139408,0
5318184,0
4889920,0
5442922,0
4320554,1
4553451,0
70566,0
1437413,0
853248,0
3320723,0
2235863,0
810871,0
4758572,1
993474,0
3409567,0
157148,0
761880,0
1290027,1
1109396,0
4873495,0
934823,1
5329276,0
5051971,0
1376838,0
5304840,0
2958210,0
5074540,0
501862,0
1626383,0
648191,0
5133690,0
419127,1
5210493,0
4220203,0
4302001,1
1988295,0
4127539,1
1029070,0
4915105,0
1923687,0
1595861,0
4408970,1
2165908,0
4148937,0
1908334,0
3510600,0
4146997,1
2965546,0
2908320,0
5224987,0
3192741,1
1873092,0
410795,0
1938099,0
5297855,0
1349145,0
966985,0
1910771,0
3197984,0
2082343,0
3015877,0
18946,0
2078108,0
4041024,0
4692380,0
5479879,0
2419864,0
4884016,0
3439046,0
5058154,0
2095309,0
1612030,1
4981253,0
1593607,1
3638710,0
3805462,0
3938096,0
5328377,0
5136566,0
851402,0
4068092,0
2622748,0
3487738,1
2605852,1
308936,1
5134997,1
2654486,1
3944857,0
801042,0
4759516,1
4580182,0
515834,1
1173940,0
3421863,0
3366400,1
5197561,0
3349705,0
1707408,0
488109,0
4444461,0
4483226,0
3446623,1
3163708,0
5535904,0
2793706,0
1143932,0
2166014,1
898732,0
643500,0
4786678,1
1748178,0
175264,0
2598499,0
3752437,0
5054868,0
5421596,0
2117730,1
3276645,0
2593595,0
1506841,0
3236903,1
1275285,1
3660573,0
815082,0
879791,1
2634536,0
1944811,1
1632047,0
2591110,0
476355,0
2845992,1
4019884,0
1291443,0
3284649,0
3806717,0
4572325,1
208037,0
5148487,1
2655449,1
2473501,0
1215034,0
733551,1
5098931,0
2915964,0
1861827,1
2714099,0
5516130,0
1111186,0
2656896,0
2341890,0
5372319,0
1754713,0
457743,0
3298913,0
8977,1
857942,1
4465640,0
5449391,0
917780,1
1655600,0
1606640,1
4457736,1
1217165,0
972355,0
4634599,0
2949196,0
587884,0
2937904,0
3466310,0
4081661,0
771419,0
1748770,0
254762,1
476378,0
5149290,0
2168667,1
4040742,0
3558079,1
4613409,0
2351874,0
2086731,0
1246704,0
2998429,0
999846,0
1148657,1
3359463,0
1320423,0
3172317,1
3453377,0
702366,0
4463146,0
3313645,0
5464811,1
5297863,0
4939196,0
3951626,0
2177108,0
1602719,1
4146298,0
4786910,0
1155357,0
127427,0
2086308,0
3458200,0
1780405,0
2298179,0
4495505,0
1252141,0
3591644,0
1219484,1
3859531,0
3054299,0
2586811,1
3157947,0
1147571,0
4533676,0
5040500,0
1803736,0
2444376,0
2993531,0
2591960,0
107625,0
1190954,0
1285084,0
3088469,0
5115534,0
558023,0
1621622,0
318365,0
2087639,0
1676992,1
362443,0
4141519,0
3949843,1
509631,0
3114089,0
4738504,0
4386563,0
4275051,0
35216,0
4536022,0
720229,1
1520285,0
1775348,0
5165626,1
4653272,0
3714520,0
689558,0
671243,0
2813779,0
3336151,0
1007047,0
1450395,0
2141728,0
735695,0
2891051,0
3692108,0
1606152,0
3800990,0
4150645,1
4361663,0
93864,0
3214775,0
3533867,0
5308082,0
3718500,1
1041282,0
5547685,0
5530181,0
3990733,0
5147315,0
4685724,1
77528,1
2597851,0
4787087,0
934886,0
3420137,0
2456999,0
5286798,0
5241819,0
437764,0
2813595,0
1497076,0
1471988,1
1154500,0
4816059,0
4768133,1
1828761,0
1013754,0
2698458,0
215379,1
1254177,0
491732,0
874461,1
3777165,0
1813546,0
1283253,0
4645533,1
540169,1
4740259,0
1249785,0
2022302,0
4550832,0
4646087,0
1379482,0
1082508,0
1752805,1
610131,0
898523,0
4649596,1
3077786,0
3616961,1
374815,1
1662757,0
5521652,0
5095085,0
2239979,0
4921756,0
3016591,0
4143776,0
4305253,0
2188148,0
787303,0
3690742,1
1168805,1
3843789,0
3310051,1
1363112,0
3884009,1
3213693,0
3739424,1
3776914,0
2579314,0
5452861,0
5264957,0
3312962,1
4126640,1
5040705,0
4593397,1
5387808,0
960082,0
1583117,0
3751440,1
4013178,1
2269559,1
1711809,0
576699,1
1167077,0
3628532,0
2911218,1
4558512,0
3374460,0
3434377,1
2302894,0
1738410,1
5537822,0
5471395,0
3517989,0
5144284,0
270125,0
5226493,0
4520331,0
2957416,0
3357249,1
921273,0
2348769,0
2405181,0
4901017,0
4298501,1
2233904,1
5013492,0
1084360,0
2291956,1
3604712,0
3850794,0
2709595,0
3897948,0
1497807,1
5398109,0
2241327,0
4927115,0
5420085,0
2648718,0
4899025,0
5075152,1
3236760,1
1115996,0
2833414,0
726544,0
4440064,1
991119,1
1393930,0
3429449,0
5254111,0
3335388,0
3772227,0
4928541,1
4559460,1
2625489,0
5548164,0
3414364,1
4891784,0
4353952,0
1433405,1
1620535,0
5326327,1
1710832,1
1662738,0
3706136,0
1278362,0
110062,0
4135334,0
4334070,0
2401378,0
1105857,1
5128118,1
5333914,0
1641907,0
4200646,0
228434,1
1186720,0
3803864,0
5080753,0
3796800,0
695825,0
3984766,0
4389316,0
1528343,0
5510630,1
4757361,0
1449810,1
2029824,0
9477,0
4341169,0
2802696,0
5533516,0
4897250,0
3906034,0
564117,0
1187117,0
5330761,0
741916,0
54762,0
596536,0
1715626,0
4746037,0
4299734,0
1600862,0
266958,0
5414370,1
1674302,0
4974095,0
2085202,1
347111,1
2482427,0
5078739,0
455657,0
1594867,0
2707313,0
4434569,0
5166773,0
4411165,0
3072921,0
2800828,0
79348,0
2785255,1
2757693,1
2855435,0
4743467,1
1737402,0
4179542,0
304647,0
4972793,0
5406637,0
190593,0
2159795,0
1574674,0
1808750,0
2550367,1
1302720,0
3195144,0
2183741,0
3242569,0
651605,0
3011925,0
448097,1
3091050,1
4809012,0
533625,1
3884291,0
251426,0
4303222,0
4764328,0
5005322,1
1715442,1
4414006,1
1048344,0
5535783,1
1275261,0
782067,0
2234890,0
4989357,0
3069973,0
4531090,0
79614,1
2457223,0
5095315,1
4277330,0
2426499,0
734762,0
3796827,0
3940826,0
3037583,0
5383467,0
1866559,0
947924,0
2998873,0
4016138,1
1670824,0
4593270,1
4636752,0
1333682,0
5055619,0
4193807,0
4856258,0
5175395,0
4214592,0
344594,1
174839,0
602658,0
2445162,0
1817024,0
2460388,0
5090931,0
5419679,1
4256792,0
299835,0
3988420,0
4054054,0
4787647,0
1797088,0
3270676,0
3868665,0
2250117,0
3882323,0
4887645,0
5257007,0
2136947,0
3225908,1
4010515,1
3535270,0
2161559,1
3752604,0
359351,0
2545149,1
3865797,0
2608781,0
3430521,0
5280154,0
5399093,1
1651425,0
708288,0
613529,0
3695405,0
2097563,0
5159612,0
4422764,0
4499979,1
3750001,1
3867237,1
511425,0
3487326,0
2894288,0
5085785,0
849511,0
4449096,1
1077292,0
4951586,0
3053334,0
4488761,1
3136224,1
2994225,0
173191,0
4867609,1
1264843,0
295772,0
2240704,0
4956207,0
1783280,0
2092586,1
5089267,0
3624110,1
2274042,1
5394112,1
5460143,0
5163002,0
3317434,0
4421741,0
5296869,0
3782592,0
4744934,0
2874199,1
5323282,0
1665892,0
3347479,0
5466801,1
886455,1
804904,0
1214411,0
3777009,0
546711,0
391374,0
137186,0
1152270,1
2701134,0
2578950,0
3673874,1
5500496,0
2201159,0
3892657,0
2496385,1
3668854,0
2267325,0
389771,1
3476623,1
309899,0
4123599,0
3783830,0
1658872,0
4093106,0
2552105,0
1099561,0
3832649,0
236102,0
3460073,0
4103130,0
854846,0
2175109,0
2919093,0
2928334,0
5235038,1
1977744,0
882843,0
1520287,0
3193009,1
5092747,1
5109640,0
2884038,0
330098,0
4377690,0
1863758,1
2114007,0
3256086,0
3591909,1
4569365,0
4246772,0
434000,0
594009,0
3662633,0
961086,1
3957051,0
5507949,0
3969132,0
3338363,0
4659980,0
1908906,0
5503890,1
1589147,0
3312467,0
2848863,0
1192209,0
1342919,0
1116662,0
1917536,0
2447875,0
3476807,0
4687356,1
691520,0
3441157,0
664757,1
980889,1
4731668,1
513046,0
5069702,0
4127538,0
5121705,1
1284667,0
3314873,0
563243,1
5236178,0
1639286,0
1327014,0
3128278,1
598374,0
2237110,0
730824,0
3712105,1
3940988,0
75401,1
999717,0
3593781,0
4116335,0
361460,1
3886510,1
364774,0
3733365,0
69703,0
1092522,1
2050419,0
2243531,0
4049925,0
4205524,1
2372146,0
974513,0
704041,0
681199,0
3911620,0
1796647,0
5284126,0
1608274,0
3056333,1
886457,0
1517624,1
5397383,0
4136120,0
3688359,0
2750075,0
1970969,0
579330,0
2552334,0
2129042,0
4833980,1
886335,0
2857994,0
491864,0
4397144,0
2938961,0
213445,0
1932983,0
4158562,0
2242646,0
5261505,0
1713543,0
790440,1
1620178,0
3407376,0
221253,1
564910,0
4879730,0
3099124,0
222440,1
804124,0
2140079,0
196827,0
4054302,0
5030205,1
4057986,0
5204152,0
2659566,0
4265545,1
5249424,0
4327949,0
1896388,0
1517625,0
4598239,0
1165686,0
3702031,0
2194578,0
1526366,1
4991825,0
226970,0
5256589,0
3334142,0
3195955,1
1207089,0
3399144,1
3733515,0
4336234,0
4700057,0
3052613,0
1141002,0
1594572,1
1453091,0
3824451,0
5178704,0
4204659,1
3372098,1
235552,0
1951180,0
773694,0
4497679,1
5213934,0
3244725,1
1133653,0
1621096,0
4722517,1
125212,0
5135231,0
1231503,0
3373632,1
3299915,0
2375026,0
4327979,1
440192,0
2510152,0
5238824,0
5470717,0
4923406,0
2707217,1
3283025,0
3805587,0
3120912,0
4922885,1
2693445,0
1020389,0
816880,0
2476,1
642892,0
898999,0
4167627,0
3038101,0
3680288,0
4327530,0
577225,0
2506454,0
1515724,0
4856630,0
3008508,0
5519944,0
1570010,0
3589771,0
4715866,0
121783,0
4247838,0
321042,0
3451655,1
3766308,0
4476728,0
1300751,0
3765635,1
3482307,1
2586003,0
4703030,0
666925,0
3240813,0
3116995,1
861780,1
526387,0
761938,0
2404443,0
862746,0
3140487,0
999815,0
329503,1
3320862,0
2036167,0
3318081,0
3324829,0
5159628,1
2938603,0
1177263,0
2960476,0
604679,0
4343994,0
3826730,0
3290638,0
4381682,1
4890682,0
4264341,1
5520882,0
1051340,0
4241966,0
30874,0
3219299,0
2844284,1
2753213,0
5421541,0
3230655,0
3744218,0
2529771,0
1037858,1
1059674,0
4821298,0
2609056,0
3557264,0
4644545,0
276421,1
2884819,1
898211,1
2212334,1
1912391,0
3052277,1
5488329,1
1372632,0
3954595,1
4482686,0
4103016,0
1707335,0
1484020,0
5084212,0
3051905,0
1252101,0
67507,0
1236718,0
4307433,1
3679797,1
3858170,0
4082109,0
803909,0
1217904,0
1493590,0
2831019,0
4449995,1
1100011,0
2899626,0
1429653,0
1790991,0
4407579,0
2905278,0
5403890,0
3473832,0
2450216,1
2987522,0
5004670,0
1280426,0
4222060,0
2811634,0
3349841,0
5421724,0
1011981,0
1521529,0
430669,0
4314720,0
4654884,0
3753825,1
3697132,1
3595629,0
2031076,0
4807489,1
2310723,0
5403979,1
3297924,0
3620031,0
3076794,1
3406752,0
929339,0
418402,0
1717178,0
4625135,1
4794035,0
2397932,0
5053812,1
489506,0
4668633,0
1029608,1
3814756,0
4164728,0
2715574,0
4139472,0
2294695,1
3904223,0
4612953,0
4773239,0
1685187,0
2806905,0
913293,0
3224164,0
2176428,0
2322694,1
3745300,0
5306284,0
2215024,1
3310774,0
4872789,0
5232067,0
2764036,0
659522,0
4044889,0
502326,0
99742,0
1570781,1
169613,1
804311,0
4341448,0
75696,1
3850483,0
2845841,1
1539882,0
3657695,1
4608487,0
392755,0
2874303,0
5377715,0
343500,0
3318188,0
1337783,0
4436200,0
3915292,1
1548645,1
586494,1
3771434,0
957662,0
3275615,0
1201372,0
4789727,0
4463470,0
4279496,1
4572739,0
1162498,1
2158782,1
1523495,0
5554957,1
4604508,1
5002835,1
5180663,0
5182386,0
2201058,1
1881500,0
2916974,1
1667925,0
4128309,0
4121533,1
216821,0
2587934,0
4047496,0
3310261,0
635640,0
2843628,0
3395686,0
5539430,0
390952,0
1107688,0
777199,0
4550099,1
4770818,1
64081,0
4938974,0
4016853,0
1918412,0
3032799,0
2731618,0
3195125,0
808789,0
3360933,0
4518952,0
2638187,0
2490696,0
431828,0
4195765,0
1536675,0
4653035,0
861312,0
716190,0
3339669,0
1854385,0
3584536,0
5341769,0
1019073,0
208080,1
1584240,0
2028965,0
2064829,0
3279654,0
5464532,0
3690189,0
1983241,1
714668,0
292364,1
347007,0
641839,0
1801200,0
41097,0
1885299,1
3844674,0
4880594,1
553023,0
432842,1
4000494,1
2868755,0
614826,0
3768211,0
618885,0
1422808,1
1498697,0
3958923,0
1563620,0
306644,0
3227345,0
3051436,0
2060902,0
4700512,1
568816,0
4849503,0
4310416,0
4253467,0
146581,0
1414706,0
2555790,0
2468462,0
2295458,1
3619739,0
4520750,0
4233476,0
925543,0
1093168,0
564833,0
2994072,0
1255498,0
1329844,1
5320209,1
104557,0
2013242,1
4493405,0
4143350,1
5367377,1
4409978,0
1363555,0
3500141,0
5410335,0
631234,0
2606217,0
3093777,0
797683,0
5550485,0
1970215,0
1196253,0
4615481,0
4046822,0
1574588,0
4437431,0
256168,0
1442401,0
4430976,0
4914838,0
3585796,0
2312370,0
4627736,0
4055082,0
1549818,0
3979194,0
3505452,0
4521201,1
4038877,0
5500072,0
2723328,1
2144923,0
168849,1
1466367,0
4107311,0
5164332,0
1923761,0
984735,1
5511071,0
4080183,0
1671306,0
1077525,0
742836,0
3020265,0
2024757,0
2861581,1
2900576,0
2334453,0
2845519,0
312083,0
5301439,0
2094124,1
1153088,0
488402,0
2045940,0
2116436,0
17441,0
1060105,0
347753,0
4429652,0
3715353,1
4445398,0
343731,0
3074194,1
4189357,1
4764456,0
4889170,0
3924684,1
883830,1
3859634,0
2822027,0
4426506,0
2396751,0
3825832,0
934065,0
5414216,0
4658445,0
1417905,1
4973339,0
1312077,0
5108997,1
1549851,0
1443023,0
4896023,0
4387836,0
891543,0
2281352,1
3831870,0
2859705,0
4218393,0
4768099,1
768722,0
4672041,0
4638147,0
4750513,0
984532,0
5345178,0
2183714,1
3587018,0
1320310,0
631156,0
3718085,0
1833655,0
4823596,0
4145808,0
2521107,0
5149344,0
1305537,0
599666,0
5403209,0
3050082,0
4854877,0
3717320,0
2215826,0
198562,0
385410,0
4876550,0
5049593,0
3539596,0
3116046,0
406544,1
568287,0
1787178,0
977206,0
2902882,1
3228719,1
5085005,0
1965365,0
4063444,0
81714,0
1461391,0
4219864,0
1308372,0
5524766,0
2903808,0
4896352,0
1307836,1
2802411,0
1611525,1
654239,0
2580668,0
3813735,0
3326447,0
684221,0
4703702,0
1526347,0
1056066,0
32738,1
5016894,0
2987542,0
3889690,0
1598114,0
3273104,0
5499727,0
4431250,0
2464826,0
5011652,0
4862916,0
2891141,0
3283727,1
2543825,0
821237,0
3413252,0
5144208,0
864967,0
3283429,0
444183,0
4555001,0
1853135,0
75420,0
2723694,0
1700447,0
3221940,1
2363108,1
2023253,0
4813366,1
3963040,0
3077633,0
4280207,0
2981274,0
2207411,1
1617820,0
2171359,1
4957783,1
4053700,1
355142,0
5000034,0
262641,0
3361718,0
1739793,1
3346487,0
740674,0
3079490,1
4402982,1
1269194,0
2442458,0
4093089,0
1026951,0
2482360,0
1363118,0
4197925,1
4803524,0
2051251,0
2998956,0
3860122,0
2476695,1
3091438,1
1612110,0
333679,0
4570225,0
4205419,0
2045431,0
3284674,0
4014893,1
2861510,0
5103970,0
1300951,0
3095943,0
5369293,0
1889141,0
2130438,1
4386871,0
1776544,0
901406,1
5126336,1
1623937,0
3432919,1
89151,0
1250808,0
931642,0
2305640,0
290067,1
546761,1
1653108,0
4100023,0
93910,0
5446071,0
1060624,0
3040020,0
283844,0
978490,0
1182129,1
399907,0
1151727,1
2847362,0
513671,0
2173929,1
690535,0
4045798,1
4523248,0
3365301,1
559306,0
3431948,1
557862,0
4672332,0
513249,0
2281470,0
5516823,0
3136745,0
1873864,0
5245739,1
1412541,0
4214998,0
144259,0
872645,0
333034,0
1736486,0
4705063,0
823424,1
3763625,0
5166535,0
1936460,0
2562526,0
3080868,0
4749569,0
2019301,0
4846712,0
1344132,1
203720,0
2307087,1
4857139,0
590270,1
2498239,0
2271188,1
692543,0
2225386,1
5543624,0
598074,0
2660853,0
4836362,1
2079277,0
5194116,1
4363615,0
809275,0
894329,0
1156929,0
4814596,0
4509267,0
4683400,0
4041507,0
3287015,1
2911149,0
1077935,0
1434993,0
1544778,0
2708354,0
553449,0
1120831,0
2192801,0
5551201,0
2288652,0
555577,0
2858792,0
3021741,1
4443559,0
181801,0
589142,0
4701075,1
4086630,0
2812584,0
4964577,1
1746690,0
5499652,0
2223040,0
5463706,0
3258235,0
5302337,0
949571,0
969335,1
968846,0
4968621,0
1623357,0
1938424,1
928928,1
849013,1
3971129,0
3603752,0
2022800,0
5094073,0
4883106,0
5087994,1
5050227,0
710869,0
2995216,0
2835092,0
674024,0
5154046,1
2927830,1
1211068,1
2662411,0
1223554,0
2895182,0
4751201,0
2871365,0
2376355,1
858132,1
4193554,1
4035537,0
4508442,0
405356,1
101794,0
1833189,1
3505744,0
1548976,0
5038636,0
1065735,0
3015232,0
2136403,0
3997549,1
4158129,0
1871854,0
3025864,0
710463,1
1923749,0
2281393,1
4014808,1
3118331,0
2572217,0
2373719,0
4135283,0
717051,0
576388,0
4430813,0
2301500,1
4006785,1
3374336,0
3531765,1
4489632,1
2814550,1
2792435,0
2558886,0
2730828,1
2448657,1
803777,0
3758001,0
2431299,1
4573270,1
3361880,0
3483189,0
196006,0
1962753,0
3486466,0
5361191,0
3507193,0
2704572,1
821934,1
794028,0
4553371,1
127688,0
1413935,0
814797,0
3800062,0
378618,0
5262382,1
1018234,0
5329967,0
2892403,0
4268718,0
4809614,0
877949,0
1796840,0
764020,0
514322,0
3600868,1
4584574,0
1198302,0
4228048,0
3629851,0
5309086,1
2966302,1
2894503,1
48128,0
2301076,0
1965048,1
3843171,0
3212677,0
5137344,0
1657197,0
3629601,0
5317163,1
5351116,0
784681,0
180243,0
2178788,0
2537913,0
802194,0
217871,0
3531681,0
3979562,1
513837,1
4230785,1
4888732,0
4482236,0
4922049,0
2498328,0
5305966,0
699720,0
2589493,0
1501876,0
36733,0
1412237,0
6454,1
5058768,0
821903,1
1449396,0
3200156,0
4312769,0
4482778,1
4322713,0
1782897,0
4789654,0
2028033,0
1452878,0
2153250,0
3616762,1
3961183,0
1260791,0
4539915,0
4747971,0
2740958,0
4825628,0
4862098,0
2960318,1
3357090,0
4110770,0
4199015,0
553277,1
5432583,1
4823656,1
211705,0
1940050,0
4635906,1
5257105,0
5121130,0
4831857,1
488221,0
1173565,1
742954,1
1124904,0
2463834,0
2033691,0
1981838,0
700496,0
4850703,0
4654342,1
3022396,1
2236555,1
3741274,0
484403,0
3932097,0
1163520,0
4526670,1
3933086,0
5503128,1
1959422,0
5144928,1
2872643,1
4873250,0
835806,1
2293538,0
1772700,0
2890111,1
1701550,0
3723045,0
1713953,0
4352979,1
4518566,1
61356,0
5272511,0
15158,0
1743295,0
2304531,0
142314,0
2609910,1
500834,1
5164942,0
3448385,0
4955999,0
5296569,0
3228264,0
4380201,1
1581397,0
322360,1
2114935,0
4197919,0
2651020,0
4240437,0
1521246,1
1923453,1
3374162,1
256588,0
1125074,0
2889300,0
2666195,1
4395549,0
1839623,1
3574121,0
1113764,1
1400984,0
3582198,0
594723,0
1237429,0
1698,0
2204744,0
390321,0
667458,0
1938496,1
3543504,0
2463261,0
1051862,0
1289652,0
1160059,1
3997850,0
1906580,0
4390181,0
4562396,0
3244379,0
4668686,0
655876,1
3102919,0
3075151,1
4355706,1
2929995,0
181077,1
1381458,0
3563649,0
4676249,0
549317,0
1903528,0
5368083,0
1404796,0
4418953,1
1325352,0
4278259,0
4492341,0
2738990,0
129398,1
230919,0
3212755,1
2180775,0
4685294,1
1445381,1
98096,0
3328215,1
4083063,0
3606582,0
4027790,0
1797588,0
5376238,0
1690853,1
5417815,0
5429593,1
787626,1
2728260,0
2400545,0
3916783,0
5540033,1
1733013,0
443687,0
4816256,1
1489885,0
3156289,0
4904997,0
1412546,0
4899737,0
4209814,0
3639200,0
4681292,0
311260,0
2877502,0
370631,0
5024478,0
1315334,0
2823788,0
3978888,1
4015025,0
4565131,0
2343506,1
2868614,0
4358394,1
1186061,0
4274361,1
756270,0
4525180,1
4872152,0
4250830,1
1305040,0
860778,0
1682672,1
1821854,1
333141,0
2883182,0
1773374,0
5508162,0
4276431,0
3006046,0
2663812,1
2119747,1
4505048,1
2370490,1
5213734,0
94868,0
4278230,0
4596870,0
2870299,0
3187112,1
780926,0
379899,1
4104373,0
4918535,1
3554837,0
4242998,0
2234553,0
1463904,0
1180738,1
2612504,0
3808514,0
4396714,0
1966107,0
3253304,0
973493,0
1180850,0
4100358,1
4367879,0
2129717,0
1910137,0
3561976,1
3738668,0
3746185,0
2744094,0
2542458,0
1686936,0
1374239,0
5525365,0
2280811,1
3176801,1
3020296,0
4294638,0
3973099,0
1891754,0
3003430,0
2487905,0
1469253,0
1157441,0
1021954,0
4756298,0
593475,0
2910840,0
1929617,0
3536174,1
4574042,0
3603433,1
1973398,1
2245419,0
2534267,0
5407984,0
5012436,0
2150286,0
240039,0
3166282,0
18856,0
3671401,0
4852578,0
2404735,1
17857,1
3453390,0
3207980,1
4477640,0
5143492,1
1698940,0
2035137,0
851981,0
1088006,0
736850,0
3284923,0
1032729,0
2845291,0
5417146,1
1469900,0
5314066,0
1117445,0
1080311,0
4682762,0
3602410,0
396972,0
2730400,0
2236506,0
3592159,0
5068211,1
1012764,0
1811773,0
1458623,0
4750029,0
2455266,1
177189,0
2533911,1
2540565,1
4555717,1
4438202,0
2658080,0
4642435,0
279898,0
2838519,0
3695851,0
4775680,0
580797,0
598786,0
2665784,1
3269054,1
1074582,0
2948761,0
2223213,0
1120609,1
2344352,0
2060161,0
3339308,1
4717196,0
4277994,0
2568118,0
5505696,0
1509031,0
1110219,0
5436342,1
679424,0
1300328,0
598138,0
3627758,1
2177152,0
856738,0
3200545,0
795875,0
3011194,0
2854962,0
1157107,1
1995686,1
1952653,0
1952150,0
2315817,0
678250,0
1175240,0
564504,0
3553483,1
4077890,0
2408983,0
2371839,0
1854442,0
3095053,0
584996,0
2533294,0
2759103,0
2864856,0
2326106,0
650826,0
748935,0
1026309,1
4801029,0
1270591,0
1777703,0
5288575,1
4487916,0
3585550,1
4421722,0
4907957,0
4152924,1
2942876,0
4689342,1
318312,0
2858239,0
5124395,0
5468949,1
5222727,0
3978688,1
4187186,0
4452317,1
1536885,0
5437969,0
465480,0
2631025,0
5198763,0
4542050,0
1887,0
1231209,0
3192271,0
477399,0
586843,0
3745296,0
974952,0
1417195,1
284274,0
3315075,0
4587980,0
2150029,1
1592022,0
1056003,0
3513163,0
2413534,0
5492406,0
2180072,0
4127489,0
3092192,0
2221140,1
5372562,0
1353574,1
4554558,0
121994,0
4128057,1
921040,0
1240653,0
1697177,0
3654639,0
4271014,0
4160644,0
1611074,0
323638,1
872232,0
3414218,1
153358,0
729542,0
3931637,1
5297633,0
4297210,1
1554679,0
2172582,0
5452787,0
3901470,1
568680,0
4635861,0
2260056,0
764235,0
3602234,1
1403270,0
3362253,0
2461349,0
2322807,0
406578,1
3951099,0
3804090,0
1968785,1
5410723,0
2870659,1
329746,0
1537635,0
2824589,0
1776977,1
2907643,0
4131586,0
3039994,0
3582118,0
3119881,0
4082782,0
2192769,0
4258444,0
1373043,0
2928240,0
2079141,0
5131069,0
254536,0
2691830,0
1056318,0
4190440,0
1811230,0
1944884,1
4115777,0
5196645,0
3385325,1
2878388,0
2829234,0
3587404,0
874970,0
5105819,1
665615,1
4163398,0
1599853,0
3933614,0
5240202,0
2672655,0
2157645,0
1398258,0
4395901,1
523354,1
2775921,0
3859848,1
4100140,0
299817,0
3985788,0
2904216,1
769207,0
5013573,1
936288,0
4469441,1
270392,0
2369792,0
1312984,0
4624640,0
2174919,0
5515459,1
3720788,1
5345958,0
1913934,0
1210326,0
1914450,0
3191172,0
4470097,0
4328062,0
2645902,1
2542848,1
3302744,0
1269707,0
685238,0
5432508,0
2813351,0
5429104,0
4612899,0
606320,0
1211560,0
1734640,0
2208318,0
3708618,0
475637,0
5169729,0
3509067,0
3939180,0
76673,0
3674763,1
4836108,0
140998,0
2343879,1
4396857,0
5485686,0
3226978,0
1199288,0
4729305,0
3036209,0
3444687,0
3279164,0
3683731,0
1798747,0
1007080,0
1517963,0
5038668,1
1820501,0
718682,0
834038,0
1089095,0
2822829,0
3215296,0
1621225,0
5376380,0
4652844,0
2284536,0
3512775,0
1146444,0
4670647,0
4491149,1
338964,0
5099438,0
1537690,0
4500475,0
1217102,1
856911,0
180805,1
2925485,0
2496776,0
313747,0
4150708,0
4572147,1
5261679,1
5145855,0
4921461,0
3760836,0
1682916,1
5305599,0
5469669,1
100076,1
668433,0
2046136,0
971794,1
4359852,1
1040070,0
4364216,0
2583227,1
2857715,0
4429524,1
4377078,0
3518076,0
1228570,1
1714268,1
2528816,0
4099735,0
4045777,0
2354988,1
1651564,0
4262251,1
4863026,0
3652413,0
5016062,0
3402952,1
340896,0
13316,0
2651212,0
3280649,0
4560231,0
3032675,1
3007587,1
4708800,0
3446496,0
3920987,0
2009534,0
3557254,0
4654022,0
646535,1
4058191,1
3613549,1
3051736,0
689720,0
619146,0
919875,0
4226558,0
2851060,0
466070,0
4658377,0
1847029,0
3476838,1
815292,0
758585,0
3480823,0
5071545,0
1581073,0
3270441,1
1620271,0
956602,0
1362033,1
3124573,1
5346963,0
3572207,0
4440472,1
4629677,0
1320288,0
617773,0
1568264,0
2122232,0
4621218,0
3365254,0
3785450,1
706819,0
2890923,1
3509105,0
3002784,0
66437,0
146256,1
2463235,0
1937455,1
539223,0
632244,1
3967007,0
2536375,0
4476359,0
614461,0
904691,0
4658055,0
185429,0
2167761,0
5123490,0
3461715,0
2887768,1
2921317,1
1751263,1
3253974,1
3948164,0
42307,0
1110562,1
2201006,0
186925,1
1903596,0
1216603,1
2414033,0
3430465,0
246387,0
5152162,0
1472868,0
610598,0
4707412,0
5543337,0
1966909,0
1063671,1
213627,0
4826298,0
1183393,0
3126069,0
4393249,0
5141927,0
3588475,1
3831584,1
2185691,0
3124402,1
182228,0
3743563,0
4725377,1
5070364,1
1244117,0
2688168,0
190020,0
5288405,0
1092220,0
1254908,0
2935475,1
2281481,0
656546,0
4035694,0
771321,0
1517125,0
1746203,1
1294007,1
2135825,0
2885443,0
420944,0
577558,1
1603662,0
4458247,0
5466296,0
3619658,0
2583291,0
5067777,0
485221,0
1894722,0
2708332,0
1608424,1
3761305,0
5319272,0
1696459,0
3160355,0
4890866,1
5478681,1
1838377,0
793784,0
4464928,0
749316,0
1834457,0
2581918,0
2198414,0
1361480,0
4867442,0
3172857,0
300657,0
2046109,0
2407330,0
1282252,1
3517669,0
821279,0
1729172,1
1221312,0
2751374,0
3615075,0
3888798,1
5110386,0
150310,1
2521908,0
5237760,0
1029383,1
4666517,1
5508416,0
4481611,1
2175744,0
2486118,1
306756,0
4724854,0
3598918,0
955349,1
3844189,1
881091,0
1830849,1
3480544,0
4408846,0
5263859,1
881765,0
2189880,0
1500952,0
219824,0
5325774,1
2093818,1
3871615,0
3168521,0
4608419,1
4387584,0
3924159,0
3022410,0
646625,1
32404,0
5492202,0
4548711,0
4540580,0
571223,1
2180597,1
1282787,1
4060082,0
3642443,0
4805088,1
2967250,1
3114479,0
2008901,0
3321312,1
4677769,0
5335528,1
2039441,0
4803911,0
2354904,1
3205808,0
1704651,0
4651192,1
5415993,0
5011439,0
5115281,0
4531358,0
155386,0
490369,0
5524185,0
5131415,1
656053,1
1106400,1
2600222,0
3360622,0
273003,0
2046857,0
2674428,1
4724109,0
2220736,0
2400230,0
3063299,0
14235,0
528955,0
4580274,0
4346643,1
1607043,0
3945815,0
5223824,0
1638633,1
3324435,0
2665101,0
934389,1
1523444,0
4617879,1
3169947,1
2085535,0
1846382,0
4153949,1
2276864,0
4390137,0
101401,0
5497558,1
1602901,0
1098627,1
5240850,0
4518282,0
5168262,0
690241,0
129252,0
4149039,0
2724394,0
573751,0
1449931,0
371834,0
4345964,0
1362959,0
4369628,0
998166,0
5509315,0
2852744,0
1548236,0
5380235,0
669155,0
5487647,0
370562,0
2574784,0
1611962,1
116972,0
5155073,1
606009,0
4565947,1
5129050,1
4543281,0
4440843,0
3393645,1
954051,0
858322,0
5106602,0
512909,0
3967522,1
5559170,0
2940712,1
1396565,0
2615093,0
3249402,0
3286768,1
5294966,0
776703,0
498981,0
4566433,0
2381833,1
3473776,0
1172785,1
175380,0
1075881,0
5110021,1
3084389,0
772950,0
4950140,0
5083767,0
109996,1
5339250,1
2353300,0
2397251,0
1975821,0
5138737,0
4129147,0
5463339,0
4034407,0
4895157,0
2139500,1
2667284,0
455676,0
2225488,0
2150143,0
947126,1
4106561,0
2969023,0
1663424,1
1477655,0
331247,0
1331447,1
2494423,1
5473313,0
1683817,0
439792,1
3085092,0
402775,0
2801512,1
3865323,0
3070365,0
4690869,0
5327720,0
5199742,0
85444,0
3036214,0
2700982,0
1747706,1
480067,0
4226991,1
2398223,0
5262007,0
705191,0
5495995,0
305175,0
1893803,1
1583792,0
2527378,0
994645,0
1800780,0
3159067,0
1727925,1
3071221,0
4467059,0
1202656,0
1807888,0
4481991,0
640868,0
5144287,0
4206948,1
4091117,0
2344205,1
2536131,0
2667865,0
2769144,1
3284699,1
2938913,0
4075563,0
1079199,0
3795088,1
1530544,0
1155525,0
1160663,0
733412,0
5244171,1
818212,0
53506,0
5481834,1
5358608,0
2359058,1
4209369,1
4687642,0
4081089,0
558765,1
1487723,1
3754763,1
1018550,0
4934331,0
1820690,1
5432569,0
4539921,1
3293780,0
920254,0
4183402,0
3480679,1
4193306,0
2008299,0
1071094,0
4470139,0
694502,1
5429924,0
5438244,0
4504142,0
262684,0
3443381,0
2596439,1
2751184,1
1371391,0
1024581,0
2979086,0
1822200,1
2573116,0
3128377,0
1812595,0
4603817,0
4756105,0
2664042,1
1540895,0
4225251,1
2783350,0
4895488,0
5453886,0
5121961,0
3790674,0
4861933,0
2357688,0
4270582,0
3826734,0
4372894,0
2207121,1
5342448,0
5358980,1
1118159,0
4655704,0
2653277,0
835173,0
3308564,0
1617561,0
3967110,0
5365087,0
3588406,0
5265756,0
1441165,0
4835361,0
1294150,0
2185895,0
1521894,0
4256861,0
2646114,1
320857,0
31303,1
1770733,0
2087226,0
5302497,1
2502096,0
2126335,0
2779594,0
4851542,0
158546,0
361295,0
638169,0
1113358,0
3338355,0
2210424,0
2152583,1
3083331,0
1792267,0
3344404,1
1470191,0
4946032,0
2052014,0
3045630,0
142522,0
711859,1
5289396,1
4813143,0
271880,0
1934118,1
1943458,0
889465,0
3006631,0
2192166,0
2695376,0
1862259,0
2682631,0
3639841,0
311360,0
5079348,0
2958713,0
5292749,0
4351132,0
4253105,0
2714115,0
3506301,1
5000936,1
4024017,0
1538791,0
5005143,0
4937414,0
5047080,1
5358569,0
861246,0
965817,0
1912606,0
4825074,0
2706693,0
3627126,0
5037257,1
3698863,0
272402,0
5118602,0
1143476,0
2338068,0
5341774,1
5027100,0
3571423,0
2814703,0
273499,0
4965814,0
4954713,1
406977,1
1238919,1
2686878,0
4229167,0
3287730,1
3227289,0
4413779,0
661858,0
4353893,0
2831609,0
2919258,0
3387325,1
2353610,0
3863940,0
3415765,0
4003127,0
177681,0
897365,0
4619508,0
454371,1
4366744,0
3647126,1
2041085,1
3004328,0
3752372,0
3372425,0
2722358,1
1758196,0
2527869,0
1438355,1
4129671,0
2930444,0
3751738,0
4067666,0
38345,0
4749608,0
1690216,0
1465381,0
336108,0
2855273,0
2331660,0
5340056,1
314848,0
3879481,1
4753295,1
2583586,0
1555299,0
1177185,0
3834358,0
4355905,1
675309,0
1511749,0
1131822,0
3593522,0
4257532,0
890099,0
2206854,0
4865032,1
996545,0
136362,0
5421895,0
4538077,0
624599,0
1156295,0
2700563,0
1670942,1
1221866,1
3124944,0
3645043,1
3104605,0
2044735,0
2321769,0
1179507,1
1196761,0
3576336,0
5025382,0
5214436,0
2061141,0
4570536,0
3660302,0
3432796,0
1139382,0
2832129,0
2498270,0
2908455,0
2249665,0
1321088,0
5092925,0
505108,0
2677083,0
4513445,1
144136,0
3708641,0
5194821,0
4201211,0
792499,0
4321163,1
4051793,0
3432976,0
1997247,0
2722274,0
2818409,0
3148150,1
496229,0
3650715,0
2211776,0
4729291,0
4682401,0
3033731,0
4931705,0
2228579,0
1247498,0
3301059,0
3812691,0
418492,1
239147,0
5482127,1
447846,0
2198609,0
4909004,0
4058006,1
2226969,0
1067473,0
4196576,0
111068,0
3877054,0
2911856,0
5296846,0
3722626,0
5271020,1
1530519,0
5517133,0
1364449,0
1797475,0
2421487,1
2150941,1
3157914,1
417462,0
5149276,0
3273675,0
58209,0
1367633,0
4664593,0
3204574,0
226490,0
2316041,0
549098,0
2208645,1
4743462,0
2580681,0
824347,0
1325271,0
1196045,0
2548775,0
1894221,0
1390969,1
1838278,0
686693,0
1842651,0
2837872,0
2346208,0
5157813,0
2263855,0
2449082,0
431538,0
3594099,1
2112735,0
5480408,0
3522311,0
3208751,1
4703739,0
4422547,0
4198722,1
904462,1
4605167,0
3179322,0
5061783,0
533453,1
592393,0
2800091,0
1535342,0
4304857,0
4512838,0
2807595,1
3324892,1
2201300,0
3839278,0
2670708,0
2105846,1
222472,0
4290217,0
3028894,0
973542,0
2294142,1
566010,0
4436390,0
2126026,0
2406952,1
357672,0
2828377,0
2920979,1
5167302,0
4246081,1
2619192,0
4643602,0
2299716,1
4629578,1
111461,0
4391325,0
2843549,0
5474943,0
4096229,0
1386759,0
1601563,0
556239,1
3759973,0
732281,0
3395022,0
3595511,0
741174,0
287683,0
3155344,1
1165341,0
1062705,0
3004987,0
3651035,0
3630950,0
1761646,0
3752350,0
1505340,0
3655319,0
3042953,0
553834,1
3598093,0
1010693,0
2692615,0
5325829,0
216123,0
1906260,0
1588161,0
4479313,1
3473474,1
5394190,0
5283982,0
2863238,0
4126797,0
4276787,0
2176312,0
1294496,0
4405116,1
4152131,0
168655,0
2715896,0
5370827,0
4259820,0
5190637,1
1073140,0
5164762,0
4857258,0
4817107,1
28991,0
4815035,0
1060677,0
2789585,1
3636648,0
4071217,0
481619,0
348914,1
87897,0
2488262,0
3347506,0
3340969,0
3043567,0
5290550,0
1092058,0
4602893,0
3317400,0
5176317,0
4184451,1
3241180,1
1135077,0
1090783,0
1665446,0
2919521,0
1290611,1
3238404,0
4248771,0
10012,0
1585193,0
610523,0
5232785,0
1194130,0
2974788,0
1837692,0
1692081,0
2800204,0
361932,1
5133098,0
3053478,1
4599746,0
4949821,0
2708883,0
2521447,0
416176,0
1913423,0
3869941,0
2925501,0
1166167,1
1668357,1
2196156,0
4147127,0
2856316,0
1251003,0
4627347,0
2066531,0
5331863,0
2989608,1
453177,0
666347,0
4973552,0
4698995,0
3850741,0
610892,0
2298941,0
1255643,0
2174692,0
1168018,0
4058248,0
3514306,0
1014113,0
5434884,0
3429466,0
2683760,0
5113057,0
5214779,1
3009705,0
5281948,0
4884481,0
5099059,1
1703125,0
423164,1
762859,0
2273415,0
3687439,1
3112907,0
3249536,0
3923544,0
5316905,0
3773109,0
779745,1
4124722,0
397331,0
2169269,1
629596,0
3061241,0
1150687,0
2101047,0
3044044,1
89500,0
236295,1
4065111,0
1370048,0
4107652,0
1602510,1
1398909,1
1751649,0
4244820,0
5519042,1
5301744,0
1186101,0
3415663,1
2399770,0
3305913,1
244940,0
3492858,1
11047,0
1873340,0
4733424,0
4568056,0
2028546,1
2095464,0
4732368,0
169967,1
3429327,0
3730036,1
2229263,0
4945431,0
2681058,0
5482877,0
657393,0
695887,0
2335100,0
851675,0
1831924,0
3808693,0
5162646,1
2409335,0
1515698,0
2317114,0
3613504,0
3795129,0
4294207,1
5164498,0
4341700,0
3762161,0
737114,0
1693881,0
4788356,0
303759,1
1650681,0
1440986,0
350107,1
90705,1
2463048,0
4842676,0
3931699,0
3657716,1
1232506,0
3383785,1
575570,0
1150732,0
2033976,0
2366083,1
59541,1
626289,0
4343743,1
4137827,0
5232511,0
4355062,0
3913613,1
4057481,0
3418737,0
409252,0
87873,1
898550,0
4330187,0
4708234,0
5320289,0
664637,0
2044166,1
1137008,1
4256645,0
4298054,0
2765769,1
4562780,1
4004444,0
3684885,0
616614,0
3810134,1
1153395,0
4306638,0
4396813,1
660982,0
5330513,0
3774297,0
2464980,0
2059248,0
816943,0
5395238,1
5287069,0
1235419,0
2464289,0
1006064,1
5008756,1
2680070,0
3633895,0
119860,0
823948,0
4747070,0
1338602,0
1222009,1
5148961,0
4284272,1
251523,0
4163401,0
4492029,1
3810069,0
142365,0
5350235,0
2723815,0
1331247,0
5231443,0
5421214,1
5273541,0
597535,0
3350684,0
1429774,0
2093999,0
2276648,0
2054735,1
2024861,0
2180646,0
221845,0
2844200,0
142119,1
509341,1
801337,0
2645173,0
2284075,1
1948365,0
1356788,0
2221289,1
139116,0
562294,1
1689892,0
1895208,1
3328651,1
35809,0
3555705,1
2418600,0
116131,0
2803638,1
5524846,0
635699,0
1848715,1
210843,1
3537709,0
2721626,0
3239318,0
1889438,0
853670,0
1990128,0
3445295,0
3941146,1
4941273,1
1162327,1
674575,1
159731,0
482080,0
2476560,0
2871885,0
169185,0
4745247,1
1072913,1
4437409,0
826862,1
1060044,1
293363,1
1550929,0
3753855,0
1219940,0
1417456,0
4188924,0
1205751,0
5281198,0
44748,0
4106845,0
2017043,0
2497450,0
3991645,0
1955139,1
3431581,0
109124,0
4461492,0
2739137,1
2219039,0
3369650,0
1435383,1
1682350,0
2690553,0
3798536,0
3122998,1
5053578,0
534726,0
5114410,0
4080666,0
3797435,0
5265006,0
4635680,0
1143728,0
355824,0
1381472,0
5041713,1
3958089,1
4287932,0
3708695,0
2330932,0
715798,0
5416198,1
2735010,0
3246191,1
4615999,0
4242689,0
2847226,1
5268121,1
100837,0
4877650,0
3694507,0
3444830,0
1541237,0
1799510,1
1932412,0
4209587,0
5219386,1
1723917,0
5217389,0
5095564,0
3191111,0
3705312,1
820465,0
4353203,0
3243043,0
1546729,1
4706402,1
1792533,0
666966,0
2744417,0
4810417,0
2157977,0
256054,0
2266985,0
2692186,0
5537370,0
2687081,0
195158,0
5347798,0
803642,0
688511,0
2560571,0
1326794,0
3836453,0
3203603,1
1733447,0
1152208,0
481300,0
3919709,1
1663523,0
1495410,0
3642265,0
1231454,0
447038,0
3610024,0
1902142,0
2176972,1
2077357,1
4446028,0
684089,1
3434196,1
4146715,1
4479890,0
1091991,0
1644918,0
1592509,0
3068205,0
3452127,0
5161642,0
4315150,0
2970015,0
2713459,0
3728797,0
2785937,0
1362487,0
2948512,0
3510181,0
3164801,1
3132577,0
4153277,1
1710223,1
154064,0
3399776,0
3112517,0
3216905,0
1225942,0
2274854,0
3176211,0
3011805,0
946128,1
472771,0
5414111,1
460126,0
5344202,0
3065254,0
1939271,0
5365996,1
4963143,0
2879479,0
1153072,0
5321328,0
385962,0
3373020,0
4596201,0
533071,0
3496563,0
3335621,0
2098831,0
5247934,0
3647860,0
81930,0
5438167,0
209170,1
2164671,0
471891,0
4035456,0
2152721,0
3605545,0
3877199,1
1691557,0
5367384,0
5107094,0
2334862,1
3502122,0
1008292,0
4506530,0
198517,0
5194158,0
3961912,0
1910047,1
2716206,0
132886,1
1650553,0
4879197,0
3916273,1
3262040,1
5114208,1
605482,0
1706807,0
5360582,0
5445082,0
1179982,0
4456749,1
2707909,0
5266612,0
5321943,1
1486364,0
684332,0
5001360,0
4382128,0
3899346,0
4646994,1
1537669,0
1913261,0
2657750,0
2344372,0
741487,0
1882593,0
4514155,0
2957968,0
4208207,1
3019057,0
4549029,1
5092516,1
2720223,0
2857534,0
3966949,0
2155973,1
4482152,0
156828,0
4235114,0
1933514,0
915897,0
5474271,0
4294795,0
969540,0
2189854,0
4425023,0
4990306,0
4688932,0
4227074,0
5327867,0
3336249,0
43574,0
544862,0
2475685,0
5393955,0
2040141,0
5426885,0
4133918,1
1537247,0
3413736,0
562835,0
1686011,0
3045337,0
4443902,1
2262765,0
558299,0
1127121,0
1028939,0
5225276,0
1081971,1
3042707,0
4513178,0
1905790,0
1335746,0
4944884,0
2991365,0
5449312,0
3513673,0
4959622,0
3551007,0
2155047,0
282510,0
3779511,0
270472,0
1355088,0
3968357,0
160862,0
2325525,0
3644723,0
529272,1
638919,0
3651931,1
2502881,1
600799,0
1964621,0
1371627,0
944689,0
2328515,0
1096655,0
3904158,0
2033938,0
2729681,0
1076534,0
686721,1
4775685,0
4998953,0
3746983,0
1487394,0
1081577,0
1144083,1
1188184,1
1252908,0
1720439,0
924460,0
730950,0
2246866,0
1362554,1
4968653,0
4526036,0
2199569,0
2281701,1
2453470,0
3634404,0
4637497,0
4524029,0
3290962,1
1429093,0
5270549,1
5460577,0
1260147,1
1882443,0
4659439,0
1886617,1
2450904,1
4251266,0
1632021,0
1996664,0
5277810,0
3229072,0
5324376,1
4495889,1
3107210,0
4424470,0
1464525,0
5086263,0
2434729,0
3378776,0
5393902,0
933063,0
3818330,0
429132,1
4238990,0
412038,0
2801755,1
4115594,0
3920798,0
3889492,0
5053126,0
3063641,0
4440119,1
3134266,0
4152804,1
2326841,1
5157358,0
5020217,0
4872483,0
1434270,0
2772093,0
1085270,0
4544012,1
4281843,1
541907,0
595449,0
746689,0
5397556,0
2892990,0
3243359,0
880624,0
407863,0
2451414,0
2198448,1
4937765,1
1823869,0
265727,0
2207588,0
929931,0
4232022,0
1125467,0
3782564,1
552422,1
4132304,1
115863,0
4638646,0
2452880,0
875939,0
1148818,0
5406187,1
2400454,0
4145617,1
4954857,1
2755461,0
5095379,0
2095255,0
3761729,0
3414622,1
3743736,1
2523043,0
4012038,0
1073448,0
4372450,0
1922478,0
4503242,0
4642240,1
2205211,0
712196,0
1409122,1
2807565,0
156343,0
754372,0
2226056,0
5229422,1
3857119,0
1337714,0
2831193,0
5119408,0
4102900,1
4048629,0
4240366,0
3145499,1
4204701,0
1971737,0
5310721,0
3205066,1
4418198,1
573487,0
686490,1
2607980,0
1011966,1
4624994,1
4534993,0
3038533,0
2563355,1
44766,0
3234944,1
2238233,1
4249142,0
2238393,1
2304551,0
565148,1
3690012,1
772859,0
4584658,0
2631822,1
5196081,0
1642225,0
4492558,1
2279661,0
798799,0
5246035,0
4968029,0
2911460,0
1961355,0
1909699,1
639813,0
5461076,0
1168654,0
2968209,1
1699684,1
622079,1
2987074,0
1586652,1
3346791,0
5012260,1
1471112,0
3932366,0
2702775,0
4017489,0
2075329,0
5376616,0
4756747,0
3676321,1
1019001,0
377418,1
2548734,0
4720882,0
2455937,1
3964939,0
5066712,0
4885899,1
2340938,0
851945,0
4149510,1
4669510,1
4054091,1
2312802,1
4375521,0
1212858,1
5185814,1
5337023,0
761956,0
3300845,0
5065659,0
4202493,0
1595806,0
5275292,0
3789499,0
124379,0
2853850,1
2191274,0
1318265,0
1411406,0
749884,0
2871455,0
2657704,0
763172,1
544147,0
4897985,0
3975322,1
1197001,1
5301720,0
508887,0
865467,0
1775961,0
1964170,0
4516149,1
2530509,1
546454,0
4171173,0
5265837,0
4146282,1
2457808,0
818221,1
553985,0
5296037,1
4459429,0
4224425,0
711460,0
1646412,0
3959589,0
966574,0
1153608,0
1198266,0
3606082,1
327742,0
913329,0
1753174,0
1629444,0
5338877,0
2376999,1
3418440,0
282169,0
2172203,0
803202,0
1523,0
1149249,1
174650,0
4578894,0
3355616,0
1771995,0
94223,1
749722,0
4308163,0
1999347,0
4218580,0
2194762,1
3094335,0
4047025,0
105810,1
3604040,0
4890859,0
1089098,0
1450519,0
1689276,0
636779,1
1836822,1
229689,0
3249639,0
3181430,0
3324886,0
613095,0
2350394,1
4210888,0
55323,0
795747,0
3832051,0
33010,1
1457920,0
1777069,0
2571715,0
5238939,0
1515662,0
1234732,0
4323594,1
5472329,0
3356446,0
5505116,0
1092827,0
4226384,0
4323370,0
4799292,0
4525999,0
2973836,0
1235338,0
5479263,0
1932677,0
1944921,1
3358918,1
4625275,0
2634636,0
3693524,1
4254918,0
3010360,0
4731173,0
4980359,0
4466200,0
5522274,1
1381774,0
1043088,1
442812,0
747577,0
1085271,0
4533502,0
3405067,0
2388428,0
1156564,0
1209610,0
4419865,1
3929546,0
5166892,1
5412355,0
4911813,0
4324886,1
5099308,0
2806432,0
4236954,0
613345,0
4386648,0
4263587,0
841093,0
3049518,0
4315211,0
1808595,1
477337,0
3555521,1
2479623,0
2646942,1
1330149,0
3655864,0
2607656,0
365481,1
2804621,0
260289,0
4438789,0
349870,1
1266926,0
3231461,0
4577662,0
5004049,1
4795874,0
5082476,1
5504053,0
3530295,0
4325667,0
5547215,1
2070790,1
1091227,0
2677436,1
4197449,1
405742,0
2662726,1
2425426,0
2664443,1
3199363,0
2828176,0
3678679,1
4008551,0
250468,0
612933,0
1088466,0
351541,0
3377819,0
4716510,0
1871365,0
951673,0
715265,0
4635997,0
3424896,0
2158077,1
1603403,0
2294896,0
3219529,0
2034188,0
4929549,0
4967669,0
2662659,0
2666015,0
3267975,0
3902078,1
3802472,0
3029180,0
2093994,0
4919183,1
1518418,1
4265850,0
2926707,0
795687,0
126172,1
5357885,0
5323270,0
689265,0
1375348,0
3179735,1
856647,0
4986972,0
1114508,0
1645180,0
4488828,0
1244099,0
2867017,0
1932580,0
1193846,0
732430,0
5215058,0
491861,1
3368980,0
1081832,0
2422834,0
3454654,0
99661,0
4186952,1
4347380,0
1194507,0
3390139,0
442929,0
3078037,0
1921664,1
4087907,1
5135955,0
5384981,0
4950553,0
5083894,0
3413723,1
2296528,0
4839831,1
116365,0
962185,0
36076,0
1253349,0
2573613,0
5336615,1
3683456,0
1863933,0
4634864,0
2126262,0
986840,1
1114456,0
3185621,0
2243196,0
2209723,0
5013486,0
180091,1
3644586,0
3808306,1
4881754,0
1150188,0
2211047,0
4121130,0
4582926,1
2747725,0
6746,0
3306787,1
1628062,0
3328549,0
377444,0
1256684,0
4632026,1
4821568,1
1754314,0
5087394,0
4830841,1
1122189,0
2214738,0
383111,0
4007376,0
3077765,0
5152904,0
3048478,0
5471806,0
2606780,0
1089208,0
539360,0
2989299,1
3361627,1
3136335,0
3372322,0
3160606,1
805576,0
5315312,0
4563211,0
2307002,0
1083595,0
1148930,0
155888,0
2378335,0
5329966,0
2174099,0
2780188,0
4758800,0
1729150,0
4556575,0
2394335,0
2653584,0
1182882,0
473531,0
2408781,1
2881252,1
5228370,0
3374677,0
4797749,1
2829174,0
2480387,0
1172165,0
5516083,0
1095392,1
2785933,1
3228486,1
3354660,1
1765582,0
739628,0
1550304,0
2577843,0
1232287,0
1658567,0
2144746,0
2214108,0
1661408,0
2596694,0
941955,1
2980364,1
2870433,0
1464467,0
5388095,0
2339446,0
2393753,1
4373600,1
1026287,0
4757922,0
884206,0
2395756,0
2813454,0
4118883,0
3617471,0
5406141,0
3990405,0
4141557,0
1473163,0
1135652,0
2287501,0
4443042,0
3148756,0
1187039,0
5190987,0
3503361,0
3097472,0
3595061,0
2160094,0
2214427,0
740320,0
3206120,0
1121333,0
4877684,0
4070975,1
5305277,1
4367548,0
1872421,1
2779690,0
5074268,0
1951979,0
1868608,0
4250477,0
1961376,0
4299229,0
1811990,1
4384021,1
3437192,1
831617,0
1272512,0
1346916,0
1866424,0
3919432,0
94601,0
1166624,0
3280515,1
4614949,0
53237,0
3860287,0
2921269,1
1715141,1
2498685,0
806775,0
3196338,0
2817423,1
4190944,0
3694176,0
1083558,1
647184,1
5062374,1
822683,0
970106,0
414730,0
1119722,0
2655118,1
682351,0
3458926,1
5219648,0
1250897,0
3693493,1
5063825,0
2571469,0
5137675,0
2311368,0
5087443,0
2156903,0
2687642,1
3705076,0
4978443,0
4170387,0
2541525,0
2946891,0
4839213,0
3914302,0
2140088,1
2364617,0
4051379,0
2979695,0
2929538,1
4757141,0
4585994,1
4753453,1
2132355,1
467782,0
161095,1
3888676,0
4232482,0
1512299,1
4651446,1
5334621,0
2844529,0
5397865,0
4146250,0
1761806,0
2096097,1
2828513,1
4862750,0
4886309,0
1768503,0
3907920,0
3588349,1
649969,0
4404476,0
4407791,0
294791,0
3551479,1
2273398,0
1631716,0
5042194,0
5165454,0
4881068,0
3933714,0
1043207,1
1488051,1
2657282,0
4712283,0
4781525,0
1324784,1
4419298,0
3235792,1
2659087,0
3597423,1
3744021,0
4419460,0
2093365,0
2231825,1
1804156,0
3288714,1
2962704,1
4540813,1
2978011,0
1703017,0
3054822,0
5389055,1
1343671,0
142458,1
4742405,0
1899960,0
3430643,0
3677506,0
4325242,0
4041325,0
1161986,1
2841664,1
4653368,1
193805,0
3321137,1
2797542,0
1328196,0
906731,0
2351033,0
2579589,0
1115153,0
1196880,1
3899838,0
2032762,1
1666610,0
896634,0
1546639,0
1086451,0
551039,0
2545359,0
258895,0
465364,1
248726,0
4354506,0
4613384,1
4733965,0
1056527,0
86819,1
2643824,0
5053593,0
2973715,0
5274587,0
3774161,1
2744129,0
4284191,1
4913678,0
1883746,1
1039037,1
3815814,1
337320,0
5220057,1
4801547,0
4074181,0
3250953,0
240936,0
4618881,0
4211638,0
5108514,0
1402952,0
1031447,1
5314013,0
3386893,0
3109901,1
3315390,0
3740234,0
1255739,0
4837621,0
1361297,0
3991665,1
4226507,0
5333154,0
4474522,1
308619,0
2455260,0
5030136,0
4277186,0
1753945,0
2890934,0
4134275,1
1278751,0
3604188,0
4706691,0
3970718,0
346692,0
907286,0
3196134,0
2373726,0
3465480,0
3927951,0
190286,0
230492,0
3011071,0
2924604,0
4841710,0
2202843,0
2698779,0
582429,0
3826279,1
1092205,0
303983,0
4433189,1
2932650,1
743400,1
214173,0
3004629,0
1308639,0
3985827,1
2075993,0
1269347,1
3811411,0
512920,0
4697969,0
3852287,0
464733,1
4279750,0
1996518,0
1660017,0
3181726,0
813439,1
2991722,0
3271446,0
3084316,0
4909071,0
1057769,0
3351784,1
5011090,0
1698867,0
2606755,0
2271184,1
327992,0
3411179,0
5460853,0
5488987,0
3531124,0
523003,1
3115079,1
1740197,0
3486145,1
1307405,1
1503412,0
2213945,1
3592149,0
2065907,1
4420744,0
3480482,0
4247963,0
813671,0
3690288,0
1225930,0
4045727,0
5254549,1
2101318,1
4125167,0
4774775,0
3152862,0
2664269,0
4473348,1
3107658,0
856618,0
2807211,0
1212340,1
4798878,0
4221823,0
1071406,0
4150093,0
31797,0
3980944,0
1967027,0
4751604,1
5430233,0
2314589,0
866856,0
682360,0
2743074,1
3501978,0
462842,0
658021,0
1007870,0
121336,0
5264437,0
2234405,0
2582591,0
900347,1
2485998,0
1405497,0
1161116,0
4185706,0
3013452,0
1387141,1
2268549,0
4060909,0
3839538,1
2247770,0
1318067,0
603405,0
3973974,0
3332844,1
193266,0
4811945,1
3921625,0
2346787,0
2685752,1
2492063,0
3951334,0
406737,0
182464,0
1808338,1
1120651,1
3172406,0
1145298,0
3506741,0
549129,1
5535770,0
3365112,0
4384405,1
969614,1
2487196,0
929211,0
4244214,0
173187,0
2875079,0
936428,0
4710912,0
1935230,0
1862305,0
4077122,0
2072780,0
4387769,0
2147749,0
2381462,0
280704,1
1489883,0
2311923,0
2660634,0
4698492,0
4798201,0
1954024,0
4278386,0
391012,0
4937254,0
5057303,0
732172,1
1995443,0
5209790,0
4284016,1
1867794,0
2591045,0
3985179,0
1989248,0
5291588,0
4482835,0
618978,0
4951818,0
3300540,0
5032844,0
4510230,0
4099440,0
5216959,0
2902469,0
4239838,1
2734727,1
1757247,0
1064769,0
1478112,1
192398,0
3831364,0
2488578,0
2450307,1
3193804,0
2858638,0
4453185,0
815093,0
3861881,0
2300540,0
2354887,1
3303120,0
2256177,0
949867,1
2454655,0
5233958,1
4648869,1
3285143,1
2344553,0
4261426,0
5106713,0
3391955,1
1733327,0
4009789,1
4363038,0
944515,0
2216409,1
1291324,0
1283177,0
369676,0
2899521,0
5493956,0
1763828,1
3353389,0
1473985,0
3885917,0
5453514,0
294980,0
2374267,1
433610,0
3488594,1
4452449,0
3868176,0
3958913,0
4997751,0
5153259,0
2851900,0
932047,1
1340129,0
2167348,1
5038733,0
867471,0
5250913,1
2261936,0
3897196,0
834163,0
1144043,0
4560322,1
4209223,0
2375320,1
1016549,0
1920598,1
2288147,1
4478962,1
1319376,0
4703604,0
2381976,1
2624506,0
554251,1
4484263,0
631061,0
922966,0
4270640,0
3279854,1
5177086,0
1705653,0
1260800,0
4798858,0
2480902,1
3202436,0
230760,1
947986,0
1479201,0
5038382,0
821552,0
2361218,0
2964903,0
3113158,0
970892,0
1155478,0
3778040,0
4905376,0
1896029,0
799965,0
944602,0
878833,1
3014342,0
4531653,0
4868886,0
3816038,0
5189967,0
372652,1
3528025,1
4078526,0
2368062,0
5153950,0
1785914,0
3556557,0
2467208,0
4238898,0
5193606,1
4136072,0
1406516,0
1246034,0
4353635,0
299370,0
416134,0
3177913,1
1920482,0
519767,0
1576628,1
278298,0
2008821,0
3154889,0
2852607,0
3770544,1
4679554,1
4895927,0
722865,0
2663527,0
2510784,0
2187634,1
3006800,0
2066802,0
3996143,0
3286251,0
4490185,0
3681805,1
3077711,1
1138123,0
604965,0
485080,0
4085431,1
1510501,0
5120537,0
4931793,1
3576798,0
1203331,0
214407,0
2857494,0
4258403,0
1231779,0
1379994,1
2844481,0
4617965,0
1991395,0
4041811,0
3266247,0
2782771,0
5308598,0
1327450,1
4594871,0
1380004,0
3551958,0
873775,0
5033126,1
1813516,0
1035612,0
5132799,0
3123241,0
2437123,0
3902079,1
2229458,0
2335358,0
653825,0
4725138,1
2175583,0
4751329,0
2524643,0
5330435,0
2494586,1
5295181,0
4522405,0
3290309,0
1984780,0
1015768,0
26983,1
1318817,0
1918294,0
4317227,0
3860321,0
2104469,1
3059186,0
4073381,0
2546414,0
556746,1
5296961,0
833548,0
1403467,0
3213288,0
4069342,0
366834,1
2902843,0
4765706,0
2656376,1
4221119,0
3385143,0
467827,0
4298416,1
4273443,1
488863,1
3085364,0
1635946,0
529833,0
591093,0
3249218,0
791169,0
4423985,1
2649595,1
722591,1
4178273,0
3627638,0
4310558,0
2081372,0
2897874,0
4831853,0
4696176,0
1561113,0
2090240,0
3823844,0
4602117,0
2725100,0
1565670,1
3998028,0
4321916,0
3112680,0
3516342,0
1420080,0
237319,0
4712175,0
1311907,0
5335386,0
4718179,0
291958,0
2232192,0
5373906,0
2057759,0
5437118,0
3360390,0
4794761,1
1555733,0
438416,0
3135026,0
2482010,0
3039687,0
4316701,0
2490451,0
2298969,0
2917215,1
2198351,0
4912171,0
2871628,0
4527299,0
4835557,0
1617639,1
4841403,0
2795254,0
4410253,0
4751006,0
3790169,1
1414808,0
1947477,0
424684,0
3380032,0
3546091,0
5134755,0
1346345,0
1597600,1
2344742,0
1548072,0
1999941,1
4240324,0
5489999,0
4914694,0
2023795,0
602558,0
3330467,0
995614,0
4269854,0
3460285,0
4235602,0
1138519,0
4161161,1
2112295,0
3503404,1
2468743,0
769876,1
2420908,1
943061,0
2583050,0
476343,1
1982030,0
1527075,0
2080426,0
2220508,0
2715874,0
41998,0
3849967,1
1678303,0
2816386,0
4685599,1
4071616,0
654156,0
1781731,1
1787044,1
285363,0
2231924,1
5288102,0
10943,0
546757,1
4688859,1
1448764,0
433280,0
890962,0
1506448,0
4425993,1
52454,0
4257597,0
1203076,0
557113,0
4751283,0
3472624,0
4046276,0
4934858,1
3464635,0
1725610,0
3412617,0
2682807,0
3568941,0
1355729,0
2702650,0
4947473,0
3983378,0
2276466,0
2222059,0
2197972,0
3964120,0
434689,0
3020750,1
5167347,0
1156953,0
1774761,0
377468,0
2145303,0
1022770,0
4877040,0
697790,1
1452356,0
2470983,0
748713,1
1833988,0
2761671,1
4902135,0
2526150,0
3129258,1
924189,0
4271964,1
2476662,0
4614755,0
1597792,0
3481951,1
4600756,0
1822158,0
2502221,0
155860,0
1024231,0
3518203,1
1022969,0
1913391,0
5388544,1
4324979,0
2591186,0
4085744,0
2050221,0
2704150,1
4254100,1
1682779,0
4151084,0
2721058,0
2970443,0
1584699,0
2788866,0
1343669,0
1807783,1
2848520,0
2497454,0
5370353,0
1609372,0
2149467,0
3876338,1
2452999,0
1149551,0
5050764,0
538142,1
625136,0
2662377,0
4445774,0
3132785,0
1389590,1
305664,0
2567507,0
279134,0
4640787,0
5447678,0
1679061,0
205764,0
2774131,1
2776559,0
4544825,0
342045,0
3685451,0
897401,0
1119109,0
3401950,0
3252342,0
1008617,0
4808828,0
2143634,0
3976831,0
254886,0
2725515,0
3534917,0
1352348,0
5185802,0
5236008,0
321555,0
407131,0
4108989,0
1824534,0
884766,0
4132114,1
5551609,1
631397,1
3352983,0
1977295,0
678564,0
3040556,0
3177632,0
3511854,0
5188901,1
944414,0
3200371,0
3129867,0
7815,0
4430271,0
4789678,0
4526064,0
4997472,0
5390170,0
1895536,1
66842,0
872860,0
3199779,1
1582702,0
276531,0
2117960,0
997185,0
869081,0
1792328,0
1561772,1
2439725,0
352175,0
1771645,0
4423022,0
2494990,0
2843561,0
3858418,1
3662944,0
4772958,0
949549,1
4525876,1
174781,0
3701228,0
1758437,1
3777662,1
1914454,0
278669,0
4320174,1
2047645,0
4505227,0
1681281,0
2077638,1
1111590,0
2662740,1
3007728,0
4747595,0
2909950,0
3844186,0
1268911,0
2419851,1
480395,0
5469187,0
4016052,0
1629832,1
3596339,1
415855,0
2196537,0
3862697,0
528218,0
2151696,0
2606536,0
4743314,1
1856566,0
3339769,0
2526501,1
1916587,0
5294133,1
2226128,1
4941444,0
4417856,0
1546471,0
1290173,0
2621838,0
1053117,1
4357875,1
2541750,0
2539171,0
5329671,0
596064,0
5210296,0
4058292,0
3866215,1
4687486,0
2072112,0
3080507,0
3842044,0
5279673,1
2303790,0
3919286,1
3109570,0
866833,0
943765,0
2426058,1
470807,0
1129627,0
1303614,0
5377040,0
1216934,1
3640792,0
4192221,0
2553140,0
417452,0
71358,0
5268562,0
5010974,1
3176202,0
2795992,0
612927,0
5199195,0
2244382,1
660703,0
2385857,1
2173314,0
1836549,1
3797770,0
5198794,0
3043027,0
2201921,0
614575,0
3979362,0
4536503,1
1412803,1
4738803,0
3760625,0
3891793,1
2234277,0
4388241,1
4487123,0
4339943,0
4896965,0
755642,0
3777859,0
1645353,0
989700,0
2323108,1
2229298,0
4906803,1
4723447,0
1241581,0
1936803,0
224331,1
327033,1
4336280,0
836499,0
788349,0
297708,0
130024,0
2503187,1
5343689,0
3695560,1
5239905,1
2715522,0
720958,0
2229058,0
3576966,0
4969452,0
2077407,0
1835063,0
2123301,0
4781440,0
2984513,0
4915272,0
3091018,0
3228387,0
129407,1
1558559,0
1130224,1
1702616,1
5228458,0
1060597,0
1819913,0
5341227,1
2658008,0
3336293,0
1822220,0
5159017,0
5366682,0
4774516,0
1868958,1
2312960,0
3521082,0
4129961,1
5507412,0
2065060,0
1866339,0
650001,0
3918250,0
2660293,0
856411,0
1874211,1
2146734,0
3499258,0
4356732,0
257334,0
527102,0
4276534,0
2870166,0
2671038,0
4962734,0
155297,0
635515,1
52506,0
1656276,1
1035410,0
1344397,0
5043120,1
3800308,1
775960,0
2515874,0
1136481,0
982639,0
4453211,0
3426806,0
2071329,0
600474,0
4851948,0
2308366,0
3513867,0
271934,0
3076787,0
5553441,1
2286067,0
3881097,0
4740847,0
1761509,1
2366490,0
1557367,0
637418,0
3009242,0
3298786,0
1739485,0
3074179,0
423884,0
2712721,0
2068163,1
2905887,0
3394208,1
3689074,0
2351240,0
3690786,0
3091882,0
2811830,0
5480796,0
1877840,0
5417072,0
5350312,0
4775177,0
3550754,0
2215732,1
546179,0
4183707,0
2207954,0
2705060,0
695701,0
4412262,0
1042681,0
1650276,0
3556178,0
1255620,0
2487783,0
4467162,0
4796411,0
414117,1
1318217,1
57109,0
420349,0
4228405,1
4415788,0
3812118,0
1982653,0
3247804,1
1911682,0
2452693,0
924037,0
4435523,0
1237545,0
889829,1
1248572,0
568902,1
4678052,1
721959,1
3115815,0
1965238,0
4099410,1
685378,1
3109434,0
765163,1
4591000,1
1322914,1
4440453,1
2717026,1
2342606,0
1511399,0
5081556,0
1108118,1
4561716,0
1665340,0
4973885,0
5072314,0
2639048,1
2094520,0
2817239,1
1458267,0
4599503,0
2835177,1
1100613,0
453853,0
4630045,0
585108,0
5482318,1
4207015,1
2960344,0
4996396,0
1611982,0
3580990,0
5432764,0
431528,0
4641096,1
2647515,0
2930852,0
3958639,1
1449241,0
5532057,0
1524945,0
2748169,0
3346502,1
2917591,0
900171,1
222785,0
3940344,0
1838930,0
1757333,0
1548669,0
683428,0
1844279,0
1091699,1
1844497,0
4024818,1
813556,1
912308,0
1690345,0
336760,0
2832023,0
848208,0
2317599,1
343672,0
4562201,0
5121183,0
3416442,0
5231426,0
3501722,1
4845935,1
3699041,0
1297999,0
3397949,0
4519395,0
198143,0
2772680,0
1104282,0
1758694,1
3779652,1
1368930,0
1930937,0
1197808,1
3978904,1
283943,0
4667532,0
1566470,0
4654278,0
5546048,1
1276177,1
5274639,0
2512407,1
2689312,1
2937438,0
4646671,0
5331613,0
3977342,1
4870270,0
1899832,0
4824278,0
271530,1
308807,0
399079,0
1392982,0
2403360,0
3189328,1
3568124,0
5266177,0
5539471,0
352378,0
709856,0
2087876,0
4767762,1
1827581,1
4979489,0
2048959,0
978695,0
4708481,0
775944,0
3705687,0
4894607,1
1875263,0
690396,1
817167,0
4171997,0
1135854,0
3793643,0
3947221,0
3720267,0
1794730,0
4304312,1
588242,0
627574,0
1923207,1
1623319,0
1377785,0
1220087,0
792294,0
4258333,0
3172568,0
4851421,1
1244281,0
923858,0
697477,0
3265249,1
5250027,0
1278072,1
825341,0
4488036,0
465435,1
953838,1
4207523,1
1957649,0
5299604,0
43265,0
2121580,0
751199,1
644975,0
3927060,0
2992387,0
5499166,0
1336192,0
4339930,0
3105520,1
234266,0
3007761,1
655088,0
597382,0
820527,0
5500279,0
3316991,0
1832380,0
4550812,0
1763301,1
3121798,1
3214547,1
4372280,0
4297727,0
4933593,0
4030063,0
2296946,0
3788628,1
1727237,0
200092,0
836694,0
1608494,0
2073367,1
153301,0
3373968,0
3371201,0
1545085,0
5506226,0
3116917,0
1593188,0
2600980,0
5198745,1
5210139,0
293090,1
2639124,1
3182937,0
4017518,1
1853922,0
5336051,1
527617,1
137832,1
4899563,0
3577319,0
549788,0
1009371,0
4179421,0
5035527,0
4062733,0
84210,0
1101875,0
5122138,0
1417616,0
173963,1
986335,0
2909258,0
1197312,1
2095534,0
2944200,0
2125811,0
3328488,1
4513146,0
4452390,1
3877767,1
916006,1
2383584,0
511594,0
4542009,1
1172422,0
5394937,0
829765,0
690779,0
4093699,0
872787,0
2081902,1
1107034,0
754405,0
3186473,0
2395961,0
3792270,0
5005421,0
1433725,0
4334763,0
2335959,0
4376332,1
3063687,0
918980,1
3046437,1
5192033,0
857128,0
2819896,0
4089739,0
1941756,0
1481864,0
2470206,0
1113792,0
5097368,0
3637113,0
180334,1
736658,0
4236652,0
3981788,0
2539506,0
3931717,0
3395175,0
1654960,0
1574167,1
2981584,0
5551680,0
2211336,0
3466878,0
2705592,0
5235000,1
617192,0
1186544,0
2255278,0
3186323,1
1723384,0
4255647,0
3330520,0
2092009,0
2516431,1
689592,0
2744410,1
1296397,1
4123765,1
4383007,0
2929705,0
437915,0
1800470,1
5213693,0
31201,0
3644487,0
3365616,0
3570610,0
856575,1
5216898,1
3600125,0
4135107,1
1121975,0
1390762,0
2944713,0
5255221,0
4708792,0
2463199,0
681276,0
4536820,0
467858,0
4035491,0
444110,0
3188680,0
1566741,0
3798719,1
3403541,0
2301318,0
5148446,1
5214271,0
3593580,0
3721509,0
1341188,1
1628665,0
4089057,0
2477906,0
4091493,0
3943274,0
307952,0
3276519,0
2432367,0
1000705,0
3468035,0
1106127,1
5430171,1
4816657,1
428876,0
474424,0
1012170,0
28778,0
176665,1
497401,0
2961755,1
4303441,0
126023,1
1175043,1
4795345,0
1645549,0
540163,0
3950185,0
4961258,0
5348413,1
4305102,0
1304048,0
5496652,0
1104300,0
4034749,1
5545704,1
2340948,0
4635113,1
2420467,0
3169065,0
3065163,0
2064990,1
570526,0
1121413,0
1788579,0
2082616,0
471154,1
5192496,0
3764648,1
4003532,0
3699456,1
728621,1
1070267,1
4267500,0
5471469,0
585155,0
4524414,0
2237875,0
1692662,0
595285,0
3338069,0
3592573,1
3538188,1
2841411,1
1903447,0
4573894,1
3720167,0
4190379,0
5102323,0
1970324,0
2032943,0
557790,0
2757042,1
4947165,1
2508521,0
187102,0
707986,0
831131,0
5402607,0
2644520,0
3983988,0
4777213,0
2290802,0
4567307,0
5061642,0
2029541,0
3944986,0
4339954,0
4811141,0
2442481,0
1264245,0
4039847,0
5408275,0
3072241,1
2889091,1
249796,0
4292230,0
783290,0
1618489,1
481059,0
298352,0
4550355,1
2999867,0
2723189,1
5012457,0
5474205,0
133766,0
2168395,0
4830144,0
1716130,1
3192679,1
3293789,0
2323074,0
370132,0
841429,0
2260187,0
1274072,0
892902,0
890209,0
3541930,0
577277,1
94288,0
4417016,0
4300779,0
1455180,1
2688345,0
5111112,0
3708908,1
459888,0
1965176,0
871983,0
4380989,1
3004964,0
5240301,0
3762625,0
1205141,0
3415050,0
1469684,0
603494,0
4375239,0
691881,0
3047196,0
4255726,0
2666429,1
2645775,1
4608395,0
2371949,0
4668336,1
114321,0
3160899,0
826887,1
5399609,0
4796303,0
3483413,0
4619872,0
3906474,0
4061662,0
856751,0
1988299,1
3891496,1
4344071,0
1546418,0
1553930,0
524726,0
5104093,0
3993803,0
5533634,0
1603588,0
5484391,1
1591475,0
1002623,0
3521496,0
1186557,0
1280010,0
4621055,1
2315260,0
4387988,0
273892,0
5505012,0
5143661,1
3325611,0
3865622,0
1728715,0
563947,0
2556972,1
3753091,0
5019486,0
1902026,0
3839222,0
2009986,0
5338353,0
4520798,0
2902033,0
4245967,0
2302096,0
3689810,1
3557365,0
3678702,1
1454092,0
3894480,0
5443167,0
1916662,0
4910472,0
3944495,0
5491365,0
3163782,0
575051,0
3730674,0
4569607,0
4928474,1
586394,0
513580,0
5293772,0
1855604,1
1342108,0
730409,1
3439725,1
4286319,1
490210,0
2314413,0
1988054,0
3360098,0
3611687,0
2791091,0
3307775,0
1346367,0
1544873,0
5023545,0
4028695,0
2655093,0
1800218,0
4402249,0
227286,0
3762389,0
3840802,0
5501189,1
4009212,0
4637184,0
2169697,0
876076,0
3036318,1
2316668,0
3669075,0
1847753,0
4173353,0
4259396,0
5171796,0
2058880,0
612118,0
153645,0
4424326,1
995308,1
2299216,0
5409839,1
3243509,0
5386023,1
2766549,0
3219931,0
2672321,0
193627,0
3704907,0
4719179,0
1197599,0
4367813,0
3169569,1
118849,0
557983,1
2301853,0
2333715,0
5556180,0
3567202,0
2718360,0
1003707,0
2199937,0
1996356,0
2196801,0
4416119,0
3899787,0
4650760,0
3020889,0
1820852,1
5026972,0
3318391,0
4887411,0
1864397,1
253525,0
1697475,0
2651007,1
4530213,0
3298497,1
1658929,0
2055073,0
2335324,1
3349439,0
1960958,1
3687211,0
704508,1
2136134,0
478535,0
504682,0
2468672,0
4841964,0
3449677,0
2265139,1
95552,0
4472045,0
3876989,1
602827,0
1958557,0
927084,0
4202656,0
1510306,0
2330953,0
1487558,0
4778240,1
4446064,1
93,0
2018566,0
4619903,1
4821477,0
1691146,0
4174393,1
2023308,0
5398922,0
4812626,1
4453155,0
4365884,0
5435965,0
473346,0
4609073,0
2663970,0
1482581,0
211512,0
4773402,0
4426951,0
955782,0
2438392,0
5039203,0
2253377,1
3984002,1
1550256,0
3229624,0
3196397,0
2824020,0
2775700,0
4062283,0
2633194,0
1338710,0
1959720,0
198753,0
4364849,0
4324931,0
3316401,1
920336,1
5055271,1
373739,0
4555040,0
2978025,1
4582285,0
1659691,0
4906099,0
1686802,0
5356792,0
3927006,0
2998227,0
355812,0
3029687,0
2114045,1
1037550,0
2612328,0
430487,0
1441964,1
4927284,0
5225553,0
5264012,1
3042685,0
1714010,0
3571135,0
1403022,0
4382125,1
2944513,1
5547625,0
389339,0
3208211,0
3608448,0
5176692,0
5173804,0
714667,0
504612,0
2889143,0
5373413,0
4802497,0
1020260,0
3226105,0
931462,0
769482,0
1649443,0
1293424,0
3024867,0
1952133,0
2974772,0
4716712,1
977961,1
1114304,1
2603334,0
3590968,1
3438511,1
2980296,0
208863,0
3971210,0
3701796,0
3093300,1
3554496,0
1373891,0
1140845,0
826939,0
2127156,0
5170282,0
2871866,0
2376363,1
2138876,0
3039932,0
805565,1
5509000,0
3514314,0
1844804,0
2640281,0
5012249,0
3468749,1
4278946,1
3171894,0
4870657,0
2083012,0
3840674,0
779503,0
642469,0
152190,1
1704014,0
3209943,0
507670,0
1102866,1
2306118,0
2694124,1
695391,0
4494918,0
1929543,1
5080377,0
606447,0
562641,0
708764,0
2086294,0
3486025,1
3945104,1
1726135,0
985669,0
4223812,0
3505007,0
5330252,0
4626752,0
1896617,0
1497911,0
3944484,0
1397827,0
2714190,0
2677333,0
4880419,0
4777721,0
224796,0
2951874,0
3382579,0
3576627,0
1414332,0
3650033,0
2292908,1
742503,1
3302905,1
3111308,0
4068818,0
857416,0
722660,0
4345802,0
1978877,0
2117075,1
4018906,0
5093380,0
4088401,0
3006797,0
4685578,0
655454,0
3061873,0
4535466,0
2601455,1
1581451,0
3105578,0
5087535,0
797721,0
650417,0
926371,0
4173317,0
5286626,1
205659,1
3545339,0
5004112,0
2908526,0
4806338,0
96152,0
724097,0
2330312,0
986924,0
5206015,0
5402251,0
1067537,1
930726,0
2252891,0
1220324,0
4612486,0
5461938,1
1191486,0
2909224,0
1295654,1
4962867,0
2569055,1
3334395,1
3810976,0
4315969,1
2293291,0
2341677,0
3510187,0
3130058,0
5162405,0
753175,0
895953,0
3403436,1
4509419,0
3875931,0
1630992,0
2897555,0
4445577,0
309790,0
5268217,0
2372063,0
2572552,0
4303319,1
3523223,0
133130,0
4265554,1
4147048,0
3864067,1
3280331,0
4136074,0
1271765,0
4341878,0
4279960,0
4317393,1
1461127,0
691650,0
1911623,0
4485588,0
287472,0
3110934,0
3036528,0
521389,0
151268,1
351725,0
2253019,0
5418305,0
4897892,0
1932804,0
3392062,0
3812738,0
3399349,0
3440908,0
4264169,1
172088,0
831260,1
1052776,0
5218836,0
463818,0
4297822,0
3672164,1
3045720,0
4922274,0
5101235,1
4925911,0
5238211,0
4300402,0
1765479,0
3130977,0
1260759,0
480140,0
540841,0
2933908,0
1902335,0
4775041,0
3622436,0
1904183,0
4401844,1
4864540,0
1572524,0
5517034,1
2866377,1
2209181,0
2776725,0
2634594,1
2406814,0
4660124,0
5126114,0
2197531,0
2019261,0
3341772,0
3379528,1
3611033,0
5260100,0
2339103,1
3583466,0
5078626,0
683137,1
2429296,0
1277996,0
5135609,0
639967,0
4897514,1
1682935,1
4495134,0
3972421,0
171149,0
2566540,1
1755435,0
555807,0
5208997,0
2652570,1
2714550,0
1929478,0
1820621,0
3811229,0
595572,0
892775,0
862477,0
4627504,0
3459254,0
2018470,1
2544729,0
2753921,0
1507477,0
5292586,1
2124641,0
5165839,0
2291339,0
3495321,0
905548,0
2016602,0
3631984,0
684,0
5417166,0
714724,0
2646182,0
1722959,0
282787,0
5446973,1
2970840,0
2430975,0
5256835,0
1202690,0
4636126,0
1924866,0
5256921,0
5463853,0
3010742,1
2150721,1
776093,0
5207539,0
4412037,1
2989602,1
697863,0
2623355,0
905535,0
630801,0
3985274,0
4795285,0
2115036,1
1703498,1
4752072,0
2277860,1
4358074,0
3273042,1
2125112,1
900310,1
2596797,0
4898749,0
1694309,0
2112705,1
5206395,0
3349648,1
3901004,0
884472,0
846444,0
1213762,0
3178694,0
1759355,0
708994,0
5083795,1
948441,0
2919107,0
4030129,1
4838048,0
431503,0
1361414,0
4596192,1
803785,0
1065648,1
5086084,0
2738436,1
485426,0
3895979,1
4414680,0
2056635,0
482758,0
1694888,0
1592764,0
919555,0
3932880,0
3488706,0
4456848,0
2484070,1
2137456,0
625034,0
2563430,0
1835469,1
1629166,0
3798748,0
4787192,1
1492506,0
740286,0
4176189,0
1262152,0
128921,0
4208254,1
179575,0
3585662,0
1819564,1
3034228,0
1327778,0
3554678,0
2468710,0
2427182,0
2081928,0
1976127,0
2659097,0
4383789,1
1865267,0
2869448,0
2769656,0
5510983,1
1916720,0
44327,0
38669,0
686033,0
4610526,1
1093020,1
3151775,0
1653591,0
36005,0
3697936,0
4793351,0
987089,1
440696,0
2147940,0
3518243,0
1497659,0
3018769,0
4913653,0
1725556,0
3105912,0
1102361,1
920601,0
2824461,0
468905,1
4662127,1
5227332,1
2411218,0
3633343,0
2123535,1
1129153,0
3083636,0
2629857,0
1077172,0
4130083,1
393267,0
5210723,0
4418529,1
3224784,1
4037477,1
4352746,0
4235251,1
3461625,0
1485237,0
4547828,1
3694286,1
1509351,0
3508868,0
4133326,0
934430,0
1472285,0
719351,0
4929662,1
1478084,0
3407198,0
2756972,0
330391,0
2468934,0
5451163,0
5304247,0
4916026,0
2840521,0
2857711,0
970081,0
893920,0
1268060,0
2735281,1
496589,1
5115980,1
1679914,0
2761063,0
1286995,0
1411009,0
3321797,0
1898376,0
3279891,1
4027564,0
2022801,0
4219666,0
2459799,1
4797285,0
3896485,0
4800307,0
4513585,1
5412588,0
1474563,0
5509250,1
157882,1
925193,0
269053,0
2705830,1
3836039,0
5119974,1
5345032,0
2708371,1
3253598,1
3780864,0
4739425,1
3736891,0
2496720,0
2345303,1
4193770,0
496947,0
2424859,0
3832361,0
1513202,0
2976568,0
1980400,0
3379162,0
382046,0
2896682,0
2518139,0
1785361,0
41901,0
4125280,0
2591721,1
357697,0
431929,0
4549348,1
4302444,0
2721913,0
2927746,0
1335730,0
536811,0
671856,0
636293,0
1130007,0
665821,0
2194812,0
1966051,0
3627459,0
3747660,0
4667308,0
3412129,0
175962,0
1212366,0
4403352,0
70881,0
1989494,0
1986200,0
874554,0
330130,0
588989,0
4735178,1
1900420,0
1862991,0
4867538,0
3233282,0
1633030,0
1092008,0
2532710,1
2158658,0
92629,0
194751,1
12358,1
1494614,0
3811905,0
4812884,0
5288734,0
2014193,1
516587,1
4455425,1
190723,1
4716949,0
5458421,0
2870788,0
2000081,0
4009918,0
3005065,0
3633386,1
3605824,1
2312017,0
2508520,0
1323949,0
841727,0
4300198,0
3097469,1
549583,0
5423755,0
4171077,0
137724,0
25780,0
3309426,0
5331933,1
1753689,1
3560013,0
102186,0
2037963,0
966443,0
3133117,0
951109,0
2720934,0
5428000,0
2451631,0
4453178,0
379601,0
1229016,1
3486796,0
1679854,0
4919808,0
1092895,0
4971619,0
1008279,0
2219100,1
4666079,1
1217441,1
2852274,0
1224654,0
4059080,0
2569855,1
3209014,0
2192289,0
2657941,1
2914165,0
2666092,1
1677485,0
2331876,0
4161347,0
2989613,1
2278673,0
3614045,0
625617,0
1357069,1
574505,0
3568969,0
672494,1
4531701,0
1055986,0
1814930,1
5362416,1
5472129,0
699722,0
855468,0
1338977,0
3455484,0
1258006,0
4028699,1
992592,0
2123180,0
1339089,0
1852870,0
1029614,1
645579,0
4000822,0
2729007,0
2103863,0
2198498,0
1316281,0
4977670,0
4548659,0
75299,0
4646279,0
5014004,1
811409,0
169869,0
2563968,0
873021,0
5493529,0
4882785,0
460478,1
2498042,1
2391701,0
2002964,1
5104423,0
1467952,0
322955,0
5365440,0
472596,1
3811627,0
1503698,0
1129667,1
4188725,0
2742168,1
2086173,0
4289844,0
3542178,0
1223434,0
2929899,0
4552598,0
4720507,0
2952612,1
3919561,0
619378,0
2380276,0
5387292,0
4979011,0
1741964,0
4548285,0
1455630,0
4807979,0
1401700,0
4193336,0
4868206,1
3665678,0
5197523,0
1480974,0
717811,0
923002,1
3517680,0
2860374,0
2672857,0
5359764,0
3859424,0
3083490,0
2805490,0
4685693,1
1199256,0
5186064,1
986748,1
649190,0
307786,0
38598,0
1680807,0
1340138,1
4278014,1
1593412,0
4542570,0
2992414,0
2272557,0
2396017,0
2912955,0
1236890,0
1920594,0
3593567,0
75143,0
156722,0
147236,0
4043399,0
4915700,1
1551749,0
274519,1
1417714,0
3085438,0
697210,0
120052,1
5351858,0
1295399,0
1283619,0
2832997,0
4774635,1
4062498,0
1652231,0
5088688,0
4663903,0
3521929,1
616113,0
4347158,0
526254,0
2230395,0
2600113,0
251425,0
582208,0
568963,1
4656049,1
626955,0
5167030,0
3123040,0
1807231,0
2531684,0
2903681,1
4622593,0
586556,0
5280165,0
4487799,0
4036121,0
3495511,0
1528598,1
645992,1
4319621,0
1748543,0
778786,1
1273833,0
1492164,0
2377951,0
557648,0
2626049,1
2329526,0
3509984,0
1777520,1
1455821,0
5265476,0
2402615,1
4852316,0
3469545,0
357012,0
5313256,0
4130474,0
2371179,0
3920525,0
58072,1
1512419,0
3500399,0
5358242,1
3409905,1
2226296,0
1369157,0
4219715,1
308380,0
2136301,0
3659203,0
5216045,0
661781,0
3650788,1
137190,1
5170299,0
4141350,0
3242761,0
4550657,0
1465092,1
3614184,0
1182587,0
2017672,0
1466126,0
8,0
2072435,0
1743073,0
768134,0
3878683,0
1347720,0
5421389,0
3059412,0
4953049,0
2429754,0
1242765,1
630815,0
5121665,0
2070013,0
780104,0
3783063,0
658466,0
325055,0
3939649,0
2455479,0
5304195,0
3855654,0
3576072,1
4270062,0
3738800,0
4598431,0
509688,0
487786,1
4455504,0
3652078,0
4230104,1
1520106,1
2578806,0
3879069,0
5028706,0
2175665,0
1458586,1
1275464,0
1069243,0
5276318,1
3583268,0
2686364,0
4566151,1
84005,0
796166,0
2650798,0
4398871,0
2824155,1
1085990,0
2675072,1
5341871,1
1955346,0
1709527,0
2717168,0
2034015,1
100641,0
1472187,0
3628190,0
4171078,1
3477227,0
517939,0
2874331,0
465839,0
4969859,0
193334,0
227422,0
239716,0
995943,0
33965,0
774334,0
2011419,0
2679366,1
1919209,0
3990570,0
4045546,1
3702038,0
2798690,1
2263339,1
3399361,1
743987,0
1633424,1
2015248,0
159060,0
4473922,0
2611752,0
2619227,0
840689,0
5076046,1
719916,0
554796,1
3122652,0
182433,0
1077678,1
519111,0
4062505,0
5203219,0
4770414,0
421768,0
5198730,0
526430,0
4372136,1
4665873,0
1266144,0
4221878,0
1569901,0
1984802,0
3223190,0
4296751,0
2732167,0
2687041,0
3832889,0
2438925,0
5308748,0
4104627,0
5292180,1
1660430,0
1979069,0
1477314,0
3728074,0
2066651,0
1796252,1
5131932,0
4731760,0
3609133,0
3387721,0
4964944,0
2591128,0
568731,1
537872,0
2701407,0
2325580,0
5320173,0
3335723,1
708567,0
1428254,0
5131665,0
2870312,0
2449817,0
1921117,0
703807,0
848330,0
1757161,0
3516150,0
3491112,0
94331,0
4554115,0
2161651,0
4478772,0
3293674,0
290139,0
1908526,0
45849,0
3783311,1
315845,0
4761550,0
4903909,1
816056,0
4572165,0
2941445,0
2109584,1
2067115,0
2603250,0
2745628,0
3253239,0
2336470,1
652773,0
459462,0
1979645,0
4336293,0
2855455,0
2274961,0
589401,0
469507,0
3507961,0
2939186,0
1976772,1
2498750,1
4544671,0
33854,0
4214121,1
1431637,0
3314780,1
5479456,0
2979964,1
706811,0
4580018,0
682189,0
4418096,0
688233,0
1894113,1
3387081,0
3437084,0
1890653,0
4702604,0
5111744,0
4763281,1
4121314,1
4539130,0
4661223,1
2776496,0
3082261,0
1876299,0
345569,0
3647819,0
548158,0
2467636,0
3921060,0
5215353,0
2808856,0
734868,1
1668906,0
5106004,1
3321232,1
5117855,1
886577,0
4082566,0
3883550,0
3471274,0
2786596,1
3025431,0
578706,1
2774097,1
4917912,0
2706681,0
3356239,1
3941380,0
3238663,1
1205958,0
3028322,0
2086802,0
267271,0
1597830,0
2843533,0
711436,1
2995640,0
4284285,1
4907884,0
5254853,1
999673,0
2602452,0
3663600,0
1798306,0
2041071,0
3948953,0
130874,0
4139306,1
110989,0
4906558,1
844786,1
5238427,0
1025526,0
2620783,0
1056833,0
1784543,0
5263541,0
5547077,1
3271822,0
688252,0
1196308,0
4651687,1
3545274,0
2515147,1
796056,0
3441060,0
1480267,0
3366997,0
576522,1
5309092,0
2248608,0
2220552,0
3497115,0
3546429,0
4564346,0
3931020,0
1980685,0
3980213,0
3156969,0
3172836,0
4488049,0
3505034,1
1126577,0
1275072,0
323316,0
1548078,0
1891815,1
806048,0
3528999,0
4624193,0
460516,1
2758608,1
4236713,0
4859485,0
3077580,0
4637550,0
4423234,0
1438454,1
2226715,1
5236832,0
1171729,0
1881722,0
1572348,0
1487356,1
5313120,0
1970272,0
2310341,0
807787,0
2901964,0
4965125,0
4701042,0
3346347,0
2227415,0
829707,0
1562693,0
2266810,0
1655686,0
3156223,0
132824,0
1068350,1
3174211,1
4085718,0
431673,0
3117441,1
2721381,0
2590370,1
4617696,0
1536023,0
1177749,0
663405,0
5237879,0
5446905,0
5035876,0
3725616,0
4875989,0
3628894,0
1888191,0
1152386,0
5280880,1
5111160,0
5074762,0
4542349,0
201743,0
491387,1
2806066,0
3645553,0
3690003,0
2093979,0
2963626,0
3224943,0
169801,0
1394300,0
2578767,0
5071330,0
4016074,0
2078821,0
201120,0
4966734,0
5032381,0
4071798,1
1936782,1
338710,0
2075984,0
3924572,0
281457,0
454812,0
2164714,0
1942812,0
1086510,0
3722150,0
4993243,0
882310,0
2835796,0
158057,0
4650438,1
3251907,1
894583,0
2039066,1
3696838,1
4383554,0
2531678,0
1422106,0
3403879,0
2520650,0
1521398,1
198,1
1521263,0
29462,0
4196097,0
322449,1
1156753,0
269618,0
5535438,1
2863597,1
359121,0
2039375,0
2475562,0
2866077,1
820790,0
3340646,0
356169,1
562701,0
4361653,0
5188144,0
3288528,0
4502930,0
3394693,0
775350,0
4573474,0
2887267,0
3083119,0
4388253,0
3969571,0
4898538,0
641350,0
2560797,0
2571722,1
217231,0
5378227,0
2775693,0
3181219,0
2121484,0
1694166,0
3829790,0
310401,0
1263821,0
4513906,0
3119388,0
3262157,0
2909306,0
393272,0
2815603,0
4770557,0
2963094,1
2153918,0
1559265,0
5333215,1
1741140,1
194159,0
4471794,1
369690,0
3352204,0
2975685,0
5114270,0
4465446,0
3687000,1
4326283,0
2208009,0
1805178,0
3037998,0
1297826,0
3148379,0
5151793,1
1198446,1
4476035,1
3072228,1
2994259,0
3607512,0
2568552,0
4568239,0
496366,1
2049696,1
3789785,1
3931409,0
2555977,0
1922795,0
3929288,0
221849,0
4151374,1
4134912,0
4982180,0
5092634,0
4259245,0
3041712,0
941633,0
680103,0
3095762,0
619137,0
5222435,0
3527869,0
3177616,0
1788813,1
5331250,0
221784,0
5044190,1
5007139,0
5468587,0
560663,0
4864041,0
1914218,0
3459994,1
2325086,0
1206740,0
1044930,0
4255390,0
5014637,0
70220,1
3138581,0
3129884,1
3872771,0
3216173,0
4535003,0
1777432,0
3010655,0
5044698,1
4500500,0
2107479,1
2963838,1
3692647,1
1660047,1
3504783,0
5101114,1
3831792,0
4792344,0
2180608,0
243162,0
3243994,1
4316884,0
4736783,0
1389906,0
955428,0
104089,0
2480922,0
1157055,0
2804577,0
211741,0
2023740,0
2967695,0
432340,0
3098591,0
2768253,0
1689883,1
3266392,0
3117183,0
4645717,0
4688847,0
4303051,0
4222738,0
2675490,0
2501726,1
3588851,0
841082,0
1035159,0
4514292,0
1033694,0
4050460,0
2469843,1
3712344,0
653183,1
453762,0
4778283,0
4386096,0
5044089,0
5113154,0
2542214,0
2182185,1
1324562,0
3787474,1
4052859,0
4414050,0
2473458,1
3055584,0
981015,0
5477773,0
3175440,0
2724555,0
980972,1
2944186,0
659023,0
4309556,0
4879733,0
884944,1
3329768,1
1268753,0
3509821,0
3351352,1
4415877,0
4807353,0
4710399,1
1160096,0
3997106,1
277169,0
2737988,0
1109762,0
2041385,0
3238693,0
5097758,0
3217695,1
3324122,0
52474,0
4570076,1
5084834,0
4680940,0
3244979,0
4472218,0
1009258,0
1272466,0
3873602,0
4375174,1
4040530,0
2353140,0
738524,1
4166416,0
3432302,0
1567574,0
3568963,0
1041623,0
1728820,0
452442,1
4682675,0
4713914,1
2450153,1
3768880,0
1014056,0
5035675,0
4797368,0
4769301,1
3757171,0
232411,1
548024,0
2979264,0
577443,1
4625169,0
1754464,1
797536,1
2793812,0
3507175,0
1939571,0
4965075,0
181676,1
3267236,0
3225885,1
2093785,0
101527,1
44691,1
5509802,0
5558922,1
254085,0
1804895,0
3680992,1
5149799,1
5051914,1
5202649,0
5360107,0
5253878,0
5401119,1
1315739,0
3671378,0
2061748,1
2579620,0
1215549,0
1081000,0
396859,0
2149889,0
1900121,0
2201156,0
3167509,1
1703045,1
2188706,0
2535342,0
3758224,0
3971242,0
2097758,0
4163149,0
555258,0
2462528,0
1287812,0
3732481,0
4307405,1
77481,0
812542,0
2547790,0
5250307,0
4866541,0
20864,0
1332875,0
1976455,0
4336847,0
4606125,0
4092206,0
3835359,0
3611023,0
5130038,1
131050,0
4266617,0
5453296,0
642016,0
3329883,0
393264,0
4382495,0
3133027,0
2006009,0
1168331,0
158077,0
5277602,1
5177545,0
3879171,1
4058462,0
2024058,1
4740774,0
2925866,0
3741518,0
3896341,0
2033530,0
3355449,0
3309977,0
4489515,0
5422478,0
1175280,0
4640755,0
4295083,1
1643376,0
4797387,0
2097282,0
4528961,0
1901199,0
1734420,0
3775393,0
4412376,0
3691839,0
3575703,0
3709025,1
1164723,0
661484,0
2518639,0
5007066,0
2569960,0
3169340,0
3753676,0
3063623,0
1969347,1
4858124,1
4946961,1
4970704,0
1962138,0
1149546,1
2976436,0
3484983,0
534900,0
2836691,0
4376066,0
3998576,0
4182274,0
3050762,1
3850873,0
3762004,0
2672136,1
293750,0
1281918,0
4426905,1
3054913,1
775134,0
1162039,1
1838098,0
4225906,1
3655979,0
4900607,1
1479376,0
4104823,0
4396118,0
4803148,0
3300793,0
1613010,1
1877543,0
2340684,0
4786390,1
992889,0
328011,0
524897,0
3912692,0
4582166,0
4985185,1
57346,0
4652512,1
3552059,1
3185361,1
1284409,0
2264544,0
272429,0
1502518,1
2293462,0
3870780,0
4653884,1
1120855,0
5480265,0
437015,1
3002234,0
3625223,0
4166927,1
2149697,1
3237222,0
5101198,1
4401028,0
636490,0
2921791,0
646739,0
3596409,0
4432347,0
5029643,0
3771601,1
4489070,0
1055268,0
4340105,1
287128,0
900366,0
2410639,1
2082048,0
3765511,0
3826260,0
989158,0
4656481,1
770375,0
4797180,0
176018,0
2165847,1
1513563,0
2263045,0
714308,0
2739189,0
4037677,1
4587541,0
1892892,0
448973,0
1529052,0
814823,0
911445,0
1548053,0
5327184,0
427059,0
786838,0
882608,0
572384,0
3209604,1
896390,0
5172637,0
1836482,0
4589317,0
2236261,1
3294903,0
1820367,1
317312,0
225473,0
4678357,0
2110419,0
3402244,1
2994891,0
2533384,0
5240219,1
89586,1
3141712,0
4462106,1
1011147,0
2647402,0
2977693,1
5549928,1
3643864,0
844160,0
107733,0
2387886,1
3338392,0
5336431,1
3440169,0
656774,0
1441548,0
2916230,0
4011573,0
5400027,1
932040,1
1368037,1
4770293,0
3643139,1
2961639,0
4337055,1
1270074,0
5331084,1
1446225,1
4324413,0
1131313,0
2087339,1
5479903,1
1284808,0
3170478,0
3583757,0
1933025,0
2611840,0
816309,0
4741510,0
4708705,0
4546428,0
1568172,0
2244622,0
5210414,0
4572212,1
5271745,0
2376156,0
1319007,0
5043482,0
5256531,0
1001166,0
5139539,1
1587842,0
1490046,1
3498192,0
5038734,1
4302215,0
275983,0
4641421,1
3840370,0
2313005,0
5259313,0
709398,0
571932,0
426785,0
642730,0
1355130,0
3444095,0
5453880,1
1544332,0
4790660,0
5165481,0
5408081,0
2640720,0
3259786,0
397901,1
3977671,0
5346770,0
1958433,1
3250431,0
4263349,0
4195918,0
1878654,0
3553082,0
4077134,0
903442,1
3889351,0
5530205,0
1916639,1
4954335,0
4763539,0
2545752,0
4502476,0
3360046,1
2062304,0
4420344,0
491646,0
899396,0
1236081,0
5151439,0
526477,0
5009423,1
2179796,0
4957008,0
1103863,0
2399077,0
886693,0
5029454,0
2883626,0
225557,0
4201251,1
2374771,1
2665847,0
2159561,0
2113300,0
1901258,0
2531756,0
3878459,1
216087,0
970529,1
4582142,0
3467808,0
1557816,0
1378791,0
4907569,0
2721405,0
2398989,1
2548057,0
4013451,0
1077305,1
4047454,0
3516139,1
4182942,1
314333,0
3029717,0
617175,0
2045876,0
926113,0
4212226,0
5424504,0
3921247,0
866139,1
2680433,0
1300777,0
3368753,1
220432,0
4710895,0
5356285,1
3948263,1
150683,1
4626766,0
1120693,0
4438295,0
2000738,0
4021008,0
140557,0
2262186,0
1054158,0
2880187,0
2627023,0
4756811,0
1081463,0
2016701,0
3754861,0
4180094,1
2009199,0
2917577,0
2167338,0
5323836,0
3330026,0
3776397,0
4024759,1
1944965,0
4852365,0
2469986,0
4624311,0
5159047,0
2292863,1
897030,0
2660161,0
2567260,0
209360,1
320470,0
2017903,1
4059246,0
1237433,1
4619084,0
3572499,0
3853013,1
4642063,0
4160286,1
488224,0
5226852,0
5313328,1
3318400,0
4884857,0
2490740,0
3075330,0
3771865,0
4822896,1
3200068,0
4520035,0
156199,0
3345502,1
4165228,0
465139,0
3027744,0
547193,1
507187,0
1133532,0
930180,0
605216,0
3055175,1
5197129,1
1060970,1
1751605,0
829780,0
1556975,0
1988907,0
2100824,0
3739048,0
3716979,1
3044612,0
4612710,1
3478490,0
1747426,0
1074350,0
2023232,0
326534,1
3386406,0
1956711,0
4928006,0
1484795,0
2918492,0
1074018,1
838899,0
40939,1
457850,0
4764635,0
5500045,0
1755765,0
1662022,0
300164,0
4074269,0
2845712,0
148560,0
137549,0
3880202,0
5289103,0
1565545,1
3543943,0
3506331,1
644926,1
1729062,0
4301047,0
5417509,0
2779334,1
1198987,0
4810267,0
298245,0
4387831,0
3010922,0
3392027,0
1903860,0
3894821,1
4636868,0
5196386,1
5325271,0
2443750,0
1756496,0
465834,0
536863,0
3183528,0
884290,0
2093486,0
1736657,0
4529984,0
4072340,1
4339348,0
2354358,0
3944798,0
2848729,0
4435435,1
1947514,0
712745,1
3372949,0
2350790,0
4268147,0
4826153,0
5230262,1
1592900,0
3509459,0
648407,0
4003233,1
2872105,0
3123281,0
629284,0
5442916,0
4533832,1
3006531,0
2812896,0
2771396,0
3675677,1
2227752,1
5292945,0
320441,1
1462351,0
211522,0
696523,0
2313191,0
103123,0
3719504,0
4143560,0
4720013,0
2834584,0
2267404,1
3890673,0
2007915,0
95594,1
4900957,1
4063863,0
4150318,1
4922619,0
3426435,1
141686,0
5322599,0
4358524,0
4299743,0
4232808,1
3372161,1
2821672,0
4082096,0
1275350,0
888209,0
1941307,1
136216,0
982106,0
2912837,0
3207570,0
2536235,0
3625948,0
2064319,0
1226113,0
3455150,0
4735295,0
4035665,0
2488666,0
2390458,0
2153352,0
601310,0
348691,0
4810664,0
3000367,0
4894391,0
712792,0
751017,0
4539630,0
5503270,0
4534931,0
3388867,0
3875488,0
4654103,0
970132,1
2286982,0
556232,0
511059,0
717379,1
5480668,1
3410703,0
3265860,0
1608615,1
745720,0
4174438,0
4939270,0
335624,1
363712,0
3683975,0
1568831,0
182923,1
1033703,0
3834636,0
4156185,1
5437620,0
2841205,0
493921,0
2430729,1
4075398,0
437404,1
1086764,0
2094764,0
4846375,1
2454630,1
1917024,0
1659228,0
2019412,0
4890078,0
3328707,0
4163658,0
5153030,0
1841434,0
941879,1
3946373,0
2165008,0
2953780,0
1680052,0
2340013,1
5432337,1
78152,0
1697964,0
1805440,0
681629,1
2144183,0
722724,0
2278882,0
1464627,0
5048620,0
1301335,0
934072,0
2732367,0
4179142,1
3606264,0
765054,0
2589577,0
700534,0
1538073,0
1731942,1
1743953,0
4614434,0
4431788,1
5100867,0
3638153,0
968417,1
5341133,0
1531888,0
3823388,0
2203969,1
1548674,1
1685625,0
776048,0
922356,1
799508,1
177452,0
2669572,0
3918888,1
52056,0
5496482,0
4561818,0
4132140,0
4806014,0
190674,0
4561252,0
3694241,1
4164101,0
4362114,0
2183266,0
4689271,0
36887,0
4125507,1
4448081,0
2753477,1
4626919,0
1028004,1
3755637,0
3759684,0
785783,0
5060575,1
4439670,1
4788760,0
261112,0
4088781,0
3561146,0
1076255,0
426664,0
5519351,0
2180457,1
4816625,1
2515692,0
35820,0
1000974,0
3693767,1
3502814,1
3027113,1
148414,0
2965579,0
184288,0
150751,1
2913555,1
3826643,0
303269,0
4706948,0
324007,1
3135964,0
1189334,0
2529091,1
1051186,0
3222975,1
815344,0
379358,1
4895880,0
5213377,0
5255489,0
3880862,1
1155637,0
1317696,1
956385,0
3741692,1
2450135,0
1173503,0
4059823,0
3422901,0
450988,0
5259794,1
3971881,0
4287283,0
279172,1
730096,0
4392481,0
2342394,0
1670103,0
4400382,0
1269703,0
4086274,0
3731012,0
4786594,0
2821135,0
977251,1
2327000,0
2343133,0
4542198,0
5137206,1
5291439,0
5303832,0
5041968,0
2636559,0
1470670,0
3647768,1
3491091,1
934037,0
2939780,1
615409,1
849663,0
5056758,1
2863747,0
3453329,0
5114365,0
363552,0
773059,0
5319162,1
4698766,0
3060577,0
4837060,1
1888918,0
309162,0
72057,0
2514520,0
4111832,1
3932810,0
5197572,0
3285510,0
4697166,0
4126199,0
3606120,1
4119292,1
4549874,0
3992123,0
925530,0
3367459,0
1020575,0
1442022,0
1620960,1
1112336,0
3226703,0
869548,1
4379262,1
5359674,0
422269,1
1341028,0
2992184,0
382368,0
3970049,1
209337,1
1802737,1
3965149,1
693156,0
2943385,0
3929588,0
471805,0
1908335,1
1300113,0
2716692,0
1214341,0
4900359,0
278450,0
3632436,1
150557,0
915538,1
2270433,1
2297298,0
4848140,1
4915642,1
2070870,1
3171241,0
2403770,0
479061,0
4175902,0
854006,1
3769137,0
2856154,1
4220798,0
4209838,1
2308743,0
789327,0
4828973,1
4538724,0
2407941,1
393631,0
3605145,0
996584,0
5135658,0
5263944,0
1882377,0
2180853,0
269049,0
236761,0
4830832,0
583320,1
5067008,0
3442357,1
2187197,0
3851152,0
3196962,1
3009898,0
3581187,0
1129874,0
2507827,1
1700959,0
4021670,0
2273266,0
1372246,1
855830,0
2456437,1
591971,0
1281754,0
2105591,0
2016289,0
1151790,1
2724228,0
2590572,0
2059840,0
686387,0
3702312,0
2236991,0
4621592,0
4679938,1
2152629,1
3205549,0
2500461,0
4173736,0
3863206,0
2629607,0
2773894,0
2623779,0
5325848,0
1214729,1
4391072,0
1606632,0
2726099,0
4310328,0
2929915,0
5317768,0
2508587,1
3713340,1
2186741,0
217351,0
4571435,1
1155755,0
4842360,0
1245577,0
1828737,0
419455,0
1190894,1
491018,0
4845691,0
4571155,1
1270942,0
1059610,0
2350304,0
3715899,0
969717,0
5423723,0
1944577,1
487633,0
4438240,0
1118988,0
3663730,1
330888,0
578142,0
1263680,0
1963965,0
1238572,0
2777708,0
5298897,1
2628987,1
5358382,1
2444721,0
2829262,1
1250591,0
941508,0
885052,0
2011875,0
992855,1
3044758,0
2581667,0
3244113,0
4010469,0
1885942,0
24248,1
3676208,0
1704023,0
1380614,1
4158793,0
580113,0
177909,0
181964,0
3692054,0
5396325,1
3962554,1
3502334,0
4321244,0
3246121,1
3643430,0
5484907,1
4605969,0
4212856,0
4169142,1
1013002,0
1426556,0
1481802,0
20120,0
3308804,0
876938,0
5558296,0
832039,0
390095,0
5130156,0
2173222,0
76144,1
1550056,0
1179108,0
835447,0
232421,0
622557,1
4868703,1
1998622,0
1329707,0
2518810,0
4065412,0
2344496,1
2741747,0
3660663,0
4876473,0
5514921,1
4633752,1
3265944,0
1697562,0
2518897,0
430163,1
4016402,0
4074023,0
2468511,0
103835,0
1421431,0
1803749,0
5268445,0
4527412,0
323585,0
4419306,0
1762695,0
2805857,1
30398,0
631262,0
1153992,0
5425538,1
4240984,0
3095254,0
1322871,0
5411012,0
4856180,1
2062404,0
2280049,1
5427306,0
3566051,1
2690046,0
3578726,1
242798,0
2370587,0
3252769,0
4778697,0
3607024,1
1249839,1
1262425,1
3133532,0
2168184,0
4835185,0
118607,0
4695758,0
5243886,0
2227630,0
976940,0
2876005,1
3063128,0
5122470,0
2567360,0
1280257,0
3712418,0
5125732,0
3939676,0
4260380,0
2217361,0
90233,0
1830252,0
2419966,0
4060914,0
4311354,0
2899339,0
2492478,0
5410902,0
4097570,0
1992403,1
1299672,0
4913721,0
5185382,0
3555250,0
24471,0
3728569,0
4579563,0
719740,0
3435068,0
2897969,0
907159,0
1608886,0
2382976,0
5029324,0
3130342,0
1572754,0
4992380,1
5440953,0
1508488,0
2717787,0
4980346,0
1725059,0
895786,0
2969435,1
2256330,0
906192,0
5457339,1
4481144,0
467864,0
258829,0
5329655,0
4523145,0
3751832,0
4798069,0
792523,0
4244703,0
3578453,0
141304,0
890031,1
5389134,0
106700,0
4237634,1
5407411,1
4613941,1
1425592,0
2158816,0
5135319,0
2725916,1
776052,1
3370673,0
3193113,0
3168720,0
2909846,0
3768325,1
1270524,0
605095,1
2503150,1
1140696,0
1205278,0
4691797,0
4075982,0
429692,0
1398526,0
2545946,0
2189228,0
3585571,1
1802419,0
3450941,0
3624404,1
2188699,1
3770109,0
4763705,0
4061198,0
2205330,1
4586073,0
5215083,0
1613038,0
4836950,0
5550300,0
4525877,1
3896454,1
5408755,1
4498439,0
1541799,0
1022883,0
1741092,0
1297295,0
4404170,0
2791235,0
4468869,0
872779,0
3864542,0
1822798,1
4178936,0
951070,0
3944702,0
4496075,1
1554940,1
3224220,0
166502,0
3196012,1
3410455,0
549401,0
853076,1
4926954,1
4144404,1
668313,0
858303,0
4099581,0
1760953,0
3894343,0
4025985,0
18596,1
4679541,0
473932,0
4145509,1
1373548,0
4615884,0
324185,0
232563,1
4739806,0
3599651,0
442416,0
3344109,1
5497079,0
356875,0
3522534,0
1472299,0
789243,0
943088,1
3899284,0
4902994,0
4099437,1
2438674,0
334053,1
1250191,0
5413606,0
4648249,0
1590967,0
1121657,0
4204360,0
1678549,1
1738040,0
3169053,1
2244569,0
5063979,0
3882069,0
3522220,1
2234527,0
1646836,1
2160460,0
2165928,0
1198872,1
4844058,1
402762,1
5374172,0
298722,0
4975113,0
1287308,0
4017284,0
1332894,0
266442,0
5399013,1
1583033,0
1185695,0
2817986,0
4305841,1
4802344,1
5091046,0
5027291,0
595235,1
2665189,1
3435349,1
2144406,0
326957,1
557659,1
1994769,0
497459,0
2142338,0
3787647,0
5514543,1
2650775,0
4543321,1
2546246,0
3712869,0
1771931,1
373968,0
3220001,0
140219,0
4861700,0
3922663,0
649064,1
5515301,0
266631,0
1226018,0
5313654,0
2088355,1
3183998,1
4400280,1
2704219,0
4747877,0
621197,0
3849561,0
3241127,0
2444843,0
4537985,0
4206965,1
4633574,0
2486765,1
5447814,0
4878677,0
1225654,0
651261,1
866329,0
5498410,0
3959247,0
4778621,0
5022247,0
5419016,0
3567431,1
1669905,0
1542067,1
1863313,0
4431317,0
3700532,0
1499007,1
562553,0
517550,1
4123708,0
3919322,0
3764822,0
684324,1
3436695,0
2661179,1
1906991,0
3566703,1
326120,0
1343867,0
76790,0
2798806,0
796463,0
4718405,1
3231994,1
3733658,0
2808753,0
523105,1
647369,1
4485753,0
788867,1
1795055,0
5189781,0
891062,0
4442355,0
906479,0
5474334,0
4897388,1
5014571,1
768523,0
845568,1
4181394,1
4914550,0
4372156,0
5018356,0
1840340,0
3994298,1
5291070,0
1915570,0
3100255,0
605172,0
4723862,0
4961150,0
5464671,1
2254086,0
4160959,0
5407143,0
3933159,0
1000990,0
3369639,0
4008584,0
652655,0
3124120,0
3099900,0
1255428,0
4835430,0
946745,0
3116798,1
369250,0
499035,0
2402793,0
5360319,1
2509264,0
81988,0
3348016,1
2367332,0
5294987,0
1731834,0
2330679,0
5139618,0
3627766,0
2786417,0
2267991,0
4763277,1
656745,0
2436185,0
4977400,1
2901649,1
2201510,1
5380841,0
1169515,0
842508,0
686073,1
2476452,0
2515205,0
3779219,0
5085023,1
5018274,1
5066746,1
442217,0
5436192,1
1298614,0
4565868,0
4166284,1
424975,0
1934287,0
3690492,0
2116931,0
171090,0
4806333,0
3609707,1
5458194,0
435017,1
4665883,0
1216058,0
4312693,0
1859098,0
2590047,0
123126,0
4358840,0
680173,1
964164,0
1236329,1
2697456,0
3988835,1
3292453,1
2921898,1
3158238,0
1709541,0
4412379,0
4139743,1
644188,0
1047020,1
3819928,0
4349740,0
5415406,0
1393486,0
3883746,1
2058267,0
1080507,0
5112489,0
5495048,0
102872,0
4590471,0
3339671,0
316016,0
3946676,0
3034133,0
565080,0
5384399,0
3580101,1
1706431,0
1136329,0
2764382,0
5468605,0
1456756,0
4646339,0
1590760,0
2394254,0
5176642,0
5512971,1
5547703,0
223715,0
5025073,0
1611106,0
4128708,1
940637,1
3233113,0
521850,0
2414386,0
1707595,0
2142854,1
1057836,1
1266600,0
2114963,0
4347441,0
4784060,0
106609,0
4900606,0
4358031,1
5221585,0
3189670,0
2116449,0
3800741,0
1726834,0
4651529,1
4638926,1
723583,0
4016156,0
5232011,0
711936,1
4084187,0
209929,0
262864,0
3439268,0
629137,0
4583552,0
5230868,0
1909687,0
2633271,1
5217409,0
4415060,1
4318753,0
3496030,1
5068206,0
2076734,0
1397430,0
3745752,0
1307030,1
273988,1
4425623,0
4256657,0
3029107,0
3390786,0
2141834,1
247928,0
2727621,0
425120,0
3514478,0
1604224,1
3496177,0
4088986,0
714943,0
1438319,0
913452,1
2076742,0
1864579,0
2840237,0
1965385,0
1065902,0
3587156,1
5480546,0
4088099,0
1511246,0
181941,0
3961445,0
2740381,0
4350131,1
4710764,0
4849361,0
4421587,0
5161700,1
565799,0
1597159,0
1382139,1
3130388,0
4223781,0
2159336,1
5511484,0
4109648,0
2157420,0
3574724,1
5228265,0
3889270,0
4512709,0
5293593,1
3479436,0
1608135,1
2220624,0
4163506,1
3754022,0
2181895,0
4941707,0
3800507,0
3504704,1
1474137,0
3526786,0
4631617,0
3662915,0
3226577,0
3842160,0
4874990,0
154334,1
5423040,0
2795997,0
4145710,1
3876149,1
2613251,0
1087018,0
5442056,0
5459517,0
1987222,1
702787,0
3140183,0
1230162,0
4199223,1
5055507,0
5321502,0
2893538,0
1193368,0
1082666,0
4702235,0
5346327,0
2838666,1
1739727,0
2264246,0
4844103,0
1147121,1
3893015,0
1582088,0
1787866,0
4528072,0
4874499,0
4763489,0
4340152,1
3722494,0
3557669,0
3207160,0
3859591,1
1003031,0
1941667,0
2579755,0
4369042,1
5555474,1
126377,0
385970,0
1480414,0
3553310,0
1848632,0
3306242,0
1537427,0
1086784,0
2355729,1
136984,1
5252834,0
2015065,0
3550506,0
2366372,0
4717414,1
5280228,0
87394,0
1601610,0
1719254,0
3703987,0
4468924,0
413407,1
4402725,0
3787027,0
5175350,1
5519294,0
3995795,1
3187810,0
2166472,1
1127145,0
4386727,0
3870223,1
137048,1
2519815,0
2959652,0
1244273,1
848522,0
657750,0
1513453,1
2843479,1
53951,1
2083885,0
4162332,0
406394,1
1609437,0
3053350,0
1878611,0
163119,0
296070,0
3993931,0
1190886,0
3759986,0
1906605,1
4976023,0
4097212,1
5241764,0
785661,0
1122307,0
3893902,1
4543464,0
3194381,0
2837090,0
390000,0
462588,0
1729208,0
2700646,0
3390486,0
4642183,0
754598,0
1663076,0
1792120,1
5374341,1
4717871,1
3650269,1
4784748,1
2947783,0
639502,1
2038286,0
3290170,1
4647292,0
5515576,0
2077697,0
798131,0
1586445,0
239298,0
2529013,1
4365649,0
271172,0
317218,0
177918,0
4518895,0
2815863,0
1596883,1
2835285,1
1506342,0
4029224,1
1148783,0
4369852,0
5051756,0
4232658,1
1918495,0
2467871,0
2283535,0
3272432,1
3433598,0
2390683,0
4306238,0
3458866,0
3517085,0
2546296,0
886426,0
2353787,0
3511078,0
3298558,0
3692022,0
4793359,1
915658,0
485175,0
667704,0
1082389,0
158158,0
3661651,0
314041,0
1254200,1
1566043,1
1872163,0
831285,0
1083813,0
3528804,0
2297518,0
1111184,0
2589387,0
4993295,1
1079048,0
2017936,0
678508,0
4315871,0
929805,0
3340286,0
2490704,0
4207633,0
601782,1
1842486,0
4489769,0
2611292,1
619640,0
3959113,1
5402594,1
205506,0
4147432,0
2193108,1
3285971,0
3852342,0
1610187,0
1964582,1
4451172,1
5308096,0
2990584,1
4731528,0
4542985,0
231439,1
3339506,0
5216399,1
2026870,0
3865534,1
2680473,0
5335768,0
2623969,0
1940107,1
5481765,0
1068629,0
813501,1
927948,1
3361902,0
4316822,1
3159742,1
2319025,1
5496893,1
587955,1
1587659,0
1507447,0
4694782,0
2213144,0
2221915,0
2028903,0
1236588,0
4523741,1
1106427,0
3197846,0
4658018,0
3396091,0
624870,1
1219275,1
2285763,0
1456996,0
4530357,1
5101810,1
3823969,0
3261998,0
3140950,0
1273731,1
4841342,0
533597,0
2581251,1
5310132,0
1038882,1
4920689,0
5069280,0
4888447,0
1446252,1
5304304,0
3333419,0
4398203,1
4545361,0
3890478,0
4271092,0
3693457,0
3360193,1
2118903,0
4704105,0
1773607,1
2973506,0
3381532,0
5478095,1
2579240,0
2457608,0
767072,0
2961218,0
1668998,0
2974719,0
2591439,0
4107714,0
1767831,1
720754,1
4895907,0
2119521,0
4726215,1
111982,0
2402907,0
2071401,0
1614433,0
4450237,0
774563,0
2104347,1
46953,1
3550527,0
4974113,0
1062373,0
2648782,0
3313325,1
2084584,0
1029170,1
2379018,1
4825083,0
5410646,1
4132408,1
2139813,0
1798538,0
1376382,0
5393808,0
712516,0
1975131,0
2956907,0
4302643,0
2029276,0
3753859,0
5103418,0
5341431,0
2837880,0
3707534,1
4500192,1
112663,0
2234057,0
4783537,0
4179319,0
1094336,0
3715948,0
4087384,0
3142320,1
4917416,0
386042,0
5470124,0
2146403,0
143391,0
5231684,0
3470424,0
2063526,0
1322233,0
2944819,0
3397882,0
626355,1
1961596,0
1376451,0
3068499,1
5203846,1
2011507,0
2065509,0
1433329,1
4127052,0
1360696,0
2977576,0
4330604,0
1566746,0
5195693,0
4957715,0
428467,0
5221726,0
3609312,0
4834037,1
966915,0
1243000,0
4013704,1
4683495,0
66323,0
3516602,0
3048592,0
5132961,1
4129011,0
501021,0
2271863,1
1273066,0
1722575,1
3202183,0
2071919,0
4887684,0
1956863,1
5083232,0
2489306,0
2777697,0
3044336,0
5202213,1
4694039,0
188688,0
3864018,1
4212237,0
3655304,0
3310645,0
1562683,0
4600890,0
1692043,0
3757076,1
4844397,0
65139,0
3259962,0
5505626,0
2714288,1
2554653,1
680987,0
4188931,1
1920071,0
1423528,0
350995,0
2597916,0
2572967,0
4757577,0
2252821,0
3951668,1
2011378,0
4111984,0
402827,0
1502283,0
4621482,1
2193874,0
3750399,0
3832350,0
3485261,0
1232035,0
1363880,0
1251258,1
3678121,1
1103703,1
3552304,0
5100563,0
1995939,1
3969069,1
2076994,0
4632579,0
983112,0
351078,0
4984808,0
713603,1
146811,1
5517609,0
4281757,1
4614994,0
3917580,1
4231305,0
5166507,0
875030,0
2987899,0
4407127,1
1899226,1
2765764,1
2763887,0
795732,0
463273,0
834064,1
1294296,0
1792276,0
203458,0
3277881,1
50641,0
2601686,0
3990342,0
2086024,1
2200104,0
4226303,0
4124471,0
3009959,0
703823,1
510337,0
2565712,0
4366751,0
5168685,0
1469560,1
3418800,0
99629,0
2353020,0
664223,0
3064698,1
643676,0
771452,0
3125692,0
5349905,0
184400,0
1602121,0
750304,0
2689777,1
3482834,0
2352531,0
5479397,1
3581836,0
174824,0
3573353,0
4996750,0
523428,1
38353,0
3571529,0
783954,0
4787554,0
4934718,1
5192559,1
2867332,0
4288540,0
1846516,0
4586800,0
4376280,1
5074652,0
3019121,0
1163677,1
1688105,0
1824800,0
2360052,0
1702595,0
3456106,0
2266238,0
2449222,0
2827984,1
5352087,0
3837453,0
183391,0
3608785,0
1234262,1
2798993,0
1139776,0
441888,0
1938946,0
3862071,0
3881793,0
2658131,0
138424,0
3356585,1
5209176,0
2448772,0
4702111,1
4763487,0
4647387,1
1681095,1
3832618,1
842737,0
1114537,1
165574,0
2630484,1
917861,0
1946173,0
3708665,1
3498613,0
2743867,1
2428553,1
5007246,0
2644355,0
4277374,0
610073,0
45304,0
4192669,1
1837548,0
4316162,1
4855890,0
365604,0
270498,1
5059840,0
4904783,0
5220907,0
3192356,0
3825156,0
3262230,1
963202,0
1098760,1
4648612,0
3927563,0
410963,1
2236787,0
3208219,0
2460626,0
196606,0
1696048,0
1942358,0
5014167,0
156318,0
1979115,0
1266594,0
3225887,0
2806496,0
995451,0
5474275,0
2969113,0
4010319,1
4197306,0
5552028,0
4473397,0
4856930,1
1423102,1
3691592,0
910340,0
983033,0
3822003,0
4645527,0
1159396,0
918335,0
1622618,1
5043607,1
1737131,1
4027648,0
159763,0
5249321,0
4335981,0
2373528,0
4603297,0
1696978,0
297741,0
3265026,1
1595537,0
1767999,1
5303390,1
1445277,0
5364689,1
2346134,0
1829110,0
4987613,0
1519131,1
2109979,1
3100013,0
5230119,0
3926003,0
1830276,0
1162169,0
1302187,0
132915,0
868112,0
3567659,1
973110,0
177170,0
82130,0
3300800,1
1496394,0
1261153,1
2358035,0
799560,1
1388722,0
1394118,0
633103,1
3938607,0
1805012,0
1132014,1
3600896,0
3109049,0
1465089,1
2666175,0
5236265,0
5072585,0
2956640,1
2900482,0
4365045,0
3625357,0
803728,0
1938800,1
1536550,1
468331,0
1570183,0
3507198,0
1499455,0
915826,0
4400760,0
1565199,0
1346595,0
3942847,0
5045753,0
3876090,0
4339054,0
5483301,0
5011372,0
2519224,1
4248343,0
1152850,0
3417596,0
815835,0
5034629,0
1740274,0
2627385,1
5078899,0
2017058,0
1776429,0
2511534,0
1275685,0
4359311,0
4883110,0
948390,0
4101755,0
2308523,0
4177197,0
268878,0
1081631,0
3487142,0
2573182,0
2789837,0
3803005,0
2424068,0
1927247,0
1355533,0
482026,0
4755809,0
1000009,0
988903,0
800852,1
1030868,0
3625197,0
4065610,0
3794227,0
637485,0
2456055,1
1608380,1
4310921,1
1840870,0
716299,0
1837003,1
3859717,0
3610753,0
5006464,1
431019,0
784543,0
2293517,0
1470638,0
4471100,0
897983,0
4185865,0
2645808,1
1976735,0
20287,0
5278464,0
3595973,1
1807395,1
1571789,0
4716039,0
799988,0
2426609,0
3897978,0
5089178,0
383726,0
761406,0
3246264,1
1175341,0
2212452,1
85638,0
2501114,0
1208263,0
1894803,0
2670805,0
712870,0
2167911,1
1900058,0
3068547,0
5092543,0
2170916,0
2591632,0
1239711,1
4390637,0
2724800,0
1975986,0
4173399,0
694268,0
375980,0
4066902,0
4400943,1
4350234,0
286966,1
4420435,0
548359,1
3951339,0
3475550,0
1894382,0
3185588,1
1029832,1
2044590,0
1395148,0
3723454,0
2624114,0
3894284,0
4547105,0
2182864,0
4895254,0
1092433,1
663334,1
3713280,0
4910886,0
4837779,1
3340692,0
3515690,1
4821544,0
4765062,0
2546116,0
848225,0
3329734,0
3949372,0
1554314,0
2553587,0
3896755,1
4934603,0
1359096,0
4024175,0
1770271,0
3747101,0
1572203,0
955642,0
2984354,1
1385963,0
3034805,0
2134945,0
2545822,0
2599130,0
641072,0
3101273,0
5366421,0
1897142,1
1320815,1
1921318,0
659084,0
2388752,0
1840218,1
958297,0
2894746,0
2425480,0
5401107,1
4291281,0
2949378,0
2471750,0
297423,0
1694307,0
2990573,0
514508,0
481109,0
2431296,0
2456752,0
2366278,0
1388764,1
2852222,0
517641,1
2829488,0
4610474,0
675696,0
73820,0
1620750,0
5014060,0
3800880,0
5168468,0
2661487,1
5095189,0
4419350,0
1709183,0
1344848,0
3502831,1
4472252,0
3101081,0
4844595,0
4587580,0
4942842,0
4539003,0
5014566,1
2413629,1
5339259,1
4515518,0
1027968,0
1160554,0
5530486,0
256936,0
1925692,0
246617,0
5431466,0
1277158,0
1422831,0
5241497,0
2324825,0
1163339,0
2120942,0
5368905,0
4837200,0
4015894,0
3503637,0
3011257,0
2006956,0
4756044,0
3831688,1
3864848,0
5257072,0
3667972,0
3478825,1
353296,1
806968,0
2362173,0
4871144,0
866999,0
3884998,0
1407607,0
4550622,0
2113342,1
1762521,0
3616703,1
1363481,0
1504025,0
2540813,0
4960864,0
2976058,0
4739824,0
2750821,0
3959553,0
4709117,0
921743,0
3077699,0
2165962,1
2420680,0
1903692,0
1158064,0
1233693,0
3059698,0
2955382,0
2485135,0
947312,1
2341547,1
5087034,0
3075306,0
5164135,0
3805890,0
3601300,1
4955286,1
3987598,0
5180910,0
4796496,0
2978139,0
4682133,0
4179317,0
3125329,1
1014034,0
2779237,1
5068270,1
1894474,0
4991242,1
4878760,0
2427466,1
1287495,1
4944862,0
2451298,0
393350,0
5445727,0
4044594,0
3628639,0
2491295,0
1010469,0
4454008,0
3538391,0
1321822,0
3729873,1
1443779,0
4063493,0
5400696,0
1569680,0
1986761,0
4677345,0
2032317,0
4749511,1
496471,0
1101879,0
2010181,0
1409184,0
3856202,0
176436,0
4375539,0
1823303,1
3097183,0
4937833,0
2700493,0
4455125,1
1241741,0
4803839,0
4345333,0
151014,0
2955438,0
2925334,0
1591755,0
1222586,1
473130,0
2505971,1
5231807,0
3171406,0
3252750,0
2175647,1
4145439,1
591221,0
4376219,0
1108249,1
5548240,0
844184,0
5211063,0
2320233,0
4392174,0
4144146,1
2565575,0
2632460,0
2715076,0
2468212,0
4597031,0
4632074,1
403824,0
4794953,0
2335878,0
3790402,1
1301501,0
1942659,0
3186339,0
3468871,1
1598858,0
2942127,0
1605839,0
3557308,0
3156508,0
1779358,0
5176353,0
5301221,0
4776734,0
860187,1
2693520,0
1106086,0
2526227,0
5233140,1
1717390,1
689493,0
3523558,0
1778789,0
526282,0
4102226,0
1005161,0
5416237,0
1498147,0
4493035,1
2516,0
5065494,0
948788,0
654693,0
5554415,0
45805,0
3639855,0
646274,1
4285890,0
4742730,0
5021160,0
2755447,0
3096436,1
4967788,0
2165797,1
2634975,0
2860499,1
4015891,0
4489578,0
3033002,1
1156114,0
3028700,0
1039056,0
2765414,0
2205788,0
708416,0
2584394,0
4183773,0
5051384,0
2444654,0
2410500,0
1738197,0
2805811,0
917715,0
1119500,0
1084385,0
3898268,0
392173,0
4722208,0
554337,1
2104532,1
3053248,0
1866928,0
591263,0
2470632,0
1364687,0
1588110,0
3351723,0
3695865,1
1433891,0
3889134,1
4195609,0
1952056,1
774039,0
3438873,1
2014525,0
2097189,0
4960867,0
3986922,0
3193283,1
132764,1
4220989,1
240134,0
101184,0
221816,1
1443757,1
3996986,0
3380049,0
1502818,0
1035983,0
2959881,1
4406518,0
4826567,1
472054,0
4903934,1
3973494,1
2956225,0
3379960,0
1446721,0
5139133,0
1319157,0
2159273,0
3458050,0
5512232,0
5023038,1
1023987,0
5449774,0
5505531,0
798577,0
1227979,1
1028959,0
644740,1
268363,0
4917135,0
547396,0
1522621,0
451750,1
4998747,0
2206479,0
3975247,0
1283477,0
2126994,0
2467583,0
2969716,0
82545,1
2627948,1
4486769,1
2380107,0
597250,0
4793561,0
3966310,0
4850129,0
3348550,1
1308840,0
5380734,0
2262225,0
649202,0
1877242,0
323016,0
753582,0
2050977,0
2996639,0
3683969,0
4453807,0
2421018,1
4974774,0
4323799,1
175255,1
431054,1
2181237,0
4119374,0
1304100,0
1390462,0
4363581,0
2473195,0
561099,0
4550601,0
1436113,0
3025513,0
2109192,1
758899,0
2307277,1
1776857,1
1007615,0
432456,0
1481604,1
3801319,1
3225907,0
4307267,0
3066443,0
1973294,1
2725662,0
846214,1
1159645,1
4129323,1
1932722,0
3136262,0
3424193,0
5285448,1
3820033,0
176118,0
2056636,0
5242152,0
239898,0
2319792,0
5167703,0
2715637,0
4067173,0
3457179,1
1468104,0
957506,0
2435023,0
3859516,1
2523916,1
1209961,0
2395243,0
3012224,0
2593857,0
1928585,0
2886184,0
346514,0
3311183,1
3242396,0
4961062,0
281609,0
3828689,0
4830937,1
634379,0
697919,0
1435340,0
4624440,0
490347,0
1097608,1
4834446,0
1793311,1
965408,0
918804,0
5351002,1
164713,0
4602044,0
696285,0
1789682,1
51633,0
3627108,0
5158460,0
3603115,0
3134069,0
894531,1
5081740,0
2867948,0
3138086,0
3624181,0
2715083,0
5241158,0
665565,0
1243477,0
321860,0
291971,0
5080822,0
2096386,0
4493831,1
2789650,0
1393603,0
183973,0
3185779,0
5158244,1
4487616,0
4062992,0
4502643,0
3588054,0
883454,0
457123,0
847899,0
4589453,1
3106578,0
362649,1
4931653,1
1275775,1
4945217,0
1147909,0
3887896,0
954242,0
1748426,1
4441202,0
5342794,0
5350997,1
898479,0
2737294,0
5282254,0
2368960,0
3573072,0
1007368,0
3328218,1
2381501,0
2960428,0
734773,0
5032157,0
5397232,0
1729214,0
1352934,0
2441386,0
1366344,0
1175090,0
3130140,0
5134865,0
4936655,0
4268144,1
377094,0
5381138,0
1034303,0
3236831,1
2383442,0
4772321,0
3964976,0
1437887,1
2356657,0
2131814,0
4719431,1
3297773,0
3525626,0
2024130,0
4782925,1
2786732,0
2895552,0
2158298,0
2534689,0
148024,0
3474184,1
5014132,0
1767049,1
3972864,0
3906095,0
666832,1
5107341,0
5494953,0
1203606,0
1789451,1
5441278,1
2218600,0
461483,0
3201312,1
4261366,0
5236864,0
3391547,0
753183,0
3936954,0
4191879,0
3903409,0
4450620,0
2825098,0
787504,0
932942,0
2706777,0
2336415,0
2226900,1
932569,0
2824363,0
3897029,0
3245803,0
4306893,1
2198645,0
768883,1
4278391,1
2221809,0
1004743,0
3039572,0
4918215,0
1398313,0
2007753,0
505027,0
4428654,1
4921767,0
5266425,0
842714,1
1296209,0
5184598,1
3136576,0
4970362,0
1030191,0
1668996,1
4263865,0
3398965,0
1755723,0
2892822,1
1694915,0
4495458,0
3833716,0
4932691,0
3293851,1
2479100,0
3772309,1
2971813,0
4875282,1
532822,1
4211217,0
2211683,1
1044491,0
4714053,0
1282294,0
2683629,1
173264,1
4289795,0
3585133,1
5542194,1
2789910,0
4804759,0
2658656,1
3738777,0
4574319,0
879980,0
4470235,0
117165,0
3602673,0
1704178,1
44008,1
3386936,0
2849746,0
4778339,0
2394850,0
1849872,1
2326361,0
2451130,0
384265,1
3483348,1
2985718,0
4050818,0
2853937,0
3595756,1
309619,0
4555407,0
5546935,0
3036080,0
3504769,0
1960216,0
4190154,1
2943927,0
3310277,0
4980630,0
2218371,1
4451477,0
5032378,1
4544910,1
799285,1
3678729,0
4726864,0
2214081,0
4275436,0
2751507,0
5315759,0
1560852,0
4408104,0
1694983,0
3946039,0
1620201,1
3231100,0
2191027,0
4686104,0
5392856,0
5161002,0
2438643,1
20973,0
2434942,0
2667222,0
834057,0
849247,0
5562,1
2042658,0
2058118,0
3505770,0
765683,0
1505474,1
774241,0
2914942,0
3643279,0
4874657,0
711169,0
2068821,1
2771372,0
2606559,0
3826044,1
4687846,0
1249548,1
1481089,0
2439085,0
254771,1
2203999,0
4560298,1
4818508,0
2889821,1
3547482,0
5501909,1
1767649,0
4388176,1
5239667,1
3105535,0
4886264,0
1425107,0
4249225,0
5512052,1
4836616,0
1115720,0
3300291,0
1390456,0
1447513,0
866563,1
96671,0
4375186,0
1512773,0
2952168,0
5200304,0
1146706,0
1012340,0
3673770,1
304342,0
542009,0
469563,1
4325995,0
501254,0
3843469,0
2964898,0
3935957,0
2973668,0
2177230,1
1244272,0
3438254,1
4668668,0
3597720,0
4549686,0
5296794,0
1911365,0
3569038,0
2334995,1
5219657,0
2964047,0
3210229,0
2003094,0
1125095,1
2937576,0
1858818,1
4752811,0
3059943,0
4539031,0
644763,1
4864190,1
2937981,0
1712750,0
639886,0
3903360,0
367001,0
1813356,0
3311535,0
4678750,1
2101435,0
3812227,1
2991342,0
730825,0
4703140,0
1779699,0
3424792,0
5111536,0
2955811,0
1627737,1
291699,1
3199082,1
478845,0
2753311,0
377628,1
1599937,1
1472101,1
1879287,0
5119513,0
4295661,1
5080583,0
385456,1
2363391,0
561951,0
3967617,0
1724048,0
5030967,0
148577,0
744088,0
4263738,0
616896,0
107755,0
593726,0
4827821,0
5281795,0
2042903,1
3971806,1
3107463,0
1054688,1
1559301,0
1591130,0
2423995,1
5111163,1
1097188,0
168854,1
3253242,0
4862361,1
4771145,0
3204494,1
2050471,0
4741637,0
2098454,1
4883658,1
2471173,0
3720877,0
3087715,0
2215988,1
48641,0
5538274,0
1361419,1
5538857,0
4647390,0
5224474,0
240549,0
5105179,1
4406626,1
466121,0
4938430,0
4342739,1
2911219,1
3566312,1
3314803,0
2746633,0
4529656,0
3002349,0
3998735,1
3234571,0
4933839,0
1598485,0
3417636,0
151848,0
1853530,0
3262024,1
3336605,0
1673652,1
2370908,0
4901228,0
3818245,1
2392029,0
4709789,0
3388089,0
3721675,0
3549125,0
2038298,0
2312530,0
234246,1
2525744,0
1989905,0
4599804,0
715250,1
3696232,0
5078299,1
869853,1
3135015,0
4782626,0
860236,0
2893234,0
828316,0
4727303,1
1293793,0
2230550,0
1406127,0
4975582,0
1410195,0
1763642,0
4847623,0
1578390,1
5084290,0
2586529,0
5526954,1
848127,0
4091416,0
3618896,1
5132903,0
983854,0
1478803,1
360572,0
625922,0
1591528,0
4114471,1
108353,0
3486885,0
2363073,0
1232533,0
323722,0
4140881,0
78724,0
4066519,0
2184849,0
4706711,0
989983,1
1068803,0
2413131,0
5204860,0
1939266,0
361400,0
1872406,0
4572582,0
4631013,0
5454197,0
3830033,0
4267192,1
1503201,0
487253,1
627120,1
2291101,0
2865128,0
997156,0
4267456,0
1672221,0
4962784,0
5122831,0
3119714,0
4218038,0
4105800,1
150349,0
304410,1
5247334,0
2917805,0
2944410,0
5426174,0
2924976,0
663753,0
4011251,1
1671599,1
3724137,0
2107036,0
1880970,0
1328762,0
1883512,0
5035499,0
2719686,0
3758755,1
1171314,1
4371783,0
3299777,0
3664647,0
452407,0
1134562,0
4095485,1
3103850,0
2399382,0
2218515,0
4187012,0
3573578,1
4916859,0
2163822,1
3025612,0
4589778,0
522794,0
2594855,0
371182,1
2995097,0
3598923,0
192634,0
2112496,1
5275537,0
381311,0
335803,0
608346,0
2733176,0
3870300,1
1684144,0
4569306,1
4592007,0
4064543,0
3328858,0
5188836,0
2910173,0
2114235,0
3375579,0
2716181,0
1698127,0
3592480,0
1808106,0
3658100,0
1067045,0
2182387,0
350075,0
656809,0
4374057,1
3085013,0
3423185,0
5491057,0
5296655,0
4576057,0
4800231,0
3562237,1
1943069,0
5216937,0
1426419,1
930382,0
3604640,0
1732176,0
1438738,1
5048035,0
62627,1
15187,0
2153160,0
1625430,0
2869276,0
4878204,1
4415643,0
4670668,0
1450190,0
1889865,1
106506,0
1071673,0
799260,0
4934797,0
4377343,0
4263720,0
4421214,0
3964515,0
2996015,0
4258611,0
3141510,0
189200,1
583921,1
3184977,1
2111054,0
1001388,0
4178609,1
810971,0
807540,0
3968818,1
257780,1
905787,0
739381,0
5008182,1
5244805,0
4379853,0
5391838,0
2298836,0
3206855,0
3594752,0
4473319,1
2342071,0
903317,0
46408,1
2059570,0
4604054,0
887910,1
611253,0
437568,0
3164046,1
909802,0
4795488,0
4640393,1
1756339,1
3947029,0
2670001,0
2269680,0
4703744,0
5344140,0
150535,0
3460783,0
3913110,0
4214,0
3951577,0
4736937,0
805175,0
994549,0
4710365,1
2925544,0
3831617,0
2890446,0
4236441,1
4376362,0
5021123,0
3386723,1
5094081,1
1683927,1
3727806,0
3115558,0
2892509,0
3962154,0
1907557,0
1322606,0
5368460,0
4233032,0
2486121,0
1556156,0
1222119,1
2806734,0
806124,0
682333,0
5075507,1
1321580,0
928213,1
1145906,0
635048,0
5037630,0
1656103,0
2787112,0
3103699,0
3807312,0
3710334,1
219871,1
1289464,0
3090138,0
450820,1
3920925,0
4389489,1
1918122,0
687438,0
3048075,0
2707215,1
4960199,0
5169814,0
1226300,0
380095,0
3999741,1
4356584,0
574878,0
3638225,0
4630175,1
2078504,0
1929137,0
2575621,1
2729760,0
3771622,1
4319501,0
1613361,0
660807,1
322620,1
747401,0
2302967,0
4363344,1
3562708,1
2022149,1
5233827,1
156846,0
575371,0
3719956,1
1366329,0
4404008,0
5454078,0
2343371,1
4319758,1
5349077,0
1449457,0
2494165,1
131339,0
3557343,1
2950719,0
2123984,0
4560991,0
3654963,0
3084767,0
5259705,0
646129,0
4532465,0
498964,0
1496995,0
3268611,0
2144483,0
1646995,0
163522,0
4128966,0
811166,0
5318022,1
4714458,0
2533783,0
2753442,0
232909,0
1380200,1
3852177,0
573668,0
4943229,0
3550190,0
2610480,0
974391,0
3950209,0
251790,1
1656733,1
3534717,0
1405716,0
3345942,0
824377,0
3940912,0
4463742,0
1489632,1
5369018,0
4665743,1
740804,0
4822141,0
1448083,0
5189500,1
3371162,0
422187,1
3018569,0
3328749,0
1989989,1
1300063,0
5289179,1
5548327,0
2500261,0
2664135,1
5537746,0
3413363,0
5052675,1
4563321,0
504664,0
3489945,0
3794983,1
1783929,0
157524,0
4189960,0
4510746,0
2805578,1
1529739,0
1547624,1
2380852,0
2014249,1
1063650,1
1786860,0
1450110,0
2461914,1
4408857,0
609678,0
