locality_id,mineral_names,country,latitude,longitude,num_samples,num_elements,Al,Be,O,Si
2707,['Amethyst'],Russia,66.283333333333,36.566666666667,1,2,0,0,1,1
2855,['Amethyst'],UK,57.280192186476,-2.64158168473,1,2,0,0,1,1
2854,['Amethyst'],UK,57.3135904,-2.6321819,1,2,0,0,1,1
2848,['Amethyst'],UK,55.378539904893,-5.6020026327024,1,2,0,0,1,1
2857,['Amethyst'],UK,55.315449,-5.640217,1,2,0,0,1,1
2873,['Amethyst'],UK,55.770340837922,-4.7687958869012,1,2,0,0,1,1
2871,['Amethyst'],UK,55.7333333,-4.8333332,1,2,0,0,1,1
2884,['Amethyst'],UK,56.004072926211,-2.5359505825125,1,2,0,0,1,1
2902,['Amethyst'],UK,56.350582,-3.241471,1,2,0,0,1,1
2903,['Amethyst'],UK,56.062641,-3.177638,1,2,0,0,1,1
2986,['Amethyst'],UK,56.058778375517,-3.2340575293151,1,2,0,0,1,1
2908,['Amethyst'],UK,56.7013804244,-2.43607906025,1,2,0,0,1,1
2914,['Amethyst'],UK,56.058363,-2.719646,1,2,0,0,1,1
2926,['Amethyst'],UK,56.951544329996,-5.6902805877119,1,2,0,0,1,1
2967,['Amethyst'],UK,56.93499,-2.1983,1,2,0,0,1,1
2973,['Amethyst'],UK,54.872795596022,-3.7324047652473,1,2,0,0,1,1
2978,['Amethyst'],UK,55.953581,-3.276703,1,2,0,0,1,1
2980,['Amethyst'],UK,55.921616,-3.235818,1,2,0,0,1,1
2977,['Amethyst'],UK,55.919699637167,-3.1877667409478,1,2,0,0,1,1
2982,['Amethyst'],UK,55.990003,-3.3990449,1,2,0,0,1,1
3007,['Amethyst'],UK,55.7958077,-4.6302458,1,2,0,0,1,1
3006,['Amethyst'],UK,55.810337650059,-4.7160421750605,1,2,0,0,1,1
3011,['Amethyst'],UK,57.678623861437,-4.9812323192598,1,2,0,0,1,1
3030,['Amethyst'],UK,55.81288861371,-4.2559390493209,1,2,0,0,1,1
1298,['Amethyst'],UK,50.1202777778,-5.69638888889,1,2,0,0,1,1
846,['Amethyst'],UK,50.242255373226,-5.126077138753,1,2,0,0,1,1
1198,['Amethyst'],UK,50.3720516959,-4.88185215822,1,2,0,0,1,1
1189,['Amethyst'],UK,50.3883333333,-4.80388888889,1,2,0,0,1,1
896,['Amethyst'],UK,50.2144444444,-5.22277777778,1,2,0,0,1,1
4100,['Amethyst'],USA,41.4233333333,-71.7861111111,1,2,0,0,1,1
1141,['Amethyst'],UK,50.2333333333,-5.2225,1,2,0,0,1,1
3718,['Amethyst'],USA,34.214425111826,-82.801878884525,1,2,0,0,1,1
1144,['Amethyst'],UK,50.2215554783,-5.23315517203,1,2,0,0,1,1
1302,['Amethyst'],UK,50.1457959749,-5.69149545741,1,2,0,0,1,1
3997,['Amethyst'],USA,33.828125168098,-106.36689431874,1,2,0,0,1,1
1353,['Amethyst'],UK,50.007628690467,-5.161170040951,1,2,0,0,1,1
4568,['Amethyst'],Italy,40.74,8.67833333333,1,2,0,0,1,1
4583,['Amethyst'],Australia,-21.2797,140.5072,1,2,0,0,1,1
4590,['Amethyst'],UK,51.4344444444,-2.66888888889,1,2,0,0,1,1
4613,['Amethyst'],USA,44.235565765219,-70.986999244822,1,2,0,0,1,1
4645,['Amethyst'],Russia,57.7172222222,61.0152777778,1,2,0,0,1,1
2780,['Amethyst'],Azerbaijan,40.511255555556,46.073908333333,1,2,0,0,1,1
5366,['Amethyst'],UK,50.5394748464,-4.61113374731,1,2,0,0,1,1
5401,['Amethyst'],Canada,45.3205555556,-64.3894444444,1,2,0,0,1,1
2787,['Amethyst'],Russia,64.5833333333,59.7166666667,1,2,0,0,1,1
5643,['Amethyst'],Czech Republic,50.4941287267,15.3672981262,1,2,0,0,1,1
5649,['Amethyst'],Czech Republic,50.5552777778,15.5575,1,2,0,0,1,1
5651,['Amethyst'],Czech Republic,50.6600715906,15.1459407806,1,2,0,0,1,1
5723,['Amethyst'],USA,35.7855555556,-80.8697222222,1,2,0,0,1,1
132,['Amethyst'],Australia,-21.540337655,140.498235602,1,2,0,0,1,1
1201,['Amethyst'],UK,50.3808333333,-4.92027777778,1,2,0,0,1,1
3213,['Amethyst'],Switzerland,46.6441666667,8.7091666666699,1,2,0,0,1,1
3788,['Amethyst'],USA,44.2830555556,-70.6405555556,1,2,0,0,1,1
5912,['Amethyst'],Germany,50.83388889,10.53677778,1,2,0,0,1,1
2322,['Amethyst'],Mexico,21.017745439962,-101.25626850058,1,2,0,0,1,1
3831,['Amethyst'],USA,42.12038129496,-72.692241970333,1,2,0,0,1,1
6003,['Amethyst'],Germany,50.7658333333,10.5261111111,1,2,0,0,1,1
6021,['Amethyst'],Germany,51.85715,10.54651,1,2,0,0,1,1
6095,['Amethyst'],USA,44.032975583123,-71.147131560744,1,2,0,0,1,1
6097,['Amethyst'],USA,43.998047489638,-71.147316098213,1,2,0,0,1,1
6132,['Amethyst'],USA,44.6563888889,-71.435,1,2,0,0,1,1
4512,['Amethyst'],India,20.9827777778,75.4536111111,1,2,0,0,1,1
3610,['Amethyst'],USA,37.8601714118,-106.939047229,1,2,0,0,1,1
6172,['Amethyst'],USA,45.0166169,-67.0758469,1,2,0,0,1,1
6232,['Amethyst'],USA,44.119926,-70.761335,1,2,0,0,1,1
6311,['Amethyst'],USA,44.2389565,-70.8397903,1,2,0,0,1,1
6487,['Amethyst'],USA,44.1661789,-70.9211803,1,2,0,0,1,1
6622,['Amethyst'],USA,44.18532,-70.78704,1,2,0,0,1,1
6638,['Amethyst'],USA,44.2357447,-70.9985452,1,2,0,0,1,1
6637,['Amethyst'],USA,44.235605569179,-70.986924785533,1,2,0,0,1,1
6734,['Amethyst'],USA,41.6326021,-71.2536592,1,2,0,0,1,1
6731,['Amethyst'],USA,41.3888888889,-71.8083333333,1,2,0,0,1,1
6746,['Amethyst'],USA,42.03,-71.36,1,2,0,0,1,1
5583,['Amethyst'],USA,41.6555764877,-72.7702598359,1,2,0,0,1,1
6789,['Amethyst'],USA,41.3011111111,-72.8652777778,1,2,0,0,1,1
5400,['Amethyst'],USA,40.905818591093,-74.185034882688,1,2,0,0,1,1
6869,['Amethyst'],USA,40.905272960267,-74.187372035905,1,2,0,0,1,1
4248,['Amethyst'],UK,51.531392917,-3.26591198088,1,2,0,0,1,1
7066,['Amethyst'],Russia,64.133331298828,159.23333740234,1,2,0,0,1,1
7068,['Amethyst'],Russia,54.145833333333,60.796666666667,1,2,0,0,1,1
7188,['Amethyst'],USA,32.7252777778,-108.500277778,1,2,0,0,1,1
7279,['Amethyst'],USA,44.053553,-70.8168257,1,2,0,0,1,1
7318,['Amethyst'],Mexico,17.86514,-99.7616369,1,2,0,0,1,1
4983,['Amethyst'],UK,56.1588888889,-3.78416666667,1,2,0,0,1,1
7698,['Amethyst'],USA,34.1597222222,-112.323055556,1,2,0,0,1,1
3348,['Amethyst'],USA,33.10044656459,-114.59983974695,1,2,0,0,1,1
7707,['Amethyst'],USA,33.1052777778,-114.584444444,1,2,0,0,1,1
7771,['Amethyst'],Mexico,19.7138899,-97.0630599,1,2,0,0,1,1
7776,['Amethyst'],Mexico,21.0,-101.266666667,1,2,0,0,1,1
7822,['Amethyst'],Greece,36.693,24.331,1,2,0,0,1,1
7912,['Amethyst'],USA,35.7277777778,-81.2844444444,1,2,0,0,1,1
994,['Amethyst'],UK,50.2086111111,-5.25194444444,1,2,0,0,1,1
850,['Amethyst'],UK,50.5558052199,-4.60497593493,1,2,0,0,1,1
3043,['Amethyst'],UK,56.4981303921,-2.82688340296,1,2,0,0,1,1
8214,['Amethyst'],Mexico,21.6833333333,-103.783333333,1,2,0,0,1,1
8349,['Amethyst'],USA,41.7177777778,-71.8594444444,1,2,0,0,1,1
7319,['Amethyst'],Mexico,21.0,-101.266670227,1,2,0,0,1,1
8380,['Amethyst'],Mexico,21.0,-101.26667022705,1,2,0,0,1,1
5897,['Amethyst'],USA,33.2447222222,-111.201111111,1,2,0,0,1,1
8439,['Amethyst'],USA,37.884998321533,-106.93472290039,1,2,0,0,1,1
8440,['Amethyst'],USA,38.853543366384,-108.55444591411,1,2,0,0,1,1
8477,['Amethyst'],USA,34.6336111111,-92.5602777778,1,2,0,0,1,1
6433,['Amethyst'],USA,37.8727553229,-106.932721598,1,2,0,0,1,1
6732,['Amethyst'],USA,41.987949789801,-71.412329064424,1,2,0,0,1,1
8622,['Amethyst'],Brazil,-28.1844449,-52.5474195,1,2,0,0,1,1
8871,['Amethyst'],USA,39.914721273777,-75.594080085509,1,2,0,0,1,1
9115,['Amethyst'],Mexico,18.53333282470703,-99.5999984741211,1,2,0,0,1,1
9286,['Amethyst'],USA,43.5178556,-71.3692375,1,2,0,0,1,1
9330,['Amethyst'],USA,44.1366666667,-71.3330555556,1,2,0,0,1,1
9448,['Amethyst'],USA,44.12234553,-71.404523849487,1,2,0,0,1,1
9450,['Amethyst'],USA,44.1125317,-71.4177336,1,2,0,0,1,1
9453,['Amethyst'],USA,44.1527777778,-71.5311111111,1,2,0,0,1,1
9454,['Amethyst'],USA,44.1680555556,-71.5338888889,1,2,0,0,1,1
9600,['Amethyst'],USA,44.0783333333,-75.4697222222,1,2,0,0,1,1
9616,['Amethyst'],Mexico,27.312679,-112.293158,1,2,0,0,1,1
9645,['Amethyst'],Mexico,20.133333206176758,-98.66666412353516,1,2,0,0,1,1
9925,['Amethyst'],USA,34.066388888889,-93.689166666667,1,2,0,0,1,1
10012,['Amethyst'],USA,34.22403,-82.81547,1,2,0,0,1,1
10035,['Amethyst'],Sweden,59.240353076159,15.016303180601,1,2,0,0,1,1
3609,['Amethyst'],USA,37.8705374474,-106.929486854,1,2,0,0,1,1
10427,['Amethyst'],USA,37.941877648611,-106.31090361785,1,2,0,0,1,1
10648,['Amethyst'],Greece,41.347678,23.800957,1,2,0,0,1,1
10699,['Amethyst'],Canada,48.6861111111,-88.6658333333,1,2,0,0,1,1
10711,['Amethyst'],USA,33.672456501937,-111.33219383785,1,2,0,0,1,1
10754,['Amethyst'],Mexico,20.133333206176758,-98.66666412353516,1,2,0,0,1,1
10792,['Amethyst'],Canada,48.6997222222,-88.6097222222,1,2,0,0,1,1
10949,['Amethyst'],USA,46.456944444444,-87.605555555556,1,2,0,0,1,1
11025,['Amethyst'],Mexico,19.799999237061,-100.16666412354,1,2,0,0,1,1
11198,['Amethyst'],Australia,-36.3666666667,146.716666667,1,2,0,0,1,1
11617,['Amethyst'],Germany,49.7247222222,7.275,1,2,0,0,1,1
11678,['Amethyst'],Mexico,18.533327903467,-99.595829112255,1,2,0,0,1,1
11741,['Amethyst'],USA,37.890048226404,-106.939883096,1,2,0,0,1,1
11804,['Amethyst'],Bolivia,-18.054616912173,-57.812027960863,1,2,0,0,1,1
3660,['Amethyst'],USA,37.9138888889,-107.700277778,1,2,0,0,1,1
2595,['Amethyst'],Romania,47.629082109566,24.014145344661,1,2,0,0,1,1
1782,['Amethyst'],Germany,48.379654067149,8.228942155838,1,2,0,0,1,1
7959,['Amethyst'],Belgium,50.275,5.9225,1,2,0,0,1,1
278,['Amethyst'],Belgium,50.2654786708,5.9061384074249,1,2,0,0,1,1
4534,['Amethyst'],Namibia,-21.1513888889,14.3055555556,1,2,0,0,1,1
3053,['Amethyst'],Slovakia,48.4586111111,18.8930555556,1,2,0,0,1,1
12816,['Amethyst'],USA,40.7666666667,-74.0166666667,1,2,0,0,1,1
12820,['Amethyst'],USA,40.8136111111,-73.9877777778,1,2,0,0,1,1
11230,['Amethyst'],USA,40.8719444444,-74.2077777778,1,2,0,0,1,1
12792,['Amethyst'],USA,40.845571,-74.212962,1,2,0,0,1,1
13041,['Amethyst'],France,47.8112083,6.9666978,1,2,0,0,1,1
13052,['Amethyst'],France,47.817222595214844,6.871110916137695,1,2,0,0,1,1
13055,['Amethyst'],France,47.818611111111,6.8852777777778,1,2,0,0,1,1
13199,['Amethyst'],Germany,50.458094,13.019864,1,2,0,0,1,1
4545,['Amethyst'],USA,40.9413888889,-74.1758333333,1,2,0,0,1,1
13301,['Amethyst'],USA,40.6648238,-74.5773795,1,2,0,0,1,1
13304,['Amethyst'],USA,40.766666412353516,-74.66361236572266,1,2,0,0,1,1
13308,['Amethyst'],USA,40.6833333333,-74.55,1,2,0,0,1,1
3952,['Amethyst'],USA,40.678888888889,-74.536388888889,1,2,0,0,1,1
12214,['Amethyst'],USA,41.0525,-74.7547222222,1,2,0,0,1,1
13345,['Amethyst'],USA,40.7333333333,-74.35,1,2,0,0,1,1
13374,['Amethyst'],France,47.984970547633,7.2193264961243,1,2,0,0,1,1
13382,['Amethyst'],France,48.3047,7.2601,1,2,0,0,1,1
13391,['Amethyst'],Germany,49.7955555556,8.70444444444,1,2,0,0,1,1
13442,['Amethyst'],USA,41.072124133121,-73.754154724441,1,2,0,0,1,1
1849,['Amethyst'],Germany,49.7313888889,7.2875,1,2,0,0,1,1
7065,['Amethyst'],Germany,52.255680807361,10.179455280304,1,2,0,0,1,1
13922,['Amethyst'],Norway,60.7933152252,10.6846780142,1,2,0,0,1,1
13981,['Amethyst'],Australia,-30.2669444444,139.421944444,1,2,0,0,1,1
14104,['Amethyst'],USA,37.883904241245,-106.93662046033,1,2,0,0,1,1
14375,['Amethyst'],Norway,60.26199,10.6957,1,2,0,0,1,1
5964,['Amethyst'],USA,40.997091330626,-116.37926012278,1,2,0,0,1,1
14808,['Amethyst'],Germany,49.555,7.62944444444,1,2,0,0,1,1
14822,['Amethyst'],Germany,49.6141666667,7.24944444444,1,2,0,0,1,1
14824,['Amethyst'],Germany,49.5461111111,7.28833333333,1,2,0,0,1,1
14837,['Amethyst'],Germany,51.2211111111,8.48722222222,1,2,0,0,1,1
14855,['Amethyst'],Canada,49.2352777778,-87.6544444444,1,2,0,0,1,1
14924,['Amethyst'],Germany,50.0663888889,12.0783333333,1,2,0,0,1,1
1771,['Amethyst'],Germany,49.96,12.3316666667,1,2,0,0,1,1
14978,['Amethyst'],Germany,49.841983,12.00842,1,2,0,0,1,1
14981,['Amethyst'],Germany,49.406282086535,12.182075327089,1,2,0,0,1,1
10550,['Amethyst'],USA,47.429161467383,-121.44974741052,1,2,0,0,1,1
15670,['Amethyst'],Germany,52.545773740673,8.1894505294678,1,2,0,0,1,1
15737,['Amethyst'],Germany,52.200978927608,10.32066822052,1,2,0,0,1,1
15815,['Amethyst'],Germany,50.662363888889,13.144775,1,2,0,0,1,1
15817,['Amethyst'],Germany,50.886791655353,13.811960265362,1,2,0,0,1,1
15827,['Amethyst'],Germany,50.4461111111,13.0075,1,2,0,0,1,1
1879,['Amethyst'],Germany,50.7655555556,13.7647222222,1,2,0,0,1,1
1904,['Amethyst'],Germany,50.494166666667,12.819444444444,1,2,0,0,1,1
15880,['Amethyst'],Germany,50.4742539221,12.7896184624,1,2,0,0,1,1
15908,['Amethyst'],USA,47.7794444444,-121.434444444,1,2,0,0,1,1
13197,['Amethyst'],Germany,51.370551478822,14.174198424897,1,2,0,0,1,1
13200,['Amethyst'],Germany,50.397033333333,12.13655,1,2,0,0,1,1
16119,['Amethyst'],Peru,-11.604001737776,-76.122282573988,1,2,0,0,1,1
16120,['Amethyst'],Canada,48.5644444444,-88.7288888889,1,2,0,0,1,1
16151,['Amethyst'],USA,34.323142443546,-82.362423913592,1,2,0,0,1,1
16307,['Amethyst'],USA,44.6798069,-71.3794686,1,2,0,0,1,1
12080,['Amethyst'],USA,35.625,-81.8,1,2,0,0,1,1
1887,['Amethyst'],Germany,50.4358333333,12.7069444444,1,2,0,0,1,1
6501,['Amethyst'],USA,44.13026,-70.30722,1,2,0,0,1,1
16521,['Amethyst'],USA,41.7128767,-71.8809054,1,2,0,0,1,1
16550,['Amethyst'],Uruguay,-30.4166666667,-56.4666666667,1,2,0,0,1,1
16685,['Amethyst'],Finland,67.119736,26.9404489,1,2,0,0,1,1
15717,['Amethyst'],Germany,52.20644,9.23431,1,2,0,0,1,1
6991,['Amethyst'],USA,41.5425,-73.1963888889,1,2,0,0,1,1
17102,['Amethyst'],USA,42.3025,-72.5266666667,1,2,0,0,1,1
15517,['Amethyst'],USA,46.53499984741211,-122.42361450195312,1,2,0,0,1,1
17229,['Amethyst'],USA,37.881541,-95.7326925,1,2,0,0,1,1
17267,['Amethyst'],USA,42.2963888889,-71.2930555556,1,2,0,0,1,1
17287,['Amethyst'],Canada,48.6947222222,-88.5836111111,1,2,0,0,1,1
17316,['Amethyst'],Germany,50.358116666667,11.834680555556,1,2,0,0,1,1
17321,['Amethyst'],Germany,50.2547222222,11.2772222222,1,2,0,0,1,1
17327,['Amethyst'],Germany,49.1611111111,8.00166666667,1,2,0,0,1,1
17329,['Amethyst'],Germany,49.6455555556,7.94333333333,1,2,0,0,1,1
13189,['Amethyst'],Germany,49.6241666667,7.85111111111,1,2,0,0,1,1
17349,['Amethyst'],Germany,49.67307,7.95932,1,2,0,0,1,1
17350,['Amethyst'],Germany,49.748429548632,7.9784778121255,1,2,0,0,1,1
17351,['Amethyst'],Germany,49.75,7.93527777778,1,2,0,0,1,1
17405,['Amethyst'],Germany,49.7561111111,7.34055555556,1,2,0,0,1,1
17410,['Amethyst'],Germany,49.7919444444,7.48777777778,1,2,0,0,1,1
17434,['Amethyst'],Germany,48.233055555556,7.9902777777778,1,2,0,0,1,1
14317,['Amethyst'],Brazil,-27.9001784,-53.3140353,1,2,0,0,1,1
17722,['Amethyst'],Germany,51.3177777778,8.04722222222,1,2,0,0,1,1
17781,['Amethyst'],Germany,51.3005555556,8.33222222222,1,2,0,0,1,1
17835,['Amethyst'],USA,37.893611907959,-106.94361114502,1,2,0,0,1,1
18326,['Amethyst'],USA,40.799999237061,-105.58333587646,1,2,0,0,1,1
18457,['Amethyst'],Czech Republic,50.5897222222,15.2611111111,1,2,0,0,1,1
18560,['Amethyst'],Sweden,59.6866426325,16.259167670505,1,2,0,0,1,1
18806,['Amethyst'],Australia,-23.3051007786,135.273800028,1,2,0,0,1,1
18889,['Amethyst'],Canada,48.3077777778,-89.6636111111,1,2,0,0,1,1
18264,['Amethyst'],USA,45.7477989093,-121.982845323,1,2,0,0,1,1
8003,['Amethyst'],USA,47.357276137534,-121.52113191783,1,2,0,0,1,1
19047,['Amethyst'],USA,47.301547,-120.760674,1,2,0,0,1,1
19053,['Amethyst'],USA,46.9153845,-121.8256565,1,2,0,0,1,1
19104,['Amethyst'],Australia,-24.1147078784,148.088826497,1,2,0,0,1,1
7895,['Amethyst'],USA,48.372048640345,-122.16519577966,1,2,0,0,1,1
15032,['Amethyst'],USA,47.8058333333,-121.805277778,1,2,0,0,1,1
8381,['Amethyst'],Argentina,-27.0163888889,-66.8666666667,1,2,0,0,1,1
20123,['Amethyst'],Germany,50.946099537532,12.839491779659,1,2,0,0,1,1
256,['Amethyst'],Austria,46.8955555556,15.4452777778,1,2,0,0,1,1
20251,['Amethyst'],Germany,50.621479204453,8.4980107057124,1,2,0,0,1,1
20506,['Amethyst'],Spain,41.8080555556,2.40777777778,1,2,0,0,1,1
5936,['Amethyst'],Mexico,30.3,-110.683333333,1,2,0,0,1,1
7317,['Amethyst'],China,30.0530555556,114.978611111,1,2,0,0,1,1
21494,['Amethyst'],Mexico,21.0,-101.26667022705078,1,2,0,0,1,1
8739,['Amethyst'],Germany,52.48009,13.80125,1,2,0,0,1,1
21710,['Amethyst'],Germany,51.363853469228,14.155968941583,1,2,0,0,1,1
21806,['Amethyst'],Germany,50.666001883182,10.764155356361,1,2,0,0,1,1
22297,['Amethyst'],USA,42.3691666667,-71.2727777778,1,2,0,0,1,1
22415,['Amethyst'],USA,42.091264324987,-71.480312816272,1,2,0,0,1,1
22654,['Amethyst'],USA,41.4902777778,-72.2752777778,1,2,0,0,1,1
6767,['Amethyst'],USA,41.9377777778,-72.7394444444,1,2,0,0,1,1
18312,['Amethyst'],USA,41.5708333333,-73.3377777778,1,2,0,0,1,1
3630,['Amethyst'],USA,37.9030555556,-107.611388889,1,2,0,0,1,1
25059,['Amethyst'],USA,48.20758,-117.05924,1,2,0,0,1,1
25101,['Amethyst'],USA,39.8805555556,-119.999166667,1,2,0,0,1,1
25110,['Amethyst'],Bulgaria,41.90345,25.3057,1,2,0,0,1,1
460,['Amethyst'],Bulgaria,41.629153710234,25.871267142722,1,2,0,0,1,1
25247,['Amethyst'],Canada,48.6911111111,-88.7261111111,1,2,0,0,1,1
25421,['Amethyst'],UK,56.9030563486,-2.2922837329,1,2,0,0,1,1
2326,['Amethyst'],Mexico,21.039801266375,-101.26167029142,1,2,0,0,1,1
26413,['Amethyst'],Kenya,-0.53333336114883,37.450000762939,1,2,0,0,1,1
26702,['Amethyst'],Australia,-30.1766666667,139.279166667,1,2,0,0,1,1
477,['Amethyst'],Canada,50.649721429311,-119.94971689497,1,2,0,0,1,1
27648,['Amethyst'],USA,34.8359651,-81.6809327,1,2,0,0,1,1
3807,['Amethyst'],USA,43.806726745042,-69.845919025864,1,2,0,0,1,1
27802,['Amethyst'],Madagascar,-22.700233076385,45.218035269865,1,2,0,0,1,1
27880,['Amethyst'],USA,28.82057,-98.03701,1,2,0,0,1,1
27881,['Amethyst'],USA,28.86137,-98.11698,1,2,0,0,1,1
27885,['Amethyst'],Thailand,14.9666666667,102.116666667,1,2,0,0,1,1
27980,['Amethyst'],USA,38.275001525878906,-91.0999984741211,1,2,0,0,1,1
7401,['Amethyst'],USA,41.185074,-107.076719,1,2,0,0,1,1
28052,['Amethyst'],USA,43.926387786865234,-114.80889129638672,1,2,0,0,1,1
28179,['Amethyst'],USA,39.8852777778,-86.1413888889,1,2,0,0,1,1
28180,['Amethyst'],USA,33.3975,-115.041944444,1,2,0,0,1,1
28184,['Amethyst'],USA,45.7510371,-112.747251,1,2,0,0,1,1
17877,['Amethyst'],USA,42.9619444444,-72.4422222222,1,2,0,0,1,1
28185,['Amethyst'],USA,43.9563888889,-71.5086111111,1,2,0,0,1,1
28186,['Amethyst'],USA,43.0177777778,-72.3211111111,1,2,0,0,1,1
28419,['Amethyst'],USA,34.96666717529297,-83.63333129882812,1,2,0,0,1,1
28463,['Amethyst'],USA,44.335534031109,-68.321285249549,1,2,0,0,1,1
8984,['Amethyst'],USA,36.903041026113,-116.88492423324,1,2,0,0,1,1
28834,['Amethyst'],Namibia,-21.2333333333,14.8666666667,1,2,0,0,1,1
3237,['Amethyst'],Switzerland,46.3047222222,8.19166666667,1,2,0,0,1,1
29927,['Amethyst'],USA,30.78491,-98.35783,1,2,0,0,1,1
30052,['Amethyst'],Italy,46.6527298,11.6204218,1,2,0,0,1,1
15862,['Amethyst'],USA,43.0361111111,-71.1833333333,1,2,0,0,1,1
3281,['Amethyst'],USA,43.5908333333,-71.9911111111,1,2,0,0,1,1
14122,['Amethyst'],Canada,57.3386111111,-127.178611111,1,2,0,0,1,1
30246,['Amethyst'],Zambia,-13.059722222222,27.278333333333,1,2,0,0,1,1
30426,['Amethyst'],Brazil,-9.51638888889,-65.0938888889,1,2,0,0,1,1
31041,['Amethyst'],USA,63.3366666667,-142.985555556,1,2,0,0,1,1
31472,['Amethyst'],Germany,49.544314458919,7.2705457719088,1,2,0,0,1,1
31473,['Amethyst'],Germany,49.5221117,7.2424886,1,2,0,0,1,1
31628,['Amethyst'],Germany,49.5284118,7.0852482,1,2,0,0,1,1
32008,['Amethyst'],Germany,49.7069444444,8.65027777778,1,2,0,0,1,1
32221,"['Amethyst', 'Emerald']",Somalia,9.90649,44.72255,2,4,1,1,2,2
32316,['Amethyst'],Germany,47.82122,7.74541,1,2,0,0,1,1
15270,['Amethyst'],USA,42.8613888889,-71.6252777778,1,2,0,0,1,1
32554,['Amethyst'],Germany,47.7962057,7.79891968,1,2,0,0,1,1
32111,['Amethyst'],Germany,47.8451,7.8205,1,2,0,0,1,1
13903,['Amethyst'],Norway,59.75876,10.04327,1,2,0,0,1,1
1050,['Amethyst'],UK,50.5239860539,-4.45041373372,1,2,0,0,1,1
32910,['Amethyst'],USA,34.270549,-82.574107,1,2,0,0,1,1
1487,['Amethyst'],UK,53.2372222222,-1.82305555556,1,2,0,0,1,1
34389,['Amethyst'],Ireland,53.9708333333,-10.1908333333,1,2,0,0,1,1
34412,['Amethyst'],Brazil,-27.3608333333,-53.1819444444,1,2,0,0,1,1
34418,['Amethyst'],Brazil,-29.0891811,-53.2114401,1,2,0,0,1,1
34473,['Amethyst'],UK,50.1260364579,-5.66198036013,1,2,0,0,1,1
35078,['Amethyst'],USA,32.78344,-108.65896,1,2,0,0,1,1
35392,['Amethyst'],USA,33.586504782407,-107.37376169906,1,2,0,0,1,1
35461,['Amethyst'],USA,32.86678,-107.74227,1,2,0,0,1,1
36219,['Amethyst'],Germany,49.7561111111,7.35166666667,1,2,0,0,1,1
36222,['Amethyst'],Germany,49.7305555556,7.33555555556,1,2,0,0,1,1
36225,['Amethyst'],Germany,49.7347222222,7.31361111111,1,2,0,0,1,1
1268,['Amethyst'],UK,50.1177927496,-5.69493643484,1,2,0,0,1,1
36301,['Amethyst'],Germany,50.4386111111,8.36361111111,1,2,0,0,1,1
37563,['Amethyst'],USA,38.26289624798,-112.88852359216,1,2,0,0,1,1
37574,['Amethyst'],USA,38.3821523864,-112.567473442,1,2,0,0,1,1
4146,['Amethyst'],USA,38.813055555556,-110.855,1,2,0,0,1,1
28175,['Amethyst'],USA,39.01499938964844,-109.24305725097656,1,2,0,0,1,1
38022,['Amethyst'],USA,37.644616625232,-113.35718940365,1,2,0,0,1,1
38010,['Amethyst'],USA,37.616746993835,-113.3818212044,1,2,0,0,1,1
38059,['Amethyst'],USA,37.732660067694,-113.24013957856,1,2,0,0,1,1
38050,['Amethyst'],USA,37.73296553305,-113.23108420241,1,2,0,0,1,1
38048,['Amethyst'],USA,37.715738713187,-113.22819027259,1,2,0,0,1,1
38047,['Amethyst'],USA,37.718726113917,-113.22763007583,1,2,0,0,1,1
38039,['Amethyst'],USA,37.704627493064,-113.27548202098,1,2,0,0,1,1
38037,['Amethyst'],USA,37.713599931857,-113.23067863445,1,2,0,0,1,1
38309,['Amethyst'],USA,38.4933,-112.41411,1,2,0,0,1,1
38337,['Amethyst'],USA,38.383991799323,-112.27420628071,1,2,0,0,1,1
39305,['Amethyst'],USA,41.645466260036,-71.261787414551,1,2,0,0,1,1
38562,['Amethyst'],Japan,36.2930555556,136.591666667,1,2,0,0,1,1
5005,['Amethyst'],UK,50.51615542297,-4.0727841268763,1,2,0,0,1,1
41798,['Amethyst'],Austria,47.008877730514,12.926316261292,1,2,0,0,1,1
41812,['Amethyst'],Austria,47.0238888889,13.0113888889,1,2,0,0,1,1
41814,['Amethyst'],Austria,47.0411111111,13.0005555556,1,2,0,0,1,1
41816,['Amethyst'],Austria,47.0116666667,13.0147222222,1,2,0,0,1,1
41880,['Amethyst'],Austria,47.035833333333,13.468611111111,1,2,0,0,1,1
41881,['Amethyst'],Austria,47.031430971121,13.506701946608,1,2,0,0,1,1
41883,['Amethyst'],Austria,47.027039248547,13.483039870625,1,2,0,0,1,1
27375,['Amethyst'],USA,29.2266666667,-103.64,1,2,0,0,1,1
41955,['Amethyst'],USA,29.52642,-103.67627,1,2,0,0,1,1
41967,['Amethyst'],USA,30.1752845004,-103.659634836,1,2,0,0,1,1
41996,['Amethyst'],USA,30.152778625488,-103.59916687012,1,2,0,0,1,1
42313,['Amethyst'],USA,30.63021,-98.70923,1,2,0,0,1,1
4376,['Amethyst'],Austria,46.933333333333,14.566666666667,1,2,0,0,1,1
42509,['Amethyst'],Austria,46.712752109161,14.852614402771,1,2,0,0,1,1
1554,['Amethyst'],UK,50.7202777778,-3.91111111111,1,2,0,0,1,1
42717,['Amethyst'],USA,39.215497306984,-76.861716992526,1,2,0,0,1,1
42953,['Amethyst'],UK,50.5961384127,-3.86242878687,1,2,0,0,1,1
2919,['Amethyst'],UK,57.4130833,-5.2236388,1,2,0,0,1,1
41892,['Amethyst'],Austria,46.9105082389,13.382914066315,1,2,0,0,1,1
42372,['Amethyst'],Austria,46.897983333333,14.4335,1,2,0,0,1,1
43346,['Amethyst'],Canada,45.25371243317,-77.740116119385,1,2,0,0,1,1
43487,['Amethyst'],Argentina,-25.9713888889,-54.5638888889,1,2,0,0,1,1
10039,['Amethyst'],USA,37.9484958848,-91.2583255768,1,2,0,0,1,1
43952,['Amethyst'],USA,38.38138961791992,-91.24805450439453,1,2,0,0,1,1
43955,['Amethyst'],USA,38.270578567447,-91.141102910042,1,2,0,0,1,1
43989,['Amethyst'],Australia,-23.082921738834,134.95018387926,1,2,0,0,1,1
44183,['Amethyst'],USA,38.29395,-92.17436,1,2,0,0,1,1
44188,['Amethyst'],USA,37.9113883972168,-91.83444213867188,1,2,0,0,1,1
44193,['Amethyst'],USA,37.97888946533203,-91.60333251953125,1,2,0,0,1,1
44194,['Amethyst'],USA,37.834445953369,-91.827774047852,1,2,0,0,1,1
44287,['Amethyst'],Austria,47.147436844138,13.307662010193,1,2,0,0,1,1
44302,['Amethyst'],Austria,47.095136625713,13.231315612793,1,2,0,0,1,1
44330,['Amethyst'],Austria,47.089176220267,13.041549837298,1,2,0,0,1,1
44332,['Amethyst'],Austria,47.060913654082,13.091021065775,1,2,0,0,1,1
44368,['Amethyst'],Austria,47.047025311005,13.195953369141,1,2,0,0,1,1
44372,['Amethyst'],Austria,47.047902576521,13.227882385254,1,2,0,0,1,1
3868,['Amethyst'],USA,38.1261111111,-91.0475,1,2,0,0,1,1
44450,['Amethyst'],Austria,47.067724929607,13.034677505493,1,2,0,0,1,1
44453,['Amethyst'],Austria,47.05035884321,13.181705474854,1,2,0,0,1,1
44454,['Amethyst'],Austria,47.042258582871,13.178873062134,1,2,0,0,1,1
44740,['Amethyst'],Austria,47.031700079745,13.029055595398,1,2,0,0,1,1
44824,['Amethyst'],USA,43.769158347424,-103.65294427625,1,2,0,0,1,1
44851,['Amethyst'],USA,43.656504183812,-103.3717527084,1,2,0,0,1,1
11872,['Amethyst'],USA,44.3558333333,-103.765,1,2,0,0,1,1
44949,['Amethyst'],USA,44.416732887,-103.880946105,1,2,0,0,1,1
11484,['Amethyst'],USA,35.8758285,-111.4129207,1,2,0,0,1,1
45072,['Amethyst'],USA,43.7194444444,-102.396944444,1,2,0,0,1,1
23292,['Amethyst'],India,19.133333206177,74.800003051758,1,2,0,0,1,1
1296,['Amethyst'],UK,50.152308314044,-5.6760791632309,1,2,0,0,1,1
11590,['Amethyst'],Romania,48.045357062932,23.242007241327,1,2,0,0,1,1
849,['Amethyst'],UK,50.5085347082,-4.54594520416,1,2,0,0,1,1
45765,['Amethyst'],Bulgaria,41.61159208993,25.683629360955,1,2,0,0,1,1
45921,['Amethyst'],USA,34.4737315551,-92.961875651652,1,2,0,0,1,1
6735,['Amethyst'],USA,42.0048,-71.4567,1,2,0,0,1,1
26988,['Amethyst'],Portugal,40.611983,-7.654546,1,2,0,0,1,1
46511,['Amethyst'],Spain,41.925391,-7.942776,1,2,0,0,1,1
30508,['Amethyst'],USA,40.122224,-96.662523,1,2,0,0,1,1
45779,['Amethyst'],USA,40.040860322691,-96.867677322839,1,2,0,0,1,1
41777,['Amethyst'],Austria,47.0758333333,12.9338888889,1,2,0,0,1,1
46933,['Amethyst'],USA,39.8313888889,-75.4486111111,1,2,0,0,1,1
47070,['Amethyst'],USA,34.2479936491,-112.98669574377,1,2,0,0,1,1
3384,['Amethyst'],USA,31.3708333333,-110.684722222,1,2,0,0,1,1
8000,['Amethyst'],USA,35.24284,-106.20501,1,2,0,0,1,1
47659,['Amethyst'],USA,35.75838,-106.47087,1,2,0,0,1,1
49077,['Amethyst'],USA,36.5550291,-104.3588739,1,2,0,0,1,1
33987,['Amethyst'],USA,32.13373,-108.10641,1,2,0,0,1,1
49176,['Amethyst'],Germany,50.880347753317,12.776326382923,1,2,0,0,1,1
49244,['Amethyst'],USA,33.400101603465,-108.7978398826,1,2,0,0,1,1
49461,['Amethyst'],USA,45.485379766799,-113.10158729553,1,2,0,0,1,1
49645,['Amethyst'],Austria,47.155361,12.553601,1,2,0,0,1,1
49837,['Amethyst'],Italy,42.81778642649,10.423074960709,1,2,0,0,1,1
49939,['Amethyst'],USA,42.975,-70.6144444444,1,2,0,0,1,1
50756,['Amethyst'],Austria,47.141569866545,12.598405865491,1,2,0,0,1,1
50901,['Amethyst'],USA,31.872614347049,-107.98209179563,1,2,0,0,1,1
35954,['Amethyst'],USA,32.43457,-106.56029,1,2,0,0,1,1
50917,['Amethyst'],USA,35.746550056622,-109.03597071504,1,2,0,0,1,1
50918,['Amethyst'],USA,36.776683370225,-108.69535723035,1,2,0,0,1,1
35406,['Amethyst'],USA,33.4301,-107.74841,1,2,0,0,1,1
35402,['Amethyst'],USA,33.475328177783,-107.74588011416,1,2,0,0,1,1
3380,['Amethyst'],USA,32.7063888889,-110.683055556,1,2,0,0,1,1
51874,['Amethyst'],USA,42.1047222222,-70.9458333333,1,2,0,0,1,1
51875,['Amethyst'],USA,42.2416666667,-70.8902777778,1,2,0,0,1,1
52182,['Amethyst'],USA,42.3319444444,-73.0833333333,1,2,0,0,1,1
4129,['Amethyst'],USA,30.77799,-98.43311,1,2,0,0,1,1
46154,['Amethyst'],France,45.1677777778,3.57972222222,1,2,0,0,1,1
4574,['Amethyst'],USA,41.4772222222,-72.5125,1,2,0,0,1,1
54329,['Amethyst'],Austria,47.767358859838,13.103399276515,1,2,0,0,1,1
54406,['Amethyst'],UK,51.5230690027,-2.4238088968,1,2,0,0,1,1
54548,['Amethyst'],Austria,47.595335,13.342207,1,2,0,0,1,1
54879,['Amethyst'],Italy,42.352222222222,10.873611111111,1,2,0,0,1,1
55146,['Amethyst'],USA,39.9313888889,-76.1030555556,1,2,0,0,1,1
56032,['Amethyst'],USA,37.4488888889,-106.879444444,1,2,0,0,1,1
56037,['Amethyst'],USA,37.38039,-106.87115,1,2,0,0,1,1
19740,"['Amethyst', 'Emerald']",USA,35.91449,-81.072036,2,4,1,1,2,2
56120,['Amethyst'],Austria,47.035912032299,12.985217571259,1,2,0,0,1,1
56146,['Amethyst'],Austria,47.151610468823,12.138347625732,1,2,0,0,1,1
56147,['Amethyst'],Austria,47.161824251432,12.12278008461,1,2,0,0,1,1
56241,['Amethyst'],South Africa,-27.433055555556,32.066666666667,1,2,0,0,1,1
30450,['Amethyst'],Brazil,-29.55,-51.0666666667,1,2,0,0,1,1
2250,['Amethyst'],Madagascar,-19.435,46.4511111111,1,2,0,0,1,1
23574,['Amethyst'],Madagascar,-19.177222222222,46.548611111111,1,2,0,0,1,1
3062,['Amethyst'],South Africa,-29.128333,19.395833,1,2,0,0,1,1
53712,['Amethyst'],South Africa,-28.703532514618,20.960767418146,1,2,0,0,1,1
57297,['Amethyst'],South Africa,-28.66,20.4305555556,1,2,0,0,1,1
57298,['Amethyst'],South Africa,-28.970385,18.255966,1,2,0,0,1,1
56529,['Amethyst'],South Africa,-27.229299,22.992877,1,2,0,0,1,1
3071,['Amethyst'],South Africa,-27.113534617099,22.854394139019,1,2,0,0,1,1
57300,['Amethyst'],South Africa,-25.408857005861,28.282241821289,1,2,0,0,1,1
57301,['Amethyst'],South Africa,-25.8288888889,27.9733333333,1,2,0,0,1,1
57302,['Amethyst'],South Africa,-26.0432035222,27.976383392816,1,2,0,0,1,1
57422,['Amethyst'],Austria,47.035603,11.842186,1,2,0,0,1,1
57737,['Amethyst'],Austria,48.6483333333,15.8208333333,1,2,0,0,1,1
58570,['Amethyst'],Austria,47.0056815,11.6897941,1,2,0,0,1,1
58998,['Amethyst'],France,48.1818669,-4.551388,1,2,0,0,1,1
8191,['Amethyst'],USA,40.9352777778,-74.1966666667,1,2,0,0,1,1
59885,['Amethyst'],USA,33.8869444444,-82.8572222222,1,2,0,0,1,1
60586,['Amethyst'],Germany,49.54016522298,7.5615548618615,1,2,0,0,1,1
14043,['Amethyst'],Sweden,55.945795295434,12.958079337986,1,2,0,0,1,1
61719,['Amethyst'],Italy,46.963219,11.67297,1,2,0,0,1,1
61993,['Amethyst'],Sweden,56.166372,13.623951,1,2,0,0,1,1
63998,['Amethyst'],Hungary,47.909769390158,19.876799583435,1,2,0,0,1,1
2155,['Amethyst'],Italy,42.9219444444,10.9041666667,1,2,0,0,1,1
29880,['Amethyst'],USA,41.24989,-116.80095,1,2,0,0,1,1
60838,['Amethyst'],USA,37.71577,-117.75815,1,2,0,0,1,1
60672,['Amethyst'],USA,40.577476709981,-116.2722819606,1,2,0,0,1,1
3905,['Amethyst'],USA,41.2161111111,-117.256666667,1,2,0,0,1,1
63587,['Amethyst'],USA,40.193611111111,-117.32861111111,1,2,0,0,1,1
62061,['Amethyst'],USA,36.966911,-114.9761158,1,2,0,0,1,1
6986,['Amethyst'],USA,38.9505,-119.2705,1,2,0,0,1,1
39871,['Amethyst'],USA,38.316621052499,-118.19646416148,1,2,0,0,1,1
40420,['Amethyst'],USA,36.903042426214,-116.88492554327,1,2,0,0,1,1
64939,['Amethyst'],USA,40.6741666667,-118.47,1,2,0,0,1,1
63547,['Amethyst'],USA,41.160055322505,-119.45118042618,1,2,0,0,1,1
14195,['Amethyst'],USA,39.64849,-119.4177,1,2,0,0,1,1
65060,['Amethyst'],USA,45.8666666667,-112.356388889,1,2,0,0,1,1
65061,['Amethyst'],USA,45.7202777778,-121.703888889,1,2,0,0,1,1
65105,['Amethyst'],USA,45.878073060745,-112.36482706957,1,2,0,0,1,1
65113,['Amethyst'],USA,45.9105555556,-112.476111111,1,2,0,0,1,1
65369,['Amethyst'],USA,39.8794444444,-119.998611111,1,2,0,0,1,1
65675,['Amethyst'],USA,38.854043275909,-108.55560817984,1,2,0,0,1,1
65813,['Amethyst'],Hungary,47.865983170432,19.872379302979,1,2,0,0,1,1
65990,['Amethyst'],Hungary,48.511543156943,21.392977237701,1,2,0,0,1,1
66021,['Amethyst'],Switzerland,46.7003322,8.7619932,1,2,0,0,1,1
66727,['Amethyst'],Hungary,48.4996553192,21.400423049927,1,2,0,0,1,1
66765,['Amethyst'],UK,56.363637195553,-3.083768931778,1,2,0,0,1,1
67300,['Amethyst'],Germany,48.6533333333,13.1516666667,1,2,0,0,1,1
61648,['Amethyst'],Austria,47.245,15.7886111111,1,2,0,0,1,1
61907,['Amethyst'],Germany,49.0281374,12.2965129,1,2,0,0,1,1
67567,['Amethyst'],Germany,49.03034761,12.2992165,1,2,0,0,1,1
28984,['Amethyst'],Italy,46.077096077045,10.501356840068,1,2,0,0,1,1
3611,['Amethyst'],USA,38.7466555,-105.1783149,1,2,0,0,1,1
13862,['Amethyst'],Germany,50.9308,13.3799,1,2,0,0,1,1
67971,['Amethyst'],Germany,50.933055555556,13.861388888889,1,2,0,0,1,1
67972,['Amethyst'],Germany,51.0177777778,12.6047222222,1,2,0,0,1,1
67978,['Amethyst'],Germany,51.1374,12.98932,1,2,0,0,1,1
67979,['Amethyst'],Germany,51.051430635181,12.79932975769,1,2,0,0,1,1
67969,['Amethyst'],Germany,50.6561111111,13.0672222222,1,2,0,0,1,1
67987,['Amethyst'],Germany,50.6425,13.4738888889,1,2,0,0,1,1
67988,['Amethyst'],Germany,50.62592,12.94575,1,2,0,0,1,1
68009,['Amethyst'],Germany,54.38017,13.70331,1,2,0,0,1,1
68019,['Amethyst'],Germany,51.71478,13.97479,1,2,0,0,1,1
68020,['Amethyst'],Germany,51.58821,13.91079,1,2,0,0,1,1
68473,['Amethyst'],USA,41.7838888889,-71.4108333333,1,2,0,0,1,1
68748,['Amethyst'],Germany,54.92827,8.358285,1,2,0,0,1,1
69143,['Amethyst'],Namibia,-23.258183,16.077313,1,2,0,0,1,1
15677,['Amethyst'],New Zealand,-37.3888888889,175.841666667,1,2,0,0,1,1
69386,['Amethyst'],USA,39.9003875,-75.6257656,1,2,0,0,1,1
69387,['Amethyst'],USA,40.162603586157,-75.465109518724,1,2,0,0,1,1
50055,['Amethyst'],USA,39.9386111111,-75.3713888889,1,2,0,0,1,1
1287,['Amethyst'],UK,50.1358333333,-5.68638888889,1,2,0,0,1,1
69587,['Amethyst'],USA,35.458333333333,-81.116944444444,1,2,0,0,1,1
2418,['Amethyst'],Namibia,-21.8583333333,15.0527777778,1,2,0,0,1,1
71154,['Amethyst'],USA,33.54166793823242,-83.07111358642578,1,2,0,0,1,1
72430,['Amethyst'],USA,41.2833333333,-72.8705555556,1,2,0,0,1,1
5942,['Amethyst'],USA,44.0722222222,-71.0736111111,1,2,0,0,1,1
24581,['Amethyst'],USA,44.6541666667,-71.5586111111,1,2,0,0,1,1
72619,['Amethyst'],USA,33.781274573578,-84.540165019785,1,2,0,0,1,1
72629,['Amethyst'],USA,34.3876013,-83.6662854,1,2,0,0,1,1
71046,['Amethyst'],USA,33.18805694580078,-83.6441650390625,1,2,0,0,1,1
72632,['Amethyst'],USA,33.565168277837,-82.464019744707,1,2,0,0,1,1
72633,['Amethyst'],USA,33.510391289459,-82.444307211904,1,2,0,0,1,1
72653,['Amethyst'],USA,34.514204729433,-83.740306442546,1,2,0,0,1,1
72654,['Amethyst'],USA,34.7197649,-83.717936,1,2,0,0,1,1
72655,['Amethyst'],USA,33.6723506,-82.8612563,1,2,0,0,1,1
72657,['Amethyst'],USA,33.8677941,-82.741682048639,1,2,0,0,1,1
72658,['Amethyst'],USA,33.8677941,-82.741682048639,1,2,0,0,1,1
23952,['Amethyst'],USA,34.4183333333,-84.3827777778,1,2,0,0,1,1
18459,['Amethyst'],Czech Republic,49.659822226415,18.153136968613,1,2,0,0,1,1
82927,['Amethyst'],USA,41.9658333333,-120.191388889,1,2,0,0,1,1
82943,['Amethyst'],USA,41.9483333333,-120.208888889,1,2,0,0,1,1
98705,['Amethyst'],Germany,48.646106,13.176091,1,2,0,0,1,1
98800,['Amethyst'],USA,34.2933349609375,-82.59083557128906,1,2,0,0,1,1
105490,['Amethyst'],Australia,-29.2105555556,151.552777778,1,2,0,0,1,1
8742,['Amethyst'],USA,39.690544783885,-113.09326292388,1,2,0,0,1,1
12630,['Amethyst'],Slovakia,48.4538888889,18.7791666667,1,2,0,0,1,1
12434,['Amethyst'],Czech Republic,50.7683333333,15.4444444444,1,2,0,0,1,1
23191,['Amethyst'],Czech Republic,49.810489220888,13.705637454987,1,2,0,0,1,1
105790,['Amethyst'],Germany,53.98738,9.225532,1,2,0,0,1,1
105815,['Amethyst'],Germany,53.985165238685,10.862388971044,1,2,0,0,1,1
105817,['Amethyst'],Germany,53.821834438527,10.59700006804,1,2,0,0,1,1
105820,['Amethyst'],Germany,53.530133760194,10.564481019974,1,2,0,0,1,1
105848,['Amethyst'],Italy,45.626763929755,7.9803651377546,1,2,0,0,1,1
105985,['Amethyst'],USA,41.5,-73.2344444444,1,2,0,0,1,1
24832,['Amethyst'],USA,36.0996703,-78.7756803,1,2,0,0,1,1
106570,['Amethyst'],USA,34.3552777778,-113.639444444,1,2,0,0,1,1
26828,"['Amethyst', 'Emerald']",USA,34.271441898947,-82.575024489975,2,4,1,1,2,2
126,['Amethyst'],Australia,-17.386763822239,131.11581797283,1,2,0,0,1,1
106778,['Amethyst'],Angola,-11.905833333333,22.921666666667,1,2,0,0,1,1
711,['Amethyst'],China,29.3333333333,113.5,1,2,0,0,1,1
65190,['Amethyst'],Hungary,48.349857229326,21.551656723022,1,2,0,0,1,1
107313,['Amethyst'],Germany,50.5719444444,12.6916666667,1,2,0,0,1,1
22975,['Amethyst'],USA,42.565187137448,-72.584312269661,1,2,0,0,1,1
23780,['Amethyst'],USA,40.9596718,-74.0742256,1,2,0,0,1,1
30144,['Amethyst'],USA,43.6847222222,-71.1172222222,1,2,0,0,1,1
107872,['Amethyst'],Norway,59.5591022314,10.1763302808,1,2,0,0,1,1
7741,['Amethyst'],USA,37.9980555556,-107.637777778,1,2,0,0,1,1
4102,['Amethyst'],USA,41.921943664551,-71.550003051758,1,2,0,0,1,1
2176,['Amethyst'],Japan,39.6313888889,140.416666667,1,2,0,0,1,1
6800,['Amethyst'],Japan,36.633055555556,139.43972222222,1,2,0,0,1,1
27803,['Amethyst'],Madagascar,-19.9427777778,46.8186111111,1,2,0,0,1,1
27797,['Amethyst'],Madagascar,-20.172938908843,47.012181650798,1,2,0,0,1,1
108892,['Amethyst'],Czech Republic,50.527342249905,15.320219993591,1,2,0,0,1,1
4216,['Amethyst'],USA,47.508826159627,-121.36778703326,1,2,0,0,1,1
109408,['Amethyst'],USA,37.9818072,-78.455844,1,2,0,0,1,1
4201,['Amethyst'],USA,37.3588888889,-77.9861111111,1,2,0,0,1,1
109413,['Amethyst'],USA,37.6679165,-79.1266943,1,2,0,0,1,1
103480,['Amethyst'],USA,37.038055419921875,-78.663330078125,1,2,0,0,1,1
103541,['Amethyst'],USA,38.454166412353516,-77.98332977294922,1,2,0,0,1,1
4561,['Amethyst'],USA,38.8403909,-77.4288769,1,2,0,0,1,1
10874,['Amethyst'],USA,38.08338,-77.78303,1,2,0,0,1,1
627,['Amethyst'],Canada,60.5177777778,-128.8775,1,2,0,0,1,1
116061,['Amethyst'],USA,37.845001220703,-106.96250152588,1,2,0,0,1,1
116077,['Amethyst'],USA,37.84611129760742,-106.96111297607422,1,2,0,0,1,1
116087,['Amethyst'],USA,37.87061,-106.92952,1,2,0,0,1,1
116092,['Amethyst'],USA,37.86722183227539,-106.92916870117188,1,2,0,0,1,1
116110,['Amethyst'],USA,37.864444732666,-106.91444396973,1,2,0,0,1,1
116125,['Amethyst'],USA,37.872501373291016,-106.93555450439453,1,2,0,0,1,1
27342,['Amethyst'],USA,43.7327777778,-103.888333333,1,2,0,0,1,1
122356,['Amethyst'],USA,43.739400379,-103.72019170105,1,2,0,0,1,1
122363,['Amethyst'],USA,44.1522606058,-103.469571114,1,2,0,0,1,1
122442,['Amethyst'],USA,39.8802777778,-119.998055556,1,2,0,0,1,1
122560,['Amethyst'],France,48.212995594319,7.3272586122104,1,2,0,0,1,1
122580,['Amethyst'],France,48.022286,6.785363,1,2,0,0,1,1
122583,['Amethyst'],France,47.990555555556,6.9044444444444,1,2,0,0,1,1
122586,['Amethyst'],France,48.000486726705,6.9454822090759,1,2,0,0,1,1
122616,['Amethyst'],France,47.921666666667,7.1258333333333,1,2,0,0,1,1
122667,['Amethyst'],Germany,50.034722222222,9.2819444444444,1,2,0,0,1,1
122676,['Amethyst'],France,47.882499694824,6.9549999237061,1,2,0,0,1,1
6087,['Amethyst'],USA,39.815240870533,-105.65583396042,1,2,0,0,1,1
15466,['Amethyst'],New Zealand,-36.54174640669,175.33896625286,1,2,0,0,1,1
123333,['Amethyst'],Austria,47.162568321721,12.121245861053,1,2,0,0,1,1
123358,['Amethyst'],Italy,46.944227043496,11.819121849451,1,2,0,0,1,1
123359,['Amethyst'],Italy,46.9496453,11.8749156,1,2,0,0,1,1
123360,['Amethyst'],Italy,47.010057066879,11.874044865835,1,2,0,0,1,1
123378,['Amethyst'],Italy,46.6842329,11.3101952,1,2,0,0,1,1
18377,['Amethyst'],Slovakia,48.9455555556,21.4380555556,1,2,0,0,1,1
18386,['Amethyst'],Slovakia,48.7122222222,18.9022222222,1,2,0,0,1,1
12670,['Amethyst'],Slovakia,49.0177777778,21.3405555556,1,2,0,0,1,1
123636,['Amethyst'],Italy,46.54097222,11.24854444,1,2,0,0,1,1
123637,['Amethyst'],Italy,46.52771389,11.26212222,1,2,0,0,1,1
123638,['Amethyst'],Italy,46.53527778,11.26583333,1,2,0,0,1,1
122505,['Amethyst'],Italy,46.49916667,11.64388889,1,2,0,0,1,1
123661,['Amethyst'],Italy,46.51462665,11.73954155,1,2,0,0,1,1
123667,['Amethyst'],Italy,46.4975672,11.653579,1,2,0,0,1,1
123668,['Amethyst'],Italy,46.500725398985,11.684060811931,1,2,0,0,1,1
123669,['Amethyst'],Italy,46.485894621359,11.699543611433,1,2,0,0,1,1
123670,['Amethyst'],Italy,46.4953446,11.7486236,1,2,0,0,1,1
123673,['Amethyst'],Italy,46.4700512,11.6910955,1,2,0,0,1,1
25776,['Amethyst'],Italy,46.432353870923,11.730093955994,1,2,0,0,1,1
123707,['Amethyst'],Slovakia,48.7102777778,19.2558333333,1,2,0,0,1,1
18425,['Amethyst'],Slovakia,48.6758333333,20.5413888889,1,2,0,0,1,1
125612,['Amethyst'],Australia,-21.622543,140.454777,1,2,0,0,1,1
125718,['Amethyst'],Czech Republic,49.9572222222,16.925,1,2,0,0,1,1
125735,['Amethyst'],Bolivia,-19.7316666667,-67.6777777778,1,2,0,0,1,1
12664,['Amethyst'],Slovakia,48.4288888889,18.6425,1,2,0,0,1,1
125952,['Amethyst'],Italy,46.439875,11.718856,1,2,0,0,1,1
125953,['Amethyst'],Italy,46.4449996,11.7453473,1,2,0,0,1,1
125954,['Amethyst'],Italy,46.453232655029,11.764147281647,1,2,0,0,1,1
125956,['Amethyst'],Italy,46.430444226813,11.84641061748,1,2,0,0,1,1
126142,['Amethyst'],Italy,45.8741666667,11.0130555556,1,2,0,0,1,1
126199,['Amethyst'],Slovakia,48.48281440559,18.861379889245,1,2,0,0,1,1
126258,['Amethyst'],Slovakia,48.5327777778,18.8133333333,1,2,0,0,1,1
123622,['Amethyst'],Slovakia,49.010751502434,20.286148667401,1,2,0,0,1,1
126429,['Amethyst'],Slovakia,48.5416666667,18.8438888889,1,2,0,0,1,1
5734,['Amethyst'],Pakistan,35.6408333333,75.3038888889,1,2,0,0,1,1
17166,['Amethyst'],USA,46.5377777778,-88.1711111111,1,2,0,0,1,1
10868,['Amethyst'],USA,45.7825,-87.864166666667,1,2,0,0,1,1
125886,['Amethyst'],USA,45.826666666667,-87.950277777778,1,2,0,0,1,1
123964,['Amethyst'],USA,46.4833333333,-89.92,1,2,0,0,1,1
124279,['Amethyst'],USA,46.1111111111,-88.3061111111,1,2,0,0,1,1
33354,['Amethyst'],USA,47.4027777778,-87.7116666667,1,2,0,0,1,1
125983,['Amethyst'],USA,47.473055555556,-87.801111111111,1,2,0,0,1,1
125661,['Amethyst'],USA,47.4707418,-88.0581603,1,2,0,0,1,1
125440,['Amethyst'],USA,47.3715859,-88.4201099,1,2,0,0,1,1
25257,['Amethyst'],USA,46.4472222222,-87.6416666667,1,2,0,0,1,1
125535,['Amethyst'],USA,41.953333333333,-83.274166666667,1,2,0,0,1,1
10965,['Amethyst'],USA,41.9605555556,-83.2577777778,1,2,0,0,1,1
105692,['Amethyst'],Spain,36.721944444444,-2.1930555555556,1,2,0,0,1,1
131314,['Amethyst'],Canada,48.3072222222,-89.6072222222,1,2,0,0,1,1
54994,['Amethyst'],Spain,41.8013888889,2.71527777778,1,2,0,0,1,1
121125,['Amethyst'],Poland,50.102193743841,19.576370722435,1,2,0,0,1,1
106058,['Amethyst'],Hungary,47.85,19.883055555556,1,2,0,0,1,1
131643,['Amethyst'],USA,32.9763888889,-110.344166667,1,2,0,0,1,1
131644,['Amethyst'],USA,32.9727777778,-110.348055556,1,2,0,0,1,1
52538,['Amethyst'],USA,32.9691666667,-110.3725,1,2,0,0,1,1
131645,['Amethyst'],USA,32.9633333333,-110.35,1,2,0,0,1,1
41597,['Amethyst'],USA,32.9391666667,-110.336666667,1,2,0,0,1,1
6066,['Amethyst'],USA,32.9058333333,-110.325277778,1,2,0,0,1,1
131712,['Amethyst'],USA,32.9663888889,-110.362777778,1,2,0,0,1,1
132577,['Amethyst'],Spain,38.011413698243,-4.8236836020216,1,2,0,0,1,1
132740,['Amethyst'],USA,34.1952777778,-111.246666667,1,2,0,0,1,1
133042,['Amethyst'],Kazakhstan,45.877777777778,73.546666666667,1,2,0,0,1,1
57730,['Amethyst'],Austria,47.02556,11.846219,1,2,0,0,1,1
133454,['Amethyst'],Czech Republic,50.59086582305,16.401472091675,1,2,0,0,1,1
133453,['Amethyst'],Czech Republic,50.6177897681,16.3700795174,1,2,0,0,1,1
133516,['Amethyst'],Switzerland,45.943055555556,7.0902777777778,1,2,0,0,1,1
133570,['Amethyst'],Germany,49.8272222222,7.56916666667,1,2,0,0,1,1
133761,['Amethyst'],Poland,50.077192914649,19.516271352275,1,2,0,0,1,1
42871,['Amethyst'],USA,33.2075,-111.183611111,1,2,0,0,1,1
134246,['Amethyst'],Canada,48.0780555556,-69.7555555556,1,2,0,0,1,1
134294,['Amethyst'],Pakistan,28.764722222222,65.083611111111,1,2,0,0,1,1
134663,['Amethyst'],USA,43.5519444444,-72.0822222222,1,2,0,0,1,1
134906,['Amethyst'],Poland,50.8188888889,15.6152777778,1,2,0,0,1,1
135042,['Amethyst'],France,47.9369444444,6.63861111111,1,2,0,0,1,1
135320,['Amethyst'],Uruguay,-30.746924394865,-56.183326165942,1,2,0,0,1,1
143272,['Amethyst'],New Zealand,-39.971134729122,176.91496575996,1,2,0,0,1,1
106938,['Amethyst'],Greece,41.1564794,26.2970763,1,2,0,0,1,1
8066,['Amethyst'],USA,44.3473561039,-114.070353012,1,2,0,0,1,1
144230,['Amethyst'],Norway,60.77817,10.65631,1,2,0,0,1,1
144264,['Amethyst'],USA,44.334123,-117.16969,1,2,0,0,1,1
144730,['Amethyst'],Czech Republic,50.5212034659,15.3317213058,1,2,0,0,1,1
8359,['Amethyst'],USA,40.6338888889,-74.445,1,2,0,0,1,1
146160,['Amethyst'],Madagascar,-14.7292137,49.4692093,1,2,0,0,1,1
69420,['Amethyst'],UK,50.1297222222,-5.68305555556,1,2,0,0,1,1
1304,['Amethyst'],UK,50.1322222222,-5.6875,1,2,0,0,1,1
332,['Amethyst'],Bolivia,-20.386147201369,-66.69920035795,1,2,0,0,1,1
146908,['Amethyst'],Norway,60.783437,11.3017075,1,2,0,0,1,1
147059,['Amethyst'],Brazil,-25.685,-54.4408333333,1,2,0,0,1,1
147065,['Amethyst'],Norway,59.775833333333,10.166111111111,1,2,0,0,1,1
153352,['Amethyst'],USA,43.5622222222,-122.632222222,1,2,0,0,1,1
156013,['Amethyst'],Norway,59.62358,10.196,1,2,0,0,1,1
156191,['Amethyst'],USA,39.8802777778,-119.998611111,1,2,0,0,1,1
156718,['Amethyst'],India,20.330542926019,73.889236450195,1,2,0,0,1,1
123052,['Amethyst'],Czech Republic,50.026143,12.667971,1,2,0,0,1,1
157550,['Amethyst'],USA,47.544322415182,-90.897960662842,1,2,0,0,1,1
157828,['Amethyst'],Argentina,-31.3166666667,-64.8166666667,1,2,0,0,1,1
157974,['Amethyst'],Namibia,-21.1205555556,14.2933333333,1,2,0,0,1,1
125387,['Amethyst'],Greece,38.080833,23.899722,1,2,0,0,1,1
158391,['Amethyst'],USA,37.32042,-78.4954,1,2,0,0,1,1
130978,['Amethyst'],USA,33.005840709891,-108.99179393572,1,2,0,0,1,1
126175,['Amethyst'],Australia,-34.04,137.616388889,1,2,0,0,1,1
11320,['Amethyst'],India,19.941764058748,73.736157417297,1,2,0,0,1,1
5988,['Amethyst'],USA,37.9333,-107.6573,1,2,0,0,1,1
117487,['Amethyst'],USA,37.9361111111,-107.656111111,1,2,0,0,1,1
117549,['Amethyst'],USA,37.936389923096,-107.66278076172,1,2,0,0,1,1
158948,['Amethyst'],USA,39.0402777778,-106.546944444,1,2,0,0,1,1
111735,['Amethyst'],USA,39.76583480835,-105.62666320801,1,2,0,0,1,1
72434,['Amethyst'],USA,39.7158333333,-105.611388889,1,2,0,0,1,1
3627,['Amethyst'],USA,39.5338888889,-106.392777778,1,2,0,0,1,1
72526,['Amethyst'],USA,39.008757495669,-105.33640304944,1,2,0,0,1,1
158976,['Amethyst'],USA,39.795708788349,-105.53039126454,1,2,0,0,1,1
114732,['Amethyst'],USA,39.852779388428,-105.30194091797,1,2,0,0,1,1
6282,['Amethyst'],USA,39.845,-105.280833333,1,2,0,0,1,1
158998,['Amethyst'],USA,40.753709018387,-105.67632447443,1,2,0,0,1,1
5785,['Amethyst'],USA,37.914165496826,-107.70249938965,1,2,0,0,1,1
7987,['Amethyst'],USA,38.0191666667,-107.642222222,1,2,0,0,1,1
27141,['Amethyst'],USA,39.108464977415,-106.56448807031,1,2,0,0,1,1
3675,['Amethyst'],USA,37.7869444444,-107.801944444,1,2,0,0,1,1
131325,['Amethyst'],USA,37.825622801336,-107.63111538186,1,2,0,0,1,1
3693,['Amethyst'],USA,37.9375,-107.811666667,1,2,0,0,1,1
21819,['Amethyst'],USA,38.9458333333,-105.288888889,1,2,0,0,1,1
159319,['Amethyst'],Italy,45.592805128832,11.266906126984,1,2,0,0,1,1
167670,['Amethyst'],Hungary,47.921116395843,19.87452507019,1,2,0,0,1,1
11157,['Amethyst'],USA,40.7091666667,-74.575,1,2,0,0,1,1
5492,['Amethyst'],Norway,58.6010004,7.9350591,1,2,0,0,1,1
158570,['Amethyst'],USA,38.525,-105.425,1,2,0,0,1,1
179957,['Amethyst'],Czech Republic,49.3591666667,16.4122222222,1,2,0,0,1,1
180780,['Amethyst'],DR Congo,-6.4297676,20.7965654,1,2,0,0,1,1
10338,['Amethyst'],USA,33.8733333333,-114.289722222,1,2,0,0,1,1
5892,['Amethyst'],Peru,-10.583671721437,-76.219689901549,1,2,0,0,1,1
185818,['Amethyst'],Peru,-13.4614169838,-75.5063312128,1,2,0,0,1,1
143905,['Amethyst'],China,42.25,118.575,1,2,0,0,1,1
187068,['Amethyst'],Czech Republic,49.772777777778,15.767222222222,1,2,0,0,1,1
34112,['Amethyst'],USA,31.3755555556,-111.1,1,2,0,0,1,1
34110,['Amethyst'],USA,31.3783333333,-111.091666667,1,2,0,0,1,1
34114,['Amethyst'],USA,31.3733333333,-111.083611111,1,2,0,0,1,1
34115,['Amethyst'],USA,31.3755555556,-111.09,1,2,0,0,1,1
187252,['Amethyst'],Slovenia,46.4080555556,15.4930555556,1,2,0,0,1,1
187397,['Amethyst'],Italy,44.175271310915,7.2825729524579,1,2,0,0,1,1
188301,['Amethyst'],Uruguay,-30.77793,-56.20932,1,2,0,0,1,1
188650,['Amethyst'],Switzerland,47.3664879,7.2271155999999,1,2,0,0,1,1
189646,['Amethyst'],UK,50.053563,-5.692225,1,2,0,0,1,1
1288,['Amethyst'],UK,50.1513888889,-5.68472222222,1,2,0,0,1,1
189670,['Amethyst'],Italy,43.075277777778,10.591111111111,1,2,0,0,1,1
107085,['Amethyst'],USA,33.8991666667,-111.786666667,1,2,0,0,1,1
975,['Amethyst'],UK,50.2175,-5.28055555556,1,2,0,0,1,1
189785,['Amethyst'],Poland,50.783542450571,16.033065418302,1,2,0,0,1,1
22507,['Amethyst'],USA,43.0747222222,-72.5086111111,1,2,0,0,1,1
61625,['Amethyst'],USA,42.0833333333,-71.4,1,2,0,0,1,1
60191,['Amethyst'],Italy,45.196977963596,7.2161293029785,1,2,0,0,1,1
190426,['Amethyst'],Germany,51.102444041927,12.705685991341,1,2,0,0,1,1
190946,['Amethyst'],Norway,70.51452,22.14111,1,2,0,0,1,1
190994,['Amethyst'],Chile,-26.024053,-70.3165,1,2,0,0,1,1
19023,['Amethyst'],India,28.9541666667,75.9166666667,1,2,0,0,1,1
990,['Amethyst'],UK,50.22816252829,-5.264197558429,1,2,0,0,1,1
945,['Amethyst'],UK,50.2427777778,-5.17555555556,1,2,0,0,1,1
9974,['Amethyst'],Norway,60.56107,11.14828,1,2,0,0,1,1
107843,['Amethyst'],Switzerland,46.506111977493,8.1229648584849,1,2,0,0,1,1
191636,['Amethyst'],Canada,48.6863888889,-88.6638888889,1,2,0,0,1,1
191788,['Amethyst'],Switzerland,46.48736,8.1363,1,2,0,0,1,1
191962,['Amethyst'],Canada,48.785002904622,-66.125463654335,1,2,0,0,1,1
192228,['Amethyst'],USA,44.235618698961,-70.986608450874,1,2,0,0,1,1
192403,['Amethyst'],Poland,51.046844224103,15.871209889045,1,2,0,0,1,1
206,['Amethyst'],Australia,-37.3469444444,142.051111111,1,2,0,0,1,1
192657,['Amethyst'],Brazil,-14.2598971,-42.5212869,1,2,0,0,1,1
29316,['Amethyst'],Switzerland,47.47446,8.03879,1,2,0,0,1,1
191469,['Amethyst'],Switzerland,46.50618336251,8.1851005556382,1,2,0,0,1,1
192979,['Amethyst'],Switzerland,46.5544168,8.2579923000001,1,2,0,0,1,1
34700,['Amethyst'],Switzerland,46.558683248959,8.7025022506714,1,2,0,0,1,1
29332,['Amethyst'],Switzerland,46.3205555556,8.15861111111,1,2,0,0,1,1
107785,['Amethyst'],Switzerland,46.3030555556,8.14055555556,1,2,0,0,1,1
193323,['Amethyst'],Norway,59.77189,10.16578,1,2,0,0,1,1
193332,['Amethyst'],Czech Republic,49.5441666667,17.9633333333,1,2,0,0,1,1
193345,['Amethyst'],Madagascar,-17.653333333333,48.517777777778,1,2,0,0,1,1
193397,['Amethyst'],USA,40.9541666667,-74.1713888889,1,2,0,0,1,1
28975,['Amethyst'],Canada,47.0347222222,-84.7858333333,1,2,0,0,1,1
171304,['Amethyst'],Namibia,-19.84413479575,14.128675460612,1,2,0,0,1,1
118934,['Amethyst'],USA,37.776390075683594,-107.61138916015625,1,2,0,0,1,1
187560,['Amethyst'],France,43.4306703922,6.82520672679,1,2,0,0,1,1
194880,['Amethyst'],Norway,59.8078466618,10.2938827222,1,2,0,0,1,1
194949,['Amethyst'],South Korea,34.845948067987,128.44098834137,1,2,0,0,1,1
195331,['Amethyst'],Norway,59.522033824,5.26274668157,1,2,0,0,1,1
195337,['Amethyst'],Norway,59.5136335,10.0878075,1,2,0,0,1,1
122872,['Amethyst'],Canada,64.0625,-139.43055555556,1,2,0,0,1,1
195461,['Amethyst'],Canada,63.863055555556,-138.91055555556,1,2,0,0,1,1
134291,['Amethyst'],USA,38.0106,-107.6519,1,2,0,0,1,1
199374,['Amethyst'],USA,59.1066666667,-154.878888889,1,2,0,0,1,1
199845,['Amethyst'],USA,55.2586111111,-160.341944444,1,2,0,0,1,1
199977,['Amethyst'],USA,55.1938888889,-160.553888889,1,2,0,0,1,1
203800,['Amethyst'],UK,54.875924554556,-3.9000161775407,1,2,0,0,1,1
203806,['Amethyst'],Germany,49.6377777778,7.19444444444,1,2,0,0,1,1
203843,['Amethyst'],Czech Republic,50.361652296797,17.120981216211,1,2,0,0,1,1
203860,['Amethyst'],Czech Republic,50.361990766937,16.917291260205,1,2,0,0,1,1
204011,['Amethyst'],South Africa,-25.301605,29.030539,1,2,0,0,1,1
204022,['Amethyst'],Czech Republic,49.5332304785,17.7621459961,1,2,0,0,1,1
204081,['Amethyst'],USA,39.902622,-75.622175,1,2,0,0,1,1
22358,['Amethyst'],USA,42.2833333333,-71.2333333333,1,2,0,0,1,1
204207,['Amethyst'],France,45.89706,0.80107899999996,1,2,0,0,1,1
204246,['Amethyst'],USA,40.013731918158,-75.205687025444,1,2,0,0,1,1
204379,['Amethyst'],Namibia,-21.398106025627,14.235328666982,1,2,0,0,1,1
204749,['Amethyst'],USA,41.8361111111,-72.9130555556,1,2,0,0,1,1
204369,['Amethyst'],Slovakia,48.4533333333,18.8775,1,2,0,0,1,1
205187,['Amethyst'],USA,34.2898295,-82.7109666,1,2,0,0,1,1
6035,['Amethyst'],USA,44.3508333333,-70.7822222222,1,2,0,0,1,1
205696,['Amethyst'],Canada,48.682420852868,-88.614084781638,1,2,0,0,1,1
205697,['Amethyst'],Canada,48.6783333333,-88.6763888889,1,2,0,0,1,1
205698,['Amethyst'],Canada,48.6969444444,-88.6586111111,1,2,0,0,1,1
205699,['Amethyst'],Canada,48.670785899763,-88.664474487305,1,2,0,0,1,1
206000,['Amethyst'],Armenia,41.035555555556,45.175277777778,1,2,0,0,1,1
206115,['Amethyst'],Canada,45.2011111111,-64.6186111111,1,2,0,0,1,1
206237,['Amethyst'],Russia,51.34249,139.245271,1,2,0,0,1,1
206253,['Amethyst'],Slovakia,48.4419444444,18.87,1,2,0,0,1,1
34724,['Amethyst'],UK,50.595,-4.08833333333,1,2,0,0,1,1
190655,['Amethyst'],Norway,59.74203,10.13239,1,2,0,0,1,1
1205,['Amethyst'],UK,50.36,-4.74444444444,1,2,0,0,1,1
35394,['Amethyst'],USA,33.5412,-107.5834,1,2,0,0,1,1
207149,['Amethyst'],UK,53.2713888889,-1.8725,1,2,0,0,1,1
207433,['Amethyst'],France,45.4683333333,3.4125,1,2,0,0,1,1
207459,['Amethyst'],France,45.5027777778,3.50722222222,1,2,0,0,1,1
4422,['Amethyst'],UK,50.6127777778,-3.3583333333299,1,2,0,0,1,1
207494,['Amethyst'],Morocco,29.881944444444,-7.6888888888889,1,2,0,0,1,1
207958,['Amethyst'],USA,35.7613888889,-115.907777778,1,2,0,0,1,1
207970,['Amethyst'],Egypt,23.9615,33.1313,1,2,0,0,1,1
57310,['Amethyst'],South Africa,-28.428333333333,20.314166666667,1,2,0,0,1,1
208011,['Amethyst'],Ukraine,44.560508845463,34.32703919263,1,2,0,0,1,1
208049,['Amethyst'],Russia,44.498055555556,33.488888888889,1,2,0,0,1,1
207903,['Amethyst'],Canada,45.0838888889,-77.8569444444,1,2,0,0,1,1
69419,['Amethyst'],UK,50.1301808873,-5.70149064083,1,2,0,0,1,1
10303,['Amethyst'],USA,40.8697222222,-74.1963888889,1,2,0,0,1,1
208256,['Amethyst'],Uruguay,-30.427308,-56.4712927,1,2,0,0,1,1
208792,['Amethyst'],Chile,-22.8,-69.3666666667,1,2,0,0,1,1
208856,['Amethyst'],Brazil,-27.3360931,-53.3451783,1,2,0,0,1,1
208914,['Amethyst'],Spain,39.4583333333,-6.33861111111,1,2,0,0,1,1
208891,['Amethyst'],Spain,39.38919424247,-6.3834285738267,1,2,0,0,1,1
1195,['Amethyst'],UK,50.3198033203,-4.81124283524,1,2,0,0,1,1
209595,['Amethyst'],UK,56.8833175289,-6.16678289961,1,2,0,0,1,1
209953,['Amethyst'],Belgium,50.2841841863,5.91407775879,1,2,0,0,1,1
179481,['Amethyst'],USA,41.1691666667,-74.0836111111,1,2,0,0,1,1
55821,['Amethyst'],India,19.8822222222,73.9411111111,1,2,0,0,1,1
187565,['Amethyst'],USA,45.923177,-112.415352,1,2,0,0,1,1
2428,['Amethyst'],Namibia,-19.227041244507,17.727642059326,1,2,0,0,1,1
57843,['Amethyst'],Austria,46.995755,11.689257,1,2,0,0,1,1
179952,['Amethyst'],Canada,48.0227777778,-84.7522222222,1,2,0,0,1,1
212438,['Amethyst'],Spain,41.0397222222,-0.714722222222,1,2,0,0,1,1
6096,['Amethyst'],USA,44.0438888889,-71.0905555556,1,2,0,0,1,1
4521,['Amethyst'],USA,42.950309862954,-72.486427169621,1,2,0,0,1,1
31337,['Amethyst'],USA,44.0558333333,-71.0666666667,1,2,0,0,1,1
8867,['Amethyst'],USA,41.4497222222,-73.1755555556,1,2,0,0,1,1
212905,['Amethyst'],Canada,48.6783333333,-88.6258333333,1,2,0,0,1,1
19090,['Amethyst'],Canada,48.1316666667,-89.3138888889,1,2,0,0,1,1
212908,['Amethyst'],Canada,48.3091666667,-89.6605555556,1,2,0,0,1,1
212910,['Amethyst'],Canada,48.239493700021,-89.913791394942,1,2,0,0,1,1
212913,['Amethyst'],Canada,48.26,-89.7863888889,1,2,0,0,1,1
212914,['Amethyst'],Canada,48.2811111111,-89.8530555556,1,2,0,0,1,1
212916,['Amethyst'],Canada,48.5477777778,-88.9161111111,1,2,0,0,1,1
212917,['Amethyst'],Canada,48.5144444444,-88.9780555556,1,2,0,0,1,1
212918,['Amethyst'],Canada,48.527025638292,-88.94275151756,1,2,0,0,1,1
212920,['Amethyst'],Canada,48.716185509273,-89.08670728514,1,2,0,0,1,1
205656,['Amethyst'],Canada,48.4691666667,-89.2872222222,1,2,0,0,1,1
212921,['Amethyst'],Canada,48.4772222222,-89.2075,1,2,0,0,1,1
212922,['Amethyst'],Canada,48.470545495338,-89.252392801894,1,2,0,0,1,1
212923,['Amethyst'],Canada,48.6805555556,-88.6727777778,1,2,0,0,1,1
212925,['Amethyst'],Canada,48.39553059536,-89.386930405259,1,2,0,0,1,1
212926,['Amethyst'],Canada,48.8622222222,-86.9797222222,1,2,0,0,1,1
212928,['Amethyst'],Canada,48.3133333333,-89.6652777778,1,2,0,0,1,1
8603,['Amethyst'],Canada,48.3194444444,-89.64,1,2,0,0,1,1
212930,['Amethyst'],Canada,48.3544444444,-89.4961111111,1,2,0,0,1,1
212931,['Amethyst'],Canada,48.3472222222,-89.5269444444,1,2,0,0,1,1
212932,['Amethyst'],Canada,48.3430555556,-89.6008333333,1,2,0,0,1,1
212933,['Amethyst'],Canada,48.3416666667,-89.6105555556,1,2,0,0,1,1
212934,['Amethyst'],Canada,48.3302777778,-89.5727777778,1,2,0,0,1,1
212935,['Amethyst'],Canada,48.3305555556,-89.4886111111,1,2,0,0,1,1
212940,['Amethyst'],Canada,48.283981231344,-89.934423782711,1,2,0,0,1,1
212962,['Amethyst'],Canada,48.466666666667,-89.183333333333,1,2,0,0,1,1
212972,['Amethyst'],Canada,48.5183333333,-89.1497222222,1,2,0,0,1,1
23704,['Amethyst'],USA,44.6097222222,-71.4091666667,1,2,0,0,1,1
5370,['Amethyst'],USA,41.5138888889,-73.2161111111,1,2,0,0,1,1
3703,['Amethyst'],USA,41.7263888889,-72.8247222222,1,2,0,0,1,1
24099,['Amethyst'],USA,41.4833333333,-73.2166666667,1,2,0,0,1,1
105643,['Amethyst'],USA,41.4569444444,-72.8230555556,1,2,0,0,1,1
213317,['Amethyst'],USA,41.8464872,-71.8875721,1,2,0,0,1,1
30832,['Amethyst'],USA,41.6841666667,-71.2686111111,1,2,0,0,1,1
213319,['Amethyst'],USA,41.7869444444,-71.6666666667,1,2,0,0,1,1
6739,['Amethyst'],USA,42.0125,-71.5388888889,1,2,0,0,1,1
24653,['Amethyst'],USA,41.8236111111,-71.4222222222,1,2,0,0,1,1
213323,['Amethyst'],USA,44.031826978516,-71.262517087439,1,2,0,0,1,1
213326,['Amethyst'],USA,44.5481155,-71.4546544,1,2,0,0,1,1
213328,['Amethyst'],USA,40.893879,-73.911549,1,2,0,0,1,1
122456,['Amethyst'],USA,39.7958333333,-119.976388889,1,2,0,0,1,1
40215,['Amethyst'],USA,38.5419444444,-117.0825,1,2,0,0,1,1
56589,"['Amethyst', 'Emerald']",Czech Republic,50.823467930572,15.335313863416,2,4,1,1,2,2
8403,['Amethyst'],USA,39.8151469948,-105.655734852,1,2,0,0,1,1
192756,"['Amethyst', 'Emerald']",Czech Republic,49.309374033845,14.196201677705,2,4,1,1,2,2
213981,['Amethyst'],Argentina,-35.476328332657,-69.585342407227,1,2,0,0,1,1
209093,['Amethyst'],Australia,-23.267201569,135.166155791,1,2,0,0,1,1
214762,['Amethyst'],Cambodia,13.9333333333,105.95,1,2,0,0,1,1
214763,['Amethyst'],Cambodia,12.9,105.983333333,1,2,0,0,1,1
31611,['Amethyst'],USA,38.7099896,-105.1399807,1,2,0,0,1,1
215247,['Amethyst'],Romania,46.597857149053,23.721586427631,1,2,0,0,1,1
209076,['Amethyst'],Australia,-29.1169444444,152.440277778,1,2,0,0,1,1
209096,['Amethyst'],Australia,-28.9242570477,152.222197973,1,2,0,0,1,1
131035,['Amethyst'],USA,33.1516666667,-111.226666667,1,2,0,0,1,1
215526,['Amethyst'],Greece,37.1638941,24.4373891,1,2,0,0,1,1
215635,['Amethyst'],USA,34.4897222222,-118.263888889,1,2,0,0,1,1
158624,['Amethyst'],USA,44.3686111111,-75.1883333333,1,2,0,0,1,1
216973,['Amethyst'],Australia,-22.790467975675,116.36376290199,1,2,0,0,1,1
144098,['Amethyst'],China,30.0838888889,114.934722222,1,2,0,0,1,1
131393,['Amethyst'],USA,45.683931361821,-121.73732851028,1,2,0,0,1,1
217216,['Amethyst'],France,45.732546153514,6.6458522026097,1,2,0,0,1,1
193500,['Amethyst'],New Zealand,-41.9461111111,173.517777778,1,2,0,0,1,1
45148,['Amethyst'],Romania,47.6316666667,24.0102777778,1,2,0,0,1,1
217513,['Amethyst'],Austria,46.9802777778,13.0513888889,1,2,0,0,1,1
217595,['Amethyst'],China,35.65457,119.32545,1,2,0,0,1,1
56008,['Amethyst'],Pakistan,28.5807325,65.4207071,1,2,0,0,1,1
155986,['Amethyst'],Mexico,19.715178007964,-97.066268920898,1,2,0,0,1,1
195687,['Amethyst'],Germany,50.636955345779,13.216810055343,1,2,0,0,1,1
217772,['Amethyst'],Kazakhstan,48.533333333333,67.166666666667,1,2,0,0,1,1
217856,['Amethyst'],Germany,47.680372222222,8.31995,1,2,0,0,1,1
2311,['Amethyst'],Mexico,28.598104782598,-105.88569005297,1,2,0,0,1,1
108033,['Amethyst'],Japan,34.7268,138.98887,1,2,0,0,1,1
87872,['Amethyst'],USA,36.3927777778,-120.657777778,1,2,0,0,1,1
57852,['Amethyst'],Austria,47.066888,11.995158,1,2,0,0,1,1
69231,['Amethyst'],USA,41.820521956378,-71.514622777038,1,2,0,0,1,1
219606,['Amethyst'],New Zealand,-43.5,171.63333129883,1,2,0,0,1,1
11538,['Amethyst'],Spain,37.633130165253,-3.6099100968401,1,2,0,0,1,1
220468,['Amethyst'],Pakistan,35.134,76.382,1,2,0,0,1,1
73984,['Amethyst'],USA,38.44215284151,-120.63082694367,1,2,0,0,1,1
220987,['Amethyst'],India,10.96449,77.890265,1,2,0,0,1,1
2471,['Amethyst'],Norway,58.597652415816,7.8575098514557,1,2,0,0,1,1
13871,['Amethyst'],Germany,50.663383333333,13.153358333333,1,2,0,0,1,1
155488,['Amethyst'],Austria,48.664414758718,15.483135759814,1,2,0,0,1,1
210669,['Amethyst'],Rwanda,-1.99194444444,29.6169444444,1,2,0,0,1,1
2824,['Amethyst'],Rwanda,-1.92138888889,29.6541666667,1,2,0,0,1,1
3571,['Amethyst'],USA,36.982591994623,-122.04829577025,1,2,0,0,1,1
204619,['Amethyst'],USA,42.2416666667,-72.6480555556,1,2,0,0,1,1
221467,['Amethyst'],Sweden,55.653865009429,13.386723518197,1,2,0,0,1,1
1269,['Amethyst'],UK,50.141399895965,-5.6896143971585,1,2,0,0,1,1
187058,['Amethyst'],Austria,47.102866141663,12.459021449176,1,2,0,0,1,1
221615,['Amethyst'],UK,50.1238532298,-5.70240155684,1,2,0,0,1,1
49716,['Amethyst'],Norway,58.49892,7.9511199999999,1,2,0,0,1,1
10377,['Amethyst'],USA,35.847665322825,-78.713842996012,1,2,0,0,1,1
23426,['Amethyst'],USA,35.4088888889,-80.5794444444,1,2,0,0,1,1
222544,['Amethyst'],Norway,63.0206977,7.9188549,1,2,0,0,1,1
32427,['Amethyst'],Norway,58.4983333333,7.9555555555601,1,2,0,0,1,1
88054,['Amethyst'],USA,35.7847222222,-115.935,1,2,0,0,1,1
4639,['Amethyst'],Russia,44.553169757467,135.58639526367,1,2,0,0,1,1
223190,['Amethyst'],Australia,-29.5672222222,152.318611111,1,2,0,0,1,1
18836,['Amethyst'],Australia,-24.6561111111,116.164444444,1,2,0,0,1,1
223727,['Amethyst'],USA,44.3752777778,-71.2797222222,1,2,0,0,1,1
41793,['Amethyst'],Austria,47.0369444444,12.9302777778,1,2,0,0,1,1
7934,['Amethyst'],Pakistan,28.8828072555,64.4054073334,1,2,0,0,1,1
224170,['Amethyst'],Canada,44.69,-66.82,1,2,0,0,1,1
224617,['Amethyst'],Ethiopia,9.0833333333333,36.55,1,2,0,0,1,1
224693,['Amethyst'],UK,51.3233333333,-2.87972222222,1,2,0,0,1,1
5471,['Amethyst'],Germany,50.6464714119,13.0869830539,1,2,0,0,1,1
208108,['Amethyst'],UK,50.149869091,-5.22271331607,1,2,0,0,1,1
225017,['Amethyst'],UK,51.326891064942,-2.7530260384083,1,2,0,0,1,1
155692,['Amethyst'],Czech Republic,50.1227128,12.8000425,1,2,0,0,1,1
225839,['Amethyst'],Czech Republic,49.94638,16.9330086,1,2,0,0,1,1
226303,['Amethyst'],Afghanistan,35.8333333333,70.1666666667,1,2,0,0,1,1
226408,['Amethyst'],Afghanistan,32.555,66.6655555556,1,2,0,0,1,1
3951,['Amethyst'],USA,40.5847222222,-74.5652777778,1,2,0,0,1,1
227644,['Amethyst'],Australia,-17.0333333333,131.283333333,1,2,0,0,1,1
69594,['Amethyst'],USA,43.345,-72.8827777778,1,2,0,0,1,1
31145,['Amethyst'],Myanmar,22.5633333333,96.1319444444,1,2,0,0,1,1
227840,['Amethyst'],Norway,59.814338,10.381213,1,2,0,0,1,1
32238,['Amethyst'],Norway,59.81111,10.29582,1,2,0,0,1,1
228117,['Amethyst'],Russia,65.0552,60.8471,1,2,0,0,1,1
72431,['Amethyst'],USA,41.2772222222,-72.8727777778,1,2,0,0,1,1
189747,['Amethyst'],USA,44.422282,-70.409234,1,2,0,0,1,1
166605,['Amethyst'],USA,40.00761,-75.19407,1,2,0,0,1,1
186578,['Amethyst'],China,41.9472222222,120.345277778,1,2,0,0,1,1
143923,['Amethyst'],China,41.9669444444,120.296944444,1,2,0,0,1,1
16906,['Amethyst'],Bulgaria,41.765130092342,24.80900644305,1,2,0,0,1,1
180012,['Amethyst'],Italy,45.72452,11.17939,1,2,0,0,1,1
3873,['Amethyst'],USA,46.0,-112.533333333,1,2,0,0,1,1
2153,['Amethyst'],Italy,42.813555555556,10.429530555556,1,2,0,0,1,1
20172,['Amethyst'],Austria,47.44941,14.46655,1,2,0,0,1,1
967,['Amethyst'],UK,50.3936111111,-4.8,1,2,0,0,1,1
186466,['Amethyst'],Mexico,29.16609,-104.13083,1,2,0,0,1,1
25123,['Amethyst'],Bulgaria,41.474502654229,25.521925358272,1,2,0,0,1,1
156891,['Amethyst'],Argentina,-46.6833333333,-70.2833333333,1,2,0,0,1,1
229684,['Amethyst'],Namibia,-20.045603,17.026718,1,2,0,0,1,1
229802,['Amethyst'],Russia,58.33099,125.1665605,1,2,0,0,1,1
23086,['Amethyst'],USA,41.468178681491,-72.731913973524,1,2,0,0,1,1
58920,['Amethyst'],France,45.07168600788,2.7200814714804,1,2,0,0,1,1
226128,['Amethyst'],China,41.9083333333,126.575,1,2,0,0,1,1
230312,['Amethyst'],France,45.4691666667,3.41027777778,1,2,0,0,1,1
230362,['Amethyst'],France,45.4533333333,3.43194444444,1,2,0,0,1,1
230454,['Amethyst'],France,46.4061111111,3.65,1,2,0,0,1,1
228253,['Amethyst'],USA,41.6775,-72.8433333333,1,2,0,0,1,1
230337,['Amethyst'],USA,41.4622222222,-72.2716666667,1,2,0,0,1,1
230616,['Amethyst'],Ireland,51.8944444444,-8.44416666667,1,2,0,0,1,1
230791,['Amethyst'],Norway,59.9666863,10.6757069,1,2,0,0,1,1
230834,['Amethyst'],Norway,60.24163,5.74434,1,2,0,0,1,1
29099,['Amethyst'],Canada,47.0141666667,-84.7525,1,2,0,0,1,1
57585,['Amethyst'],Austria,48.2627777778,14.4111111111,1,2,0,0,1,1
20216,['Amethyst'],Canada,45.3669444444,-64.3383333333,1,2,0,0,1,1
64660,['Amethyst'],China,43.610277777778,117.42722222222,1,2,0,0,1,1
3708,['Amethyst'],USA,41.5922222222,-72.5916666667,1,2,0,0,1,1
18428,['Amethyst'],Angola,-5.8680555555556,13.4325,1,2,0,0,1,1
231655,['Amethyst'],Germany,49.783924217733,8.0248253464402,1,2,0,0,1,1
189470,['Amethyst'],Spain,41.792997871192,2.7165462527832,1,2,0,0,1,1
204748,['Amethyst'],USA,41.8244444444,-72.8936111111,1,2,0,0,1,1
1266,['Amethyst'],UK,50.1188888889,-5.65444444444,1,2,0,0,1,1
123540,['Amethyst'],USA,41.5527777778,-72.8158333333,1,2,0,0,1,1
18334,['Amethyst'],Mexico,21.0,-101.26667022705078,1,2,0,0,1,1
17876,['Amethyst'],UK,54.919136821881,-3.6396848814891,1,2,0,0,1,1
233248,['Amethyst'],Australia,-37.9666666667,145.416666667,1,2,0,0,1,1
8857,['Amethyst'],USA,38.487121225039,-112.24742204916,1,2,0,0,1,1
105886,['Amethyst'],Australia,-31.9783333333,141.451666667,1,2,0,0,1,1
233814,['Amethyst'],Germany,49.437202777778,12.115697222222,1,2,0,0,1,1
14990,['Amethyst'],Germany,49.428319444444,12.134422222222,1,2,0,0,1,1
233899,['Amethyst'],Canada,58.478594244441,-131.43707160619,1,2,0,0,1,1
233991,['Amethyst'],Portugal,42.03,-8.15861111111,1,2,0,0,1,1
234000,['Amethyst'],India,20.5327777778,75.7502777778,1,2,0,0,1,1
234372,['Amethyst'],Namibia,-20.88717502349,14.805436466703,1,2,0,0,1,1
234432,['Amethyst'],Myanmar,22.2777777778,96.0730555556,1,2,0,0,1,1
234152,['Amethyst'],USA,41.7166666667,-72.7111111111,1,2,0,0,1,1
234839,['Amethyst'],India,17.413502,78.5287355,1,2,0,0,1,1
216299,['Amethyst'],Czech Republic,49.3325,16.7169444444,1,2,0,0,1,1
81008,['Amethyst'],USA,39.8541666667,-120.010555556,1,2,0,0,1,1
208063,['Amethyst'],Canada,45.057817,-78.237978,1,2,0,0,1,1
235083,['Amethyst'],USA,41.3019444444,-72.865,1,2,0,0,1,1
235209,['Amethyst'],USA,41.7083333333,-72.75,1,2,0,0,1,1
235211,['Amethyst'],USA,41.68690262411,-72.706554160315,1,2,0,0,1,1
16705,['Amethyst'],USA,42.253076609333,-72.633011443912,1,2,0,0,1,1
235439,['Amethyst'],USA,41.9925,-70.7263888889,1,2,0,0,1,1
235681,['Amethyst'],Australia,-29.1158333333,152.438055556,1,2,0,0,1,1
12675,['Amethyst'],Slovakia,48.5863888889,21.5475,1,2,0,0,1,1
235717,['Amethyst'],Slovakia,48.4908333333,19.2597222222,1,2,0,0,1,1
123599,['Amethyst'],Slovakia,48.4413888889,21.805,1,2,0,0,1,1
32163,['Amethyst'],USA,31.9344444444,-109.284444444,1,2,0,0,1,1
235961,['Amethyst'],Spain,41.810833333333,2.7211111111111,1,2,0,0,1,1
146189,['Amethyst'],Peru,-6.2293182,-77.8714631,1,2,0,0,1,1
65198,['Amethyst'],Spain,37.613888888889,-0.85111111111111,1,2,0,0,1,1
188532,['Amethyst'],USA,31.4147222222,-110.275833333,1,2,0,0,1,1
233281,['Amethyst'],Australia,-35.8213888889,137.259166667,1,2,0,0,1,1
236591,['Amethyst'],Namibia,-28.395019242797,19.596881154887,1,2,0,0,1,1
236598,['Amethyst'],Namibia,-28.864504,18.497814,1,2,0,0,1,1
235628,['Amethyst'],Namibia,-28.844959,18.861749,1,2,0,0,1,1
236599,['Amethyst'],Namibia,-28.825889,18.612359,1,2,0,0,1,1
236600,['Amethyst'],Namibia,-28.791172634541,18.836901853505,1,2,0,0,1,1
236601,['Amethyst'],Namibia,-28.832802,18.381741,1,2,0,0,1,1
236132,['Amethyst'],Canada,45.4066666667,-73.4827777778,1,2,0,0,1,1
45253,['Amethyst'],USA,33.38554,-114.98818,1,2,0,0,1,1
237037,['Amethyst'],Austria,48.5908333333,14.0380555556,1,2,0,0,1,1
18817,['Amethyst'],Australia,-29.1580555556,151.679722222,1,2,0,0,1,1
3354,['Amethyst'],USA,33.6477777778,-112.932222222,1,2,0,0,1,1
237344,['Amethyst'],Germany,51.5951779,10.78317865,1,2,0,0,1,1
237484,['Amethyst'],Poland,50.749924868417,16.132478713989,1,2,0,0,1,1
238029,['Amethyst'],USA,44.1661111111,-70.6822222222,1,2,0,0,1,1
238026,['Amethyst'],USA,44.1983333333,-70.815,1,2,0,0,1,1
2002,['Amethyst'],India,18.5666666667,73.9666666667,1,2,0,0,1,1
232110,['Amethyst'],USA,41.5516666667,-72.8286111111,1,2,0,0,1,1
21089,['Amethyst'],Mozambique,-15.7375,38.2527777778,1,2,0,0,1,1
238728,['Amethyst'],USA,41.9758333333,-72.1825,1,2,0,0,1,1
238731,['Amethyst'],USA,41.7277777778,-72.8033333333,1,2,0,0,1,1
2584,['Amethyst'],Portugal,38.7411111111,-7.39277777778,1,2,0,0,1,1
194261,['Amethyst'],Namibia,-23.2186111111,16.175,1,2,0,0,1,1
239024,['Amethyst'],Australia,-24.478490237592,116.46647949219,1,2,0,0,1,1
213733,['Amethyst'],France,45.6522222222,4.31527777778,1,2,0,0,1,1
239406,['Amethyst'],Austria,47.124008,12.4525794,1,2,0,0,1,1
41893,['Amethyst'],Austria,46.8575,13.442777777778,1,2,0,0,1,1
217916,['Amethyst'],Portugal,37.3166666667,-8.63333333333,1,2,0,0,1,1
9897,['Amethyst'],Uzbekistan,40.941666666667,70.116666666667,1,2,0,0,1,1
11533,['Amethyst'],Spain,37.608928025377,-0.85699081595521,1,2,0,0,1,1
13919,['Amethyst'],Norway,69.33336,29.354,1,2,0,0,1,1
18929,['Amethyst'],Bailiwick of Guernsey,49.4108333333,-2.37388888889,1,2,0,0,1,1
240766,['Amethyst'],UK,50.3161855284,-4.84896495958,1,2,0,0,1,1
240856,['Amethyst'],DR Congo,-11.6691666667,27.475,1,2,0,0,1,1
162134,['Amethyst'],USA,45.0561111111,-109.944722222,1,2,0,0,1,1
8299,['Amethyst'],Mexico,29.573065165109,-105.93586423266,1,2,0,0,1,1
1028,['Amethyst'],UK,50.4208333333,-4.67777777778,1,2,0,0,1,1
241453,['Amethyst'],Australia,-24.71110374915,116.383934021,1,2,0,0,1,1
1573,['Amethyst'],UK,51.4622015,-2.6180664999999,1,2,0,0,1,1
241935,['Amethyst'],Australia,-31.2122222222,141.471111111,1,2,0,0,1,1
21996,['Amethyst'],Italy,40.732835,8.659969,1,2,0,0,1,1
33819,['Amethyst'],Canada,45.2452777778,-64.4563888889,1,2,0,0,1,1
243071,['Amethyst'],Australia,-18.1147,128.4223,1,2,0,0,1,1
243548,['Amethyst'],USA,43.7336111111,-103.898055556,1,2,0,0,1,1
243634,['Amethyst'],Myanmar,22.9222222222,96.4922222222,1,2,0,0,1,1
24417,['Amethyst'],Canada,48.6652777778,-88.6602777778,1,2,0,0,1,1
26040,['Amethyst'],Myanmar,22.9088888889,96.3547222222,1,2,0,0,1,1
243874,['Amethyst'],Austria,47.0375,12.9305555556,1,2,0,0,1,1
232046,['Amethyst'],Canada,45.3652777778,-64.3866666667,1,2,0,0,1,1
224694,['Amethyst'],Norway,59.2532131257,10.2567552195,1,2,0,0,1,1
68445,['Amethyst'],USA,32.74956,-107.12502,1,2,0,0,1,1
245024,['Amethyst'],Egypt,26.522376,33.757256,1,2,0,0,1,1
193949,['Amethyst'],Zambia,-17.7013888889,26.8813888889,1,2,0,0,1,1
119041,['Amethyst'],USA,37.8305555556,-107.5375,1,2,0,0,1,1
10260,['Amethyst'],USA,31.9011111111,-109.815555556,1,2,0,0,1,1
3832,['Amethyst'],USA,42.2811111111,-72.7322222222,1,2,0,0,1,1
134746,['Amethyst'],Morocco,31.511388888889,-4.6061111111111,1,2,0,0,1,1
246009,['Amethyst'],USA,41.56,-72.795,1,2,0,0,1,1
109709,['Amethyst'],Spain,41.2813888889,-0.52055555555603,1,2,0,0,1,1
246045,['Amethyst'],Austria,48.58,15.8122222222,1,2,0,0,1,1
246677,['Amethyst'],Czech Republic,49.1319658,16.3439958,1,2,0,0,1,1
246928,['Amethyst'],Morocco,31.1572172,-7.4631539,1,2,0,0,1,1
34417,['Amethyst'],Brazil,-27.343657142622,-53.109090328217,1,2,0,0,1,1
4353,['Amethyst'],Zimbabwe,-16.695833333333,29.826111111111,1,2,0,0,1,1
39301,['Amethyst'],USA,39.703228797297,-113.14384233143,1,2,0,0,1,1
15814,['Amethyst'],Germany,50.649283610996,13.103192016688,1,2,0,0,1,1
247447,['Amethyst'],Slovakia,48.462442831985,18.782549500465,1,2,0,0,1,1
247653,['Amethyst'],New Zealand,-43.6605555556,172.655555556,1,2,0,0,1,1
247867,['Amethyst'],Canada,48.80520998885,-66.085005955816,1,2,0,0,1,1
65104,['Amethyst'],USA,45.8763888889,-112.333888889,1,2,0,0,1,1
248096,['Amethyst'],Austria,48.936011702361,15.232207775334,1,2,0,0,1,1
234153,['Amethyst'],USA,41.8112092,-72.9037126,1,2,0,0,1,1
58027,['Amethyst'],Austria,47.083333333333,12.65,1,2,0,0,1,1
248286,['Amethyst'],New Zealand,-42.0086111111,173.454166667,1,2,0,0,1,1
195660,['Amethyst'],Ukraine,47.7172222222,37.5761111111,1,2,0,0,1,1
248345,['Amethyst'],Ukraine,47.747583,37.676411,1,2,0,0,1,1
41882,['Amethyst'],Austria,47.016666666667,13.233333333333,1,2,0,0,1,1
131311,['Amethyst'],Canada,45.385,-64.0827777778,1,2,0,0,1,1
30762,['Amethyst'],Germany,51.024600435346,13.702783379447,1,2,0,0,1,1
23723,['Amethyst'],Tajikistan,40.6325,69.610555555556,1,2,0,0,1,1
2226,['Amethyst'],Kazakhstan,53.041000170109,63.068218231201,1,2,0,0,1,1
2230,['Amethyst'],Kazakhstan,52.990817253385,63.17205693086,1,2,0,0,1,1
249160,['Amethyst'],Norway,67.224807851188,15.382490158081,1,2,0,0,1,1
31191,['Amethyst'],Finland,61.815,21.7336,1,2,0,0,1,1
107350,['Amethyst'],Germany,50.406188888889,12.455180555556,1,2,0,0,1,1
249336,['Amethyst'],Austria,48.647492073922,15.800803184247,1,2,0,0,1,1
72924,['Amethyst'],Germany,50.5203499,12.6343899,1,2,0,0,1,1
249518,['Amethyst'],Romania,47.6933333333,23.5461111111,1,2,0,0,1,1
249846,['Amethyst'],Italy,40.6702777778,8.75916666667,1,2,0,0,1,1
187094,['Amethyst'],Germany,50.70291,12.50547,1,2,0,0,1,1
30373,['Amethyst'],Germany,50.879535433505,12.813567335965,1,2,0,0,1,1
249955,['Amethyst'],Romania,47.6175,23.7336111111,1,2,0,0,1,1
16858,['Amethyst'],Australia,-19.00452,143.560298,1,2,0,0,1,1
250468,['Amethyst'],Australia,-36.1877058671,146.472338781,1,2,0,0,1,1
222078,['Amethyst'],UK,50.3704160058,-4.80157504414,1,2,0,0,1,1
251291,['Amethyst'],Hungary,47.8805734,19.7971828,1,2,0,0,1,1
65066,['Amethyst'],Hungary,47.9,20.1,1,2,0,0,1,1
251322,['Amethyst'],USA,41.3155555556,-72.8672222222,1,2,0,0,1,1
251365,['Amethyst'],USA,37.759808,-78.8707518,1,2,0,0,1,1
251447,['Amethyst'],France,45.972867357665,6.9624137878418,1,2,0,0,1,1
21376,['Amethyst'],Italy,46.448386,11.734508,1,2,0,0,1,1
252740,['Amethyst'],Germany,51.45530389715,11.706204414804,1,2,0,0,1,1
252808,['Amethyst'],USA,41.4886111111,-73.2269444444,1,2,0,0,1,1
252893,['Amethyst'],Australia,-36.304437252187,146.51215445005,1,2,0,0,1,1
3042,['Amethyst'],UK,58.214795049096,-5.0501358114949,1,2,0,0,1,1
253068,['Amethyst'],USA,41.5439849,-73.2017801,1,2,0,0,1,1
2598,['Amethyst'],Romania,47.6638888889,23.8613888889,1,2,0,0,1,1
13462,['Amethyst'],Germany,50.959444444444,13.341666666667,1,2,0,0,1,1
9656,['Amethyst'],Mexico,24.604480918718,-101.42720056651,1,2,0,0,1,1
253858,['Amethyst'],Norway,59.7856355,10.4370455,1,2,0,0,1,1
254335,['Amethyst'],Canada,48.6913888889,-88.6930555556,1,2,0,0,1,1
254336,['Amethyst'],Canada,48.6288888889,-88.7130555556,1,2,0,0,1,1
254343,['Amethyst'],Canada,48.6880555556,-89.5802777778,1,2,0,0,1,1
254362,['Amethyst'],Canada,48.2475,-89.8866666667,1,2,0,0,1,1
254363,['Amethyst'],Canada,48.2488888889,-89.8675,1,2,0,0,1,1
212960,['Amethyst'],Canada,48.3047222222,-89.6583333333,1,2,0,0,1,1
254368,['Amethyst'],Canada,48.3188888889,-89.6583333333,1,2,0,0,1,1
254369,['Amethyst'],Canada,48.3258333333,-89.6402777778,1,2,0,0,1,1
254370,['Amethyst'],Canada,48.315,-89.6597222222,1,2,0,0,1,1
143791,['Amethyst'],Canada,48.3052777778,-89.6013888889,1,2,0,0,1,1
254619,['Amethyst'],Spain,36.8345975,-2.0314016,1,2,0,0,1,1
53522,['Amethyst'],Australia,-31.3861111111,141.398333333,1,2,0,0,1,1
254907,['Amethyst'],Canada,49.0272222222,-88.0461111111,1,2,0,0,1,1
255041,['Amethyst'],Austria,48.705572,14.893264,1,2,0,0,1,1
255479,['Amethyst'],Sweden,59.76236,13.4315,1,2,0,0,1,1
246030,['Amethyst'],Italy,40.7491666667,8.7177777777799,1,2,0,0,1,1
2407,['Amethyst'],Myanmar,22.9333333333,96.4966666667,1,2,0,0,1,1
1301,['Amethyst'],UK,50.131078471,-5.70155997402,1,2,0,0,1,1
255870,['Amethyst'],Germany,51.808349409823,10.720509852232,1,2,0,0,1,1
255880,['Amethyst'],Germany,51.758809218234,10.679219147653,1,2,0,0,1,1
256631,['Amethyst'],Austria,48.7113888889,15.5352777778,1,2,0,0,1,1
256799,['Amethyst'],USA,41.583446313811,-72.759318351746,1,2,0,0,1,1
27647,['Amethyst'],USA,47.535005253634,-121.45073120084,1,2,0,0,1,1
191637,['Amethyst'],Canada,48.620833333333,-88.971666666667,1,2,0,0,1,1
257755,['Amethyst'],Germany,51.56151,10.87707,1,2,0,0,1,1
257771,['Amethyst'],Australia,-36.3103448405,146.516328913,1,2,0,0,1,1
257965,['Amethyst'],USA,33.4602777778,-107.245555556,1,2,0,0,1,1
227041,['Amethyst'],Norway,59.729860034994,10.130552067482,1,2,0,0,1,1
232677,['Amethyst'],Greece,41.026686,25.733942,1,2,0,0,1,1
190335,['Amethyst'],Czech Republic,50.1197222222,12.7955555556,1,2,0,0,1,1
232658,['Amethyst'],Austria,47.1941666667,10.1213888889,1,2,0,0,1,1
8819,['Amethyst'],Canada,52.0966666667,-120.906111111,1,2,0,0,1,1
8522,['Amethyst'],Canada,49.4988888889,-76.1463888889,1,2,0,0,1,1
259410,['Amethyst'],Norway,62.85424,7.13755,1,2,0,0,1,1
259412,['Amethyst'],Norway,62.975,7.16136,1,2,0,0,1,1
259347,['Amethyst'],Madagascar,-18.32572878278,46.917273730164,1,2,0,0,1,1
257878,['Amethyst'],Australia,-33.2613888889,136.584722222,1,2,0,0,1,1
259473,['Amethyst'],Czech Republic,50.526727981154,15.495926141739,1,2,0,0,1,1
259540,['Amethyst'],USA,41.505042083053,-73.234219551086,1,2,0,0,1,1
259608,['Amethyst'],Norway,59.909265,10.274287,1,2,0,0,1,1
108606,['Amethyst'],Slovakia,48.456836369254,18.852517604828,1,2,0,0,1,1
238821,['Amethyst'],Slovakia,48.4677777778,18.8927777778,1,2,0,0,1,1
214580,['Amethyst'],France,43.4780050738,6.74499908997,1,2,0,0,1,1
261126,['Amethyst'],Zimbabwe,-18.47,26.8675,1,2,0,0,1,1
206252,['Amethyst'],Italy,46.445516208992,11.949005162121,1,2,0,0,1,1
262042,['Amethyst'],Czech Republic,49.452834784374,14.262056350708,1,2,0,0,1,1
56572,['Amethyst'],India,19.766388888889,74.476944444444,1,2,0,0,1,1
262528,['Amethyst'],Norway,60.47854,5.68636,1,2,0,0,1,1
262995,['Amethyst'],Australia,-16.4945376485,144.087697144,1,2,0,0,1,1
263157,['Amethyst'],Australia,-37.3631944,143.6718056,1,2,0,0,1,1
53677,['Amethyst'],Japan,38.0375,138.261111111,1,2,0,0,1,1
263356,['Amethyst'],Slovakia,48.47103,18.81404,1,2,0,0,1,1
263434,['Amethyst'],France,45.458964028003,3.4256892928667,1,2,0,0,1,1
226590,['Amethyst'],Afghanistan,32.8875,67.6888888889,1,2,0,0,1,1
127220,['Amethyst'],USA,47.468675,-88.0564022,1,2,0,0,1,1
263809,['Amethyst'],USA,43.7845279,-69.8025459,1,2,0,0,1,1
3792,"['Amethyst', 'Emerald']",USA,43.9275,-69.975833333333,2,4,1,1,2,2
264093,['Amethyst'],USA,35.696014404297,-79.703018188477,1,2,0,0,1,1
191504,['Amethyst'],France,47.7288888889,-3.46111111111,1,2,0,0,1,1
191890,['Amethyst'],USA,43.0861111111,-71.4777777778,1,2,0,0,1,1
264536,['Amethyst'],Italy,46.3347878,8.3797838,1,2,0,0,1,1
210949,['Amethyst'],Russia,55.0275,38.776666666667,1,2,0,0,1,1
264883,['Amethyst'],UK,50.1219444444,-5.69944444444,1,2,0,0,1,1
69454,['Amethyst'],Canada,45.396340559268,-64.200003012359,1,2,0,0,1,1
44024,['Amethyst'],Sri Lanka,6.9585606,80.1986649,1,2,0,0,1,1
265055,['Amethyst'],Norway,58.452471593311,8.7140626201294,1,2,0,0,1,1
100914,['Amethyst'],USA,35.6833333333,-80.7833333333,1,2,0,0,1,1
232045,['Amethyst'],Canada,45.251666666667,-65.005555555556,1,2,0,0,1,1
266128,['Amethyst'],Switzerland,46.531443227495,8.1746324301639,1,2,0,0,1,1
266142,['Amethyst'],Germany,49.8297222222,7.68111111111,1,2,0,0,1,1
156884,['Amethyst'],Canada,45.9297222222,-72.4088888889,1,2,0,0,1,1
20556,['Amethyst'],France,46.1508333333,4.5475,1,2,0,0,1,1
266693,['Amethyst'],Portugal,38.7730019,-9.4940111,1,2,0,0,1,1
157997,['Amethyst'],Germany,49.2188888889,8.02888888889,1,2,0,0,1,1
247676,['Amethyst'],Italy,43.087227,10.61196,1,2,0,0,1,1
266980,['Amethyst'],Turkey,39.414444444444,28.665555555556,1,2,0,0,1,1
55908,['Amethyst'],Italy,45.6993372,11.2763857,1,2,0,0,1,1
230050,['Amethyst'],USA,41.6655555556,-72.8313888889,1,2,0,0,1,1
56198,['Amethyst'],South Africa,-24.83971120089,27.749058084768,1,2,0,0,1,1
222793,['Amethyst'],USA,32.938562,-85.02145,1,2,0,0,1,1
267705,['Amethyst'],USA,47.258532,-120.895531,1,2,0,0,1,1
267697,['Amethyst'],USA,47.221011,-120.650819,1,2,0,0,1,1
10186,['Amethyst'],USA,34.34343,-84.33101,1,2,0,0,1,1
269533,['Amethyst'],Italy,46.4408515,11.6929143,1,2,0,0,1,1
269796,['Amethyst'],Norway,60.2690075,5.1022595,1,2,0,0,1,1
205033,['Amethyst'],Spain,36.835555555556,-2.0327777777778,1,2,0,0,1,1
11932,['Amethyst'],UK,50.2287339977,-5.20138262194,1,2,0,0,1,1
12014,['Amethyst'],Australia,-23.55,147.75,1,2,0,0,1,1
270482,['Amethyst'],Canada,66.8333333333,-108.033333333,1,2,0,0,1,1
22989,['Amethyst'],USA,42.3483333333,-73.0155555556,1,2,0,0,1,1
250213,['Amethyst'],USA,38.3116666667,-119.745833333,1,2,0,0,1,1
270837,['Amethyst'],Uruguay,-30.866961695276,-56.344823089783,1,2,0,0,1,1
270940,['Amethyst'],Indonesia,-2.69443326222,118.911209106,1,2,0,0,1,1
12883,['Amethyst'],France,47.9347222222,6.62222222222,1,2,0,0,1,1
228543,['Amethyst'],USA,41.6288888889,-72.8416666667,1,2,0,0,1,1
271181,['Amethyst'],USA,41.630712658589,-72.772408813509,1,2,0,0,1,1
271318,['Amethyst'],Czech Republic,49.3239467681,16.083484143,1,2,0,0,1,1
271647,['Amethyst'],Norway,62.90713,6.91403,1,2,0,0,1,1
271753,['Amethyst'],Canada,49.389873627299,-116.60130143166,1,2,0,0,1,1
155671,['Amethyst'],Papua New Guinea,-6.1084805882357,145.88686118518,1,2,0,0,1,1
11331,['Amethyst'],Ukraine,50.6155555556,28.3883333333,1,2,0,0,1,1
272030,['Amethyst'],Canada,48.699784189945,-88.656406402588,1,2,0,0,1,1
272248,['Amethyst'],Canada,48.4886111111,-89.16,1,2,0,0,1,1
253042,['Amethyst'],France,48.723611111111,-3.2586111111111,1,2,0,0,1,1
155821,['Amethyst'],Switzerland,46.310327708486,8.1670217511419,1,2,0,0,1,1
273458,['Amethyst'],Russia,59.675694325418,160.94842629968,1,2,0,0,1,1
88855,['Amethyst'],USA,35.7727777778,-115.813333333,1,2,0,0,1,1
41608,['Amethyst'],Greece,41.028242,25.726573,1,2,0,0,1,1
289876,['Amethyst'],USA,41.717998426791,-71.861830078133,1,2,0,0,1,1
273929,['Amethyst'],Australia,-21.077917049161,121.12800988922,1,2,0,0,1,1
73163,['Amethyst'],Italy,45.905919,8.878407,1,2,0,0,1,1
290523,['Amethyst'],Australia,-41.875173009702,148.30419697654,1,2,0,0,1,1
253228,['Amethyst'],France,43.4826010812,6.74437902868,1,2,0,0,1,1
290896,['Amethyst'],France,43.42670556,6.82562549,1,2,0,0,1,1
290897,['Amethyst'],France,43.432852297,6.7934865877,1,2,0,0,1,1
87986,['Amethyst'],USA,35.7627792358,-115.908332825,1,2,0,0,1,1
291480,['Amethyst'],Poland,50.810951714749,15.524666766169,1,2,0,0,1,1
291490,['Amethyst'],Germany,52.176016071,11.438084364,1,2,0,0,1,1
291652,['Amethyst'],Zambia,-15.883055555556,29.05,1,2,0,0,1,1
291676,['Amethyst'],Thailand,9.73055555556,100.014166667,1,2,0,0,1,1
291861,['Amethyst'],USA,37.67923,-90.90123,1,2,0,0,1,1
292033,['Amethyst'],Germany,49.590555555556,7.8322222222222,1,2,0,0,1,1
292168,['Amethyst'],USA,37.71478,-91.6032,1,2,0,0,1,1
292576,['Amethyst'],Austria,48.8830555556,15.5194444444,1,2,0,0,1,1
1181,['Amethyst'],UK,50.3233333333,-4.8569444444399,1,2,0,0,1,1
292793,['Amethyst'],USA,44.8286111111,-110.254166667,1,2,0,0,1,1
292629,['Amethyst'],France,47.2385493,-1.6986395,1,2,0,0,1,1
293098,['Amethyst'],UK,53.138172571611,-1.6093254089355,1,2,0,0,1,1
940,['Amethyst'],UK,50.2327777778,-5.21,1,2,0,0,1,1
294394,['Amethyst'],Australia,-18.4635234115,133.869697845,1,2,0,0,1,1
257211,['Amethyst'],Australia,-23.0744049196,134.933522343,1,2,0,0,1,1
257213,['Amethyst'],Australia,-23.0830555556,134.9475,1,2,0,0,1,1
257215,['Amethyst'],Australia,-23.0753545236,134.938381111,1,2,0,0,1,1
257212,['Amethyst'],Australia,-23.0773144974,134.936122615,1,2,0,0,1,1
257214,['Amethyst'],Australia,-23.0704619826,134.938522767,1,2,0,0,1,1
21250,['Amethyst'],Canada,45.1594444444,-77.8280555556,1,2,0,0,1,1
295059,['Amethyst'],USA,47.4749047,-87.8831638,1,2,0,0,1,1
25830,['Amethyst'],Italy,45.3404909,11.6489326,1,2,0,0,1,1
295592,['Amethyst'],Italy,42.8661111111,10.475,1,2,0,0,1,1
295713,['Amethyst'],Australia,-22.4961196208,135.028963128,1,2,0,0,1,1
295922,['Amethyst'],South Africa,-28.91325438873,18.213272094727,1,2,0,0,1,1
224174,['Amethyst'],Canada,44.7997222222,-66.7836111111,1,2,0,0,1,1
224176,['Amethyst'],Canada,44.7794444444,-66.7638888889,1,2,0,0,1,1
224172,['Amethyst'],Canada,44.7891666667,-66.7694444444,1,2,0,0,1,1
296728,['Amethyst'],Japan,37.349554,139.315957,1,2,0,0,1,1
296767,['Amethyst'],USA,33.000860703359,-108.99757385517,1,2,0,0,1,1
35212,['Amethyst'],USA,32.75844,-108.29229,1,2,0,0,1,1
297785,['Amethyst'],Canada,59.587949616885,-108.3809358651,1,2,0,0,1,1
297777,['Amethyst'],USA,38.302777777778,-113.59916666667,1,2,0,0,1,1
239064,['Amethyst'],Switzerland,46.693125,8.694155,1,2,0,0,1,1
298205,['Amethyst'],New Zealand,-43.618782672631,171.37435821595,1,2,0,0,1,1
15456,['Amethyst'],New Zealand,-43.774,172.925,1,2,0,0,1,1
2652,['Amethyst'],Russia,55.4666666667,158.0,1,2,0,0,1,1
32535,['Amethyst'],Germany,47.668219649377,8.1170528712612,1,2,0,0,1,1
299188,['Amethyst'],UK,54.923998519674,-3.6860408047587,1,2,0,0,1,1
299203,['Amethyst'],UK,54.971995998285,-3.6255486180218,1,2,0,0,1,1
299204,['Amethyst'],UK,54.773799409861,-3.9598142636619,1,2,0,0,1,1
299915,['Amethyst'],France,48.800644991895,-3.5740756988525,1,2,0,0,1,1
15414,['Amethyst'],New Zealand,-37.120383280794,175.63009452819,1,2,0,0,1,1
233436,['Amethyst'],USA,35.238249844383,-83.405628179301,1,2,0,0,1,1
300129,['Amethyst'],Namibia,-20.022468,17.208787,1,2,0,0,1,1
300130,['Amethyst'],Namibia,-20.111091,17.169742,1,2,0,0,1,1
300131,['Amethyst'],Namibia,-20.031701,17.030863,1,2,0,0,1,1
300133,['Amethyst'],Namibia,-20.029861,17.033204,1,2,0,0,1,1
300134,['Amethyst'],Namibia,-20.037629,17.026972,1,2,0,0,1,1
224388,['Amethyst'],Namibia,-20.048965,17.046246,1,2,0,0,1,1
300135,['Amethyst'],Namibia,-20.102336,17.049422,1,2,0,0,1,1
300178,['Amethyst'],Italy,44.328560597524,11.481785535798,1,2,0,0,1,1
299455,['Amethyst'],New Zealand,-41.0718901,175.9413884,1,2,0,0,1,1
300469,['Amethyst'],Italy,45.286558393777,11.67467835247,1,2,0,0,1,1
125596,['Amethyst'],France,46.94146832678,4.0465700988477,1,2,0,0,1,1
23056,['Amethyst'],Austria,46.837003702805,15.924575328827,1,2,0,0,1,1
69164,['Amethyst'],New Zealand,-37.392243124358,175.8622004877,1,2,0,0,1,1
301064,['Amethyst'],New Zealand,-37.384531650292,175.85814238011,1,2,0,0,1,1
15575,['Amethyst'],New Zealand,-36.715954863576,175.51624983034,1,2,0,0,1,1
4310,['Amethyst'],DR Congo,-10.881288888889,26.600013888889,1,2,0,0,1,1
301314,['Amethyst'],Italy,45.278611111111,11.653611111111,1,2,0,0,1,1
35145,['Amethyst'],USA,32.816784919114,-108.97941547036,1,2,0,0,1,1
236435,['Amethyst'],Australia,-37.3469444444,142.052222222,1,2,0,0,1,1
301951,['Amethyst'],Australia,-24.477727944148,116.5029362146,1,2,0,0,1,1
302193,['Amethyst'],UK,56.3048231,-3.3392267,1,2,0,0,1,1
302829,['Amethyst'],USA,47.459335500727,-88.150160908699,1,2,0,0,1,1
247360,['Amethyst'],Australia,-21.3164430103,140.533633278,1,2,0,0,1,1
34718,['Amethyst'],UK,50.4925,-3.8075,1,2,0,0,1,1
303506,['Amethyst'],Spain,42.3517515,-8.3874069,1,2,0,0,1,1
303507,['Amethyst'],Spain,42.973620736137,-8.615832567084,1,2,0,0,1,1
155699,['Amethyst'],Canada,47.6930555556,-53.9313888889,1,2,0,0,1,1
213264,['Amethyst'],USA,47.382007313308,-121.50608069598,1,2,0,0,1,1
7020,['Amethyst'],Italy,44.3597222222,9.45,1,2,0,0,1,1
304893,['Amethyst'],Norway,62.878999,6.9451862999999,1,2,0,0,1,1
304894,['Amethyst'],Norway,62.95391,7.09501,1,2,0,0,1,1
281236,['Amethyst'],France,48.175489,-4.546865,1,2,0,0,1,1
206656,['Amethyst'],Russia,54.956944444444,38.183333333333,1,2,0,0,1,1
305364,['Amethyst'],France,45.341666666667,2.7574999999999,1,2,0,0,1,1
305324,['Amethyst'],USA,46.315780153751,-123.16761894974,1,2,0,0,1,1
305508,['Amethyst'],France,45.485,3.3447222222222,1,2,0,0,1,1
305558,['Amethyst'],France,45.828422,3.3795279999999,1,2,0,0,1,1
305613,['Amethyst'],France,45.7036834,3.0558911,1,2,0,0,1,1
59777,['Amethyst'],France,46.946604207855,4.0556352464124,1,2,0,0,1,1
23962,['Amethyst'],USA,39.31129,-119.64767,1,2,0,0,1,1
305873,['Amethyst'],Austria,48.832222222222,15.713055555556,1,2,0,0,1,1
158126,['Amethyst'],Madagascar,-24.3333333333,46.7,1,2,0,0,1,1
1732,['Amethyst'],France,45.9659401,3.7100511,1,2,0,0,1,1
46749,['Amethyst'],Austria,46.9344444444,14.5611111111,1,2,0,0,1,1
25931,['Amethyst'],Germany,49.7113888889,7.31305555556,1,2,0,0,1,1
307092,['Amethyst'],Mexico,27.342886531645,-108.3627339681,1,2,0,0,1,1
61644,['Amethyst'],Sweden,55.70152,13.292779,1,2,0,0,1,1
245166,['Amethyst'],Portugal,40.441688008734,-7.3019496259414,1,2,0,0,1,1
307592,['Amethyst'],USA,45.6962,-122.21701,1,2,0,0,1,1
2308,['Amethyst'],Mexico,27.85,-105.5,1,2,0,0,1,1
308039,['Amethyst'],Brazil,-9.966499,-41.803262,1,2,0,0,1,1
250513,['Amethyst'],Russia,66.781218939536,169.54200755119,1,2,0,0,1,1
69697,['Amethyst'],Czech Republic,50.413854,13.085176,1,2,0,0,1,1
309472,['Amethyst'],Greece,39.310748324284,26.221080961441,1,2,0,0,1,1
255203,['Amethyst'],Greece,41.016666666667,25.766666666667,1,2,0,0,1,1
309484,['Amethyst'],France,48.55536,-3.443262,1,2,0,0,1,1
55618,['Amethyst'],Peru,-14.234691280067,-70.321280428602,1,2,0,0,1,1
310490,['Amethyst'],Poland,50.557662943527,16.435353755951,1,2,0,0,1,1
310551,['Amethyst'],Czech Republic,49.556008395449,17.770128250122,1,2,0,0,1,1
30926,['Amethyst'],Brazil,-5.4984027777778,-39.321080555556,1,2,0,0,1,1
284642,['Amethyst'],Brazil,-29.2360837,-51.869606,1,2,0,0,1,1
310765,['Amethyst'],Brazil,-28.7245183,-52.8444231,1,2,0,0,1,1
233594,['Amethyst'],Brazil,-28.8304006,-52.5120619,1,2,0,0,1,1
310766,['Amethyst'],Brazil,-28.6583059,-56.0041451,1,2,0,0,1,1
191528,['Amethyst'],Chile,-24.410068890748,-69.495947907819,1,2,0,0,1,1
234366,['Amethyst'],Norway,59.566549497354,10.260212927478,1,2,0,0,1,1
311723,['Amethyst'],Turkmenistan,41.220833333333,55.078055555556,1,2,0,0,1,1
311878,['Amethyst'],Norway,59.82601,10.17309,1,2,0,0,1,1
311884,['Amethyst'],Norway,63.27215,8.46716,1,2,0,0,1,1
311886,['Amethyst'],Norway,62.845,6.7711111111111,1,2,0,0,1,1
232082,['Amethyst'],Uruguay,-30.6070012,-56.3248873,1,2,0,0,1,1
210661,['Amethyst'],Tanzania,-7.0244444444444,36.7,1,2,0,0,1,1
312157,['Amethyst'],Czech Republic,50.408353428289,13.19853079071,1,2,0,0,1,1
2552,['Amethyst'],Peru,-13.191769,-75.14341,1,2,0,0,1,1
293990,['Amethyst'],Zimbabwe,-17.485,29.788888888889,1,2,0,0,1,1
229595,['Amethyst'],Argentina,-28.4700004,-65.6355522,1,2,0,0,1,1
25367,['Amethyst'],USA,44.2069444444,-75.305,1,2,0,0,1,1
333488,['Amethyst'],Italy,39.122566223145,8.7780246734619,1,2,0,0,1,1
333818,['Amethyst'],India,22.084685506252,75.46689051326,1,2,0,0,1,1
239890,['Amethyst'],Russia,55.35404991894,36.149353981018,1,2,0,0,1,1
396,['Amethyst'],Brazil,-18.2458333333,-43.6,1,2,0,0,1,1
1017,['Amethyst'],UK,50.068947078418,-5.7169728565067,1,2,0,0,1,1
2879,['Amethyst'],UK,57.116392860555,-3.6450576782227,1,2,0,0,1,1
335852,['Amethyst'],USA,39.392411669353,-76.806932948151,1,2,0,0,1,1
3296,['Amethyst'],USA,31.45,-109.95,1,2,0,0,1,1
8991,['Amethyst'],Australia,-34.6542289937,150.839746301,1,2,0,0,1,1
525,['Amethyst'],Canada,45.1516666667,-64.8113888889,1,2,0,0,1,1
190404,['Amethyst'],Czech Republic,50.137522367159,12.729396950293,1,2,0,0,1,1
15442,['Amethyst'],New Zealand,-41.145308514086,175.9038901063,1,2,0,0,1,1
2105,['Amethyst'],Italy,45.513041666667,7.7572277777778,1,2,0,0,1,1
342081,['Amethyst'],Denmark,65.990094214241,-37.059628721762,1,2,0,0,1,1
290592,['Amethyst'],Belgium,50.304527001433,4.7695255279541,1,2,0,0,1,1
16778,['Amethyst'],Mexico,27.851717362872,-105.49718821709,1,2,0,0,1,1
227881,['Amethyst'],Australia,-34.51923114,150.789338219,1,2,0,0,1,1
125949,['Amethyst'],Slovakia,48.71602556659,19.898085594177,1,2,0,0,1,1
34976,['Amethyst'],Argentina,-48.6930555556,-69.6986111111,1,2,0,0,1,1
23015,['Amethyst'],USA,32.7119444444,-111.8175,1,2,0,0,1,1
361102,['Amethyst'],USA,33.49231,-105.81445,1,2,0,0,1,1
361103,['Amethyst'],USA,33.49591,-105.80805,1,2,0,0,1,1
303751,['Amethyst'],USA,45.993855929194,-112.35253559102,1,2,0,0,1,1
388767,['Amethyst'],Australia,-36.303881065122,146.52426920962,1,2,0,0,1,1
134627,['Amethyst'],USA,37.7922222222,-107.609166667,1,2,0,0,1,1
49003,['Amethyst'],USA,33.36204,-107.89394,1,2,0,0,1,1
132343,['Amethyst'],Hungary,47.909200776067,19.877947818002,1,2,0,0,1,1
213556,['Amethyst'],Morocco,31.1002777778,-7.3175,1,2,0,0,1,1
399660,['Amethyst'],Spain,36.813888888889,-2.0513888888889,1,2,0,0,1,1
401236,['Amethyst'],Spain,40.794838231871,-4.2501211166382,1,2,0,0,1,1
341862,['Amethyst'],Spain,41.216666666667,-2.9175,1,2,0,0,1,1
404406,['Amethyst'],Italy,46.167675848434,11.965152025223,1,2,0,0,1,1
405012,['Amethyst'],Italy,46.296825239365,11.884020484007,1,2,0,0,1,1
58622,['Amethyst'],Austria,46.879320347076,13.35319519043,1,2,0,0,1,1
61008,['Amethyst'],USA,39.21931,-118.10235,1,2,0,0,1,1
405613,['Amethyst'],India,27.860833333333,76.114166666667,1,2,0,0,1,1
406192,['Amethyst'],Morocco,31.631642801388,-7.4937893528794,1,2,0,0,1,1
123711,['Amethyst'],Slovakia,48.8286111111,20.3658333333,1,2,0,0,1,1
215166,['Amethyst'],USA,36.9122222222,-118.154444444,1,2,0,0,1,1
3297,['Amethyst'],USA,31.4180555556,-109.906666667,1,2,0,0,1,1
407786,['Amethyst'],Germany,49.563217100957,7.4656248093197,1,2,0,0,1,1
262256,['Amethyst'],Ukraine,47.737777777778,37.710555555556,1,2,0,0,1,1
21182,['Amethyst'],Mexico,18.639908,-99.9225414,1,2,0,0,1,1
521,['Amethyst'],Canada,45.2572222222,-64.3483333333,1,2,0,0,1,1
361340,"['Amethyst', 'Emerald']",Rwanda,-2.36154,29.14791,2,4,1,1,2,2
409487,"['Amethyst', 'Emerald']",Rwanda,-2.2246,29.79088,2,4,1,1,2,2
32010,['Amethyst'],Germany,49.888333333333,8.9491666666667,1,2,0,0,1,1
14925,['Amethyst'],Canada,44.6894444444,-76.7716666667,1,2,0,0,1,1
309585,['Amethyst'],Poland,50.247767486839,16.844701766968,1,2,0,0,1,1
147120,['Amethyst'],Australia,-40.9616437295,148.010931218,1,2,0,0,1,1
105588,['Amethyst'],USA,39.6999827,-113.1653273,1,2,0,0,1,1
242975,['Amethyst'],France,45.927274296333,7.0036125390439,1,2,0,0,1,1
412779,['Amethyst'],Spain,36.827777777778,-2.0397222222222,1,2,0,0,1,1
412901,['Amethyst'],Germany,50.678509216001,10.763176999283,1,2,0,0,1,1
193482,['Amethyst'],Turkey,41.2517,41.5811,1,2,0,0,1,1
412941,['Amethyst'],Spain,41.729166666667,-0.52305555555556,1,2,0,0,1,1
194735,['Amethyst'],Tajikistan,40.6175,69.781388888889,1,2,0,0,1,1
125780,['Amethyst'],Tajikistan,40.502777777778,69.707222222222,1,2,0,0,1,1
413864,['Amethyst'],Russia,59.022464316102,103.52124104066,1,2,0,0,1,1
192338,['Amethyst'],South Korea,35.6,128.966666667,1,2,0,0,1,1
414105,['Amethyst'],South Korea,35.166666666667,129.15,1,2,0,0,1,1
414605,['Amethyst'],UK,56.3691723,-3.1265121,1,2,0,0,1,1
415552,['Amethyst'],USA,33.63648,-107.682,1,2,0,0,1,1
416176,['Amethyst'],Kazakhstan,45.476623602939,73.599473165499,1,2,0,0,1,1
270918,['Amethyst'],Romania,47.631954209321,24.010161397644,1,2,0,0,1,1
215211,['Amethyst'],Poland,51.052024137542,15.86091044101,1,2,0,0,1,1
232559,['Amethyst'],Poland,51.051642,15.870405,1,2,0,0,1,1
359901,['Amethyst'],Argentina,-48.103992338935,-66.637576529691,1,2,0,0,1,1
187935,['Amethyst'],Poland,50.1009550231,19.6366238594,1,2,0,0,1,1
333608,['Amethyst'],Poland,50.666374206543,16.352897644043,1,2,0,0,1,1
215205,['Amethyst'],Poland,50.6277777778,16.4136111111,1,2,0,0,1,1
333609,['Amethyst'],Poland,50.622109510776,16.409736231543,1,2,0,0,1,1
311867,['Amethyst'],Poland,50.783880711458,16.055660615525,1,2,0,0,1,1
418780,['Amethyst'],Poland,51.011108631297,15.6718683116,1,2,0,0,1,1
418781,['Amethyst'],Poland,51.011388888889,15.672777777778,1,2,0,0,1,1
418853,['Amethyst'],Poland,50.476789468418,16.512321246594,1,2,0,0,1,1
211089,['Amethyst'],Poland,50.454853705469,16.510218964473,1,2,0,0,1,1
419052,['Amethyst'],Canada,49.518055555556,-119.16777777778,1,2,0,0,1,1
419159,['Amethyst'],Poland,51.069016659604,15.554580308074,1,2,0,0,1,1
419158,['Amethyst'],Poland,51.081460398796,15.542638964548,1,2,0,0,1,1
419142,['Amethyst'],Poland,51.061950685734,15.568492893424,1,2,0,0,1,1
419248,['Amethyst'],Germany,49.620414026482,7.5073522330152,1,2,0,0,1,1
419366,['Amethyst'],Poland,50.96583,16.1485723,1,2,0,0,1,1
419582,['Amethyst'],Argentina,-47.497135164791,-69.959728809559,1,2,0,0,1,1
107860,['Amethyst'],Switzerland,46.4571594,8.2004199,1,2,0,0,1,1
419783,['Amethyst'],Germany,49.968333333333,12.413888888889,1,2,0,0,1,1
420193,['Amethyst'],Kazakhstan,49.869166666667,73.215555555556,1,2,0,0,1,1
420493,['Amethyst'],China,42.305555555556,81.002777777778,1,2,0,0,1,1
421102,['Amethyst'],Niger,17.51680579717,8.6473999187982,1,2,0,0,1,1
420680,['Amethyst'],Ukraine,51.227777777778,26.05,1,2,0,0,1,1
421546,['Amethyst'],Russia,64.666666666667,156.45,1,2,0,0,1,1
35363,['Amethyst'],USA,34.39119,-107.08281,1,2,0,0,1,1
422115,['Amethyst'],Russia,61.380555555556,31.889444444444,1,2,0,0,1,1
422158,['Amethyst'],USA,38.6471175,-120.7172346,1,2,0,0,1,1
242763,['Amethyst'],Argentina,-24.829899916632,-66.335144919189,1,2,0,0,1,1
225423,['Amethyst'],USA,46.748114367417,-87.881459036955,1,2,0,0,1,1
423853,['Amethyst'],Norway,62.82123,6.57733,1,2,0,0,1,1
423854,['Amethyst'],Norway,62.77999,6.45,1,2,0,0,1,1
423971,['Amethyst'],Canada,50.649722222222,-128.085,1,2,0,0,1,1
424093,['Amethyst'],Germany,50.855185216933,13.04342508327,1,2,0,0,1,1
424096,['Amethyst'],Germany,50.8811151,13.0153118,1,2,0,0,1,1
424114,['Amethyst'],Slovakia,48.470736,18.844947,1,2,0,0,1,1
424235,['Amethyst'],USA,47.54179242323,-121.43468856462,1,2,0,0,1,1
2721,['Amethyst'],Russia,62.118055555556,35.2075,1,2,0,0,1,1
29457,['Amethyst'],Switzerland,46.391111111111,8.3102777777778,1,2,0,0,1,1
417084,['Amethyst'],USA,39.287119880432,-119.66156330709,1,2,0,0,1,1
39341,['Amethyst'],USA,39.810382171956,-113.19711426462,1,2,0,0,1,1
424941,['Amethyst'],Poland,50.782226467093,16.054601653513,1,2,0,0,1,1
7821,['Amethyst'],Greece,36.687326084704,24.34376604103,1,2,0,0,1,1
425284,['Amethyst'],Greece,39.380280214252,26.237161415345,1,2,0,0,1,1
205937,['Amethyst'],Greece,41.019946,25.746143,1,2,0,0,1,1
426363,['Amethyst'],Serbia,42.883333333333,21.55,1,2,0,0,1,1
426398,['Amethyst'],Germany,50.867150315914,10.491206645911,1,2,0,0,1,1
426780,['Amethyst'],Morocco,31.149000655325,-7.3996822450164,1,2,0,0,1,1
427038,['Amethyst'],Norway,59.818999622397,10.127555859623,1,2,0,0,1,1
2659,['Amethyst'],Kazakhstan,46.8402777778,74.9638888889,1,2,0,0,1,1
429716,['Amethyst'],Poland,50.768448469973,16.096895244117,1,2,0,0,1,1
429720,['Amethyst'],USA,41.91655,-118.16767,1,2,0,0,1,1
1162,['Amethyst'],UK,50.315688104,-5.21284481973,1,2,0,0,1,1
430943,['Amethyst'],USA,34.5306421,-84.905775,1,2,0,0,1,1
431037,['Amethyst'],Poland,50.990058799997,15.316437183581,1,2,0,0,1,1
60582,['Amethyst'],Germany,51.819969932429,10.722053291289,1,2,0,0,1,1
200268,['Amethyst'],USA,62.9019444444,-157.078888889,1,2,0,0,1,1
433057,['Amethyst'],Argentina,-46.866666666667,-70.383333333333,1,2,0,0,1,1
295416,['Amethyst'],Poland,50.736129760742,16.292285919189,1,2,0,0,1,1
230581,['Amethyst'],Czech Republic,50.386944444444,12.831111111111,1,2,0,0,1,1
433264,['Amethyst'],Poland,51.020198088444,15.175852388925,1,2,0,0,1,1
432431,['Amethyst'],Mexico,21.45,-89.95,1,2,0,0,1,1
333537,['Amethyst'],Poland,50.783003219362,16.160965049939,1,2,0,0,1,1
73069,['Amethyst'],USA,41.974607,-72.352531,1,2,0,0,1,1
238604,['Amethyst'],UK,50.3705555556,-4.82944444444,1,2,0,0,1,1
435485,['Amethyst'],Poland,50.707978530651,16.138748678394,1,2,0,0,1,1
435504,['Amethyst'],Malaysia,1.508329,103.912009,1,2,0,0,1,1
435506,['Amethyst'],India,18.503889083862,73.807670593262,1,2,0,0,1,1
435593,['Amethyst'],USA,34.045555555556,-106.80444444444,1,2,0,0,1,1
156035,['Amethyst'],Poland,50.794166666667,15.832172222222,1,2,0,0,1,1
187127,['Amethyst'],Poland,50.665853294973,16.838584167856,1,2,0,0,1,1
435711,['Amethyst'],Russia,59.738511277917,161.06028322092,1,2,0,0,1,1
32657,['Amethyst'],Norway,59.459558233268,10.3431992686,1,2,0,0,1,1
211010,['Amethyst'],Poland,50.998362391945,15.839216709137,1,2,0,0,1,1
62234,['Amethyst'],Serbia,42.928,21.535,1,2,0,0,1,1
415951,['Amethyst'],Portugal,40.767665,-7.621103,1,2,0,0,1,1
437181,['Amethyst'],Poland,50.802542756879,15.524792790238,1,2,0,0,1,1
437383,['Amethyst'],France,43.432678701946,6.8395317345858,1,2,0,0,1,1
47980,['Amethyst'],Norway,59.690703,10.1132,1,2,0,0,1,1
439888,['Amethyst'],USA,33.7216,-113.3308,1,2,0,0,1,1
43939,['Amethyst'],USA,37.7702777778,-91.5575,1,2,0,0,1,1
439957,['Amethyst'],USA,33.7148,-113.3308,1,2,0,0,1,1
439958,['Amethyst'],USA,33.718,-113.3308,1,2,0,0,1,1
439940,['Amethyst'],Australia,-16.921111111111,130.99027777778,1,2,0,0,1,1
55471,['Amethyst'],Chile,-20.956911040396,-69.344565824835,1,2,0,0,1,1
440219,['Amethyst'],Hungary,46.1851,18.4553,1,2,0,0,1,1
440228,['Amethyst'],USA,39.978006646393,-75.927306711892,1,2,0,0,1,1
43918,['Amethyst'],USA,38.038437066,-91.195130606,1,2,0,0,1,1
181339,['Amethyst'],USA,39.8933333333,-113.136666667,1,2,0,0,1,1
73533,['Amethyst'],USA,38.5311111111,-120.743888889,1,2,0,0,1,1
440724,['Amethyst'],Mexico,17.300811791075,-96.432259023245,1,2,0,0,1,1
440722,['Amethyst'],Mexico,17.301676456751,-96.429463732813,1,2,0,0,1,1
440788,['Amethyst'],Hungary,46.18526,18.45478,1,2,0,0,1,1
441131,['Amethyst'],Nigeria,11.233333333333,8.1333333333333,1,2,0,0,1,1
413161,['Amethyst'],Turkey,40.304405907882,26.772568652136,1,2,0,0,1,1
439901,['Amethyst'],Brazil,-22.893888888889,-42.942777777778,1,2,0,0,1,1
413670,['Amethyst'],Russia,62.217218011498,35.124130211771,1,2,0,0,1,1
341111,['Amethyst'],Zambia,-12.183333,26.4,1,2,0,0,1,1
442051,['Amethyst'],Serbia,42.959376620089,21.486663737679,1,2,0,0,1,1
442047,['Amethyst'],Serbia,43.018016388299,21.369089933066,1,2,0,0,1,1
305528,['Amethyst'],France,45.879443,2.757261,1,2,0,0,1,1
443054,['Amethyst'],India,18.553534844961,73.752727235434,1,2,0,0,1,1
445225,['Amethyst'],Canada,45.592565,-75.786042,1,2,0,0,1,1
445826,['Amethyst'],Mexico,30.069166666667,-109.08333333333,1,2,0,0,1,1
445927,['Amethyst'],Canada,49.954161904759,-70.383302329491,1,2,0,0,1,1
443112,['Amethyst'],India,21.89850785,76.186892567747,1,2,0,0,1,1
446674,['Amethyst'],USA,47.540277777778,-121.45805555556,1,2,0,0,1,1
180783,['Amethyst'],USA,36.7075,-105.755555556,1,2,0,0,1,1
447581,['Amethyst'],Germany,49.589126014246,7.8740859031677,1,2,0,0,1,1
434729,['Amethyst'],Germany,51.02626816,13.69922117,1,2,0,0,1,1
449522,['Amethyst'],Germany,49.47737442526,6.8749073892832,1,2,0,0,1,1
449857,['Amethyst'],Germany,49.542593847997,6.903145685792,1,2,0,0,1,1
214898,['Amethyst'],Germany,49.453228844021,6.9363204145076,1,2,0,0,1,1
450120,['Amethyst'],Germany,49.480801117482,6.8498672917485,1,2,0,0,1,1
450121,['Amethyst'],Germany,49.591200063807,7.0115513540804,1,2,0,0,1,1
145577,['Amethyst'],China,49.268055555556,128.89416666667,1,2,0,0,1,1
450493,['Amethyst'],Brazil,-26.717630436659,-52.554559707642,1,2,0,0,1,1
450496,['Amethyst'],Brazil,-26.756388888889,-52.543055555556,1,2,0,0,1,1
450502,['Amethyst'],Brazil,-26.723611111111,-52.679444444444,1,2,0,0,1,1
450503,['Amethyst'],Brazil,-26.734994144596,-52.682447433472,1,2,0,0,1,1
71861,['Amethyst'],Australia,-33.264904,151.207312,1,2,0,0,1,1
451126,['Amethyst'],Malawi,-11.866382328886,33.501262664795,1,2,0,0,1,1
230820,['Amethyst'],Germany,48.6888888889,13.6427777778,1,2,0,0,1,1
451670,['Amethyst'],Niger,17.436707457107,8.6606092054059,1,2,0,0,1,1
453046,['Amethyst'],USA,45.708179,-121.680079,1,2,0,0,1,1
35685,['Amethyst'],Germany,51.1547222222,10.0347222222,1,2,0,0,1,1
453264,['Amethyst'],Belize,16.8007,-89.0333,1,2,0,0,1,1
453380,['Amethyst'],Norway,59.685317517655,10.350163266194,1,2,0,0,1,1
453449,['Amethyst'],Mexico,19.68002,-97.12728,1,2,0,0,1,1
453550,['Amethyst'],USA,34.4848751328,-97.285566329956,1,2,0,0,1,1
264667,['Amethyst'],Norway,63.1023,8.08035,1,2,0,0,1,1
203400,['Amethyst'],Indonesia,1.1346214849783,127.70182978076,1,2,0,0,1,1
419698,['Amethyst'],Argentina,-46.944444444444,-70.179444444444,1,2,0,0,1,1
221370,['Amethyst'],Russia,64.6,50.4,1,2,0,0,1,1
231577,['Amethyst'],USA,41.443344,-72.900208,1,2,0,0,1,1
456501,['Amethyst'],Norway,59.76259,10.13688,1,2,0,0,1,1
457811,['Amethyst'],Canada,49.953741293501,-70.383735041318,1,2,0,0,1,1
455967,['Amethyst'],Russia,51.333333333333,117.78333333333,1,2,0,0,1,1
91,['Amethyst'],Australia,-29.8178859629,151.972755957,1,2,0,0,1,1
459071,['Amethyst'],Madagascar,-22.61627,45.99068,1,2,0,0,1,1
6861,['Amethyst'],Romania,47.665054985332,23.845567839558,1,2,0,0,1,1
462683,['Amethyst'],USA,41.999814871822,-71.413879394531,1,2,0,0,1,1
464417,['Amethyst'],Indonesia,-1.365,127.725,1,2,0,0,1,1
926,['Amethyst'],UK,50.2290246472,-5.15792342231,1,2,0,0,1,1
19101,['Amethyst'],Australia,-23.5652852369,150.20945549,1,2,0,0,1,1
185355,['Amethyst'],USA,39.950833333333,-75.413055555556,1,2,0,0,1,1
42371,['Amethyst'],Austria,46.705581697537,14.569616317967,1,2,0,0,1,1
420149,['Amethyst'],Australia,-27.9844,123.8452,1,2,0,0,1,1
471937,['Amethyst'],USA,46.623562535572,-112.25172132254,1,2,0,0,1,1
474518,['Amethyst'],USA,45.947746206699,-112.35986799002,1,2,0,0,1,1
4220,['Amethyst'],USA,48.5241666667,-120.653055556,1,2,0,0,1,1
443368,['Amethyst'],Australia,-33.6197822,149.8367482,1,2,0,0,1,1
475143,['Amethyst'],Namibia,-21.219166666667,14.260555555556,1,2,0,0,1,1
744,['Emerald'],Colombia,5.5352777777778,-74.146388888889,1,4,1,1,1,1
743,['Emerald'],Colombia,5.6323552674546,-74.156467987656,1,4,1,1,1,1
3128,['Emerald'],Spain,42.181868722651,-8.3601579660899,1,4,1,1,1,1
4536,['Emerald'],China,28.900994636555,113.66523738485,1,4,1,1,1,1
370,['Emerald'],Brazil,-14.1572222222,-41.6986111111,1,4,1,1,1,1
6823,['Emerald'],Brazil,-10.720900127083,-40.449143141309,1,4,1,1,1,1
7881,['Emerald'],USA,35.8747222222,-82.12,1,4,1,1,1,1
8282,['Emerald'],Austria,47.203333333333,12.369166666667,1,4,1,1,1,1
10941,['Emerald'],USA,35.900001525879,-81.083335876465,1,4,1,1,1,1
11330,['Emerald'],Colombia,4.90361111111,-73.3688888889,1,4,1,1,1,1
11563,['Emerald'],Pakistan,34.834444444444,72.584722222222,1,4,1,1,1,1
13756,"['Emerald', 'Trapiche emerald']",Pakistan,34.784722222222,72.369444444444,2,4,2,2,2,2
13902,['Emerald'],Norway,60.42463305376,11.195023149142,1,4,1,1,1,1
18770,['Emerald'],USA,35.2333333333,-81.5666666667,1,4,1,1,1,1
18833,['Emerald'],Australia,-29.6972222222,120.575833333,1,4,1,1,1,1
18834,['Emerald'],Australia,-27.126334493147,117.46044066543,1,4,1,1,1,1
20835,['Emerald'],Zimbabwe,-20.9166666667,29.9333333333,1,4,1,1,1,1
25494,['Emerald'],USA,35.4,-81.5333333333,1,4,1,1,1,1
26409,['Emerald'],Madagascar,-21.331474494583,47.912503878276,1,4,1,1,1,1
26419,['Emerald'],Mozambique,-16.1166666667,38.0166666667,1,4,1,1,1,1
27314,['Emerald'],Australia,-29.2535579866,151.641062336,1,4,1,1,1,1
27401,['Emerald'],Canada,56.1075,-129.901666667,1,4,1,1,1,1
27838,['Emerald'],Madagascar,-23.585,45.14654982143,1,4,1,1,1,1
27840,['Emerald'],Madagascar,-21.323506474302,47.905922317505,1,4,1,1,1,1
27842,['Emerald'],Madagascar,-21.451111111111,47.914444444444,1,4,1,1,1,1
16923,['Emerald'],USA,40.399191040539,-118.25077008718,1,4,1,1,1,1
7862,['Emerald'],Zimbabwe,-19.949722222222,30.983055555556,1,4,1,1,1,1
30197,['Emerald'],Zimbabwe,-19.833055555556,31.166666666667,1,4,1,1,1,1
30198,['Emerald'],Zimbabwe,-19.9916666667,30.9083333333,1,4,1,1,1,1
30443,['Emerald'],Brazil,-9.5168998,-41.5628782,1,4,1,1,1,1
30444,['Emerald'],Brazil,-14.2652777778,-49.6616666667,1,4,1,1,1,1
30624,['Emerald'],Afghanistan,34.8388888889,70.9416666667,1,4,1,1,1,1
30778,['Emerald'],Afghanistan,35.4333333333,69.8666666667,1,4,1,1,1,1
31200,['Emerald'],Zambia,-13.1175,28.066388888889,1,4,1,1,1,1
31526,['Emerald'],Zambia,-13.089167,28.1386685,1,4,1,1,1,1
31582,['Emerald'],Canada,61.2763888889,-130.508333333,1,4,1,1,1,1
34713,['Emerald'],Canada,62.3666666667,-128.616666667,1,4,1,1,1,1
34716,['Emerald'],Canada,49.814852229918,-92.727780263567,1,4,1,1,1,1
3701,['Emerald'],USA,41.2427777778,-73.2011111111,1,4,1,1,1,1
42289,['Emerald'],Afghanistan,35.4263888889,69.8333333333,1,4,1,1,1,1
42758,['Emerald'],Brazil,-19.6741666667,-43.1255555556,1,4,1,1,1,1
42760,['Emerald'],Brazil,-19.693588479021,-43.092551314426,1,4,1,1,1,1
42762,['Emerald'],Brazil,-19.8244444444,-43.0566666667,1,4,1,1,1,1
42763,['Emerald'],Brazil,-19.7047222222,-43.0875,1,4,1,1,1,1
43460,['Emerald'],Afghanistan,35.45,69.8333333333,1,4,1,1,1,1
45816,['Emerald'],Madagascar,-21.4493,47.92,1,4,1,1,1,1
48866,['Emerald'],Australia,-29.3594444444,151.629444444,1,4,1,1,1,1
54196,['Emerald'],South Africa,-23.96669393361,30.640317514299,1,4,1,1,1,1
2165,['Emerald'],Italy,43.9986111111,10.2944444444,1,4,1,1,1,1
56135,['Emerald'],Italy,42.750001944452,10.211668012716,1,4,1,1,1,1
56555,['Emerald'],South Africa,-27.284739,24.96244,1,4,1,1,1,1
56816,['Emerald'],Austria,47.175743,12.330323,1,4,1,1,1,1
56819,['Emerald'],Austria,47.194728454491,12.321769307989,1,4,1,1,1,1
57724,['Emerald'],Austria,47.24197795702,12.402963638306,1,4,1,1,1,1
56611,['Emerald'],Austria,47.171656080595,12.319732553448,1,4,1,1,1,1
242,['Emerald'],Austria,47.207307,12.476673,1,4,1,1,1,1
65510,['Emerald'],France,48.433888888889,0.025277777777778,1,4,1,1,1,1
67499,['Emerald'],Tanzania,-8.44667,32.01705,1,4,1,1,1,1
71957,['Emerald'],Australia,-30.986277,120.929716,1,4,1,1,1,1
98747,['Emerald'],Australia,-29.2694444444,151.334444444,1,4,1,1,1,1
98769,['Emerald'],Australia,-29.3557634496,151.496655757,1,4,1,1,1,1
100162,['Emerald'],USA,35.63888931274414,-81.71333312988281,1,4,1,1,1,1
105486,['Emerald'],Australia,-29.2763888889,151.517777778,1,4,1,1,1,1
105806,['Emerald'],Germany,54.38548,10.50579,1,4,1,1,1,1
29338,['Emerald'],Switzerland,46.395113,8.248915,1,4,1,1,1,1
105574,['Emerald'],Australia,-29.2505555556,151.636666667,1,4,1,1,1,1
99822,['Emerald'],USA,35.913612365723,-81.099166870117,1,4,1,1,1,1
109632,['Emerald'],Colombia,5.5969444444444,-74.086944444444,1,4,1,1,1,1
12565,['Emerald'],Australia,-21.175710914509,118.67711655332,1,4,1,1,1,1
109646,['Emerald'],Bulgaria,42.174444,23.328889,1,4,1,1,1,1
109648,['Emerald'],Pakistan,35.98,74.7291666667,1,4,1,1,1,1
109650,['Emerald'],Namibia,-24.75,16.1666666667,1,4,1,1,1,1
109651,['Emerald'],Somalia,9.9386691,43.184119,1,4,1,1,1,1
109655,['Emerald'],Brazil,-10.0078852,-48.9945141,1,4,1,1,1,1
109656,['Emerald'],Brazil,-5.5969699250019,-40.089758304735,1,4,1,1,1,1
22997,['Emerald'],Italy,43.9653588,10.2836042,1,4,1,1,1,1
69545,['Emerald'],Colombia,5.714483,-74.082127,1,4,1,1,1,1
99817,['Emerald'],USA,35.9025,-81.1027777778,1,4,1,1,1,1
105689,['Emerald'],USA,41.2911111111,-73.2308333333,1,4,1,1,1,1
131695,['Emerald'],China,22.9280555556,104.696666667,1,4,1,1,1,1
132822,['Emerald'],Afghanistan,35.416666666667,69.762222222222,1,4,1,1,1,1
143518,['Emerald'],Australia,-35.9188997014,148.085500558,1,4,1,1,1,1
102214,['Emerald'],USA,35.44361114501953,-83.4669418334961,1,4,1,1,1,1
21852,['Emerald'],Ethiopia,5.51666666667,39.0333333333,1,4,1,1,1,1
156233,['Emerald'],Afghanistan,36.906208661329,70.756645201764,1,4,1,1,1,1
160794,['Emerald'],USA,46.9708333333,-114.7875,1,4,1,1,1,1
187114,['Emerald'],Canada,64.3942,-129.4731,1,4,1,1,1,1
190941,['Emerald'],Norway,67.515434470579,14.768691555078,1,4,1,1,1,1
191978,['Emerald'],Canada,49.8077777778,-92.6658333333,1,4,1,1,1,1
192331,['Emerald'],South Africa,-23.2147222222,30.9066666667,1,4,1,1,1,1
192461,['Emerald'],Nigeria,9.23333333333,8.51666666667,1,4,1,1,1,1
194083,['Emerald'],Australia,-41.2833333333,148.166666667,1,4,1,1,1,1
4035,['Emerald'],USA,35.85,-81.05,1,4,1,1,1,1
205352,['Emerald'],Zambia,-13.1,28.1,1,4,1,1,1,1
205460,['Emerald'],Pakistan,34.786666666667,72.370277777778,1,4,1,1,1,1
205458,['Emerald'],Pakistan,34.787222222222,72.372222222222,1,4,1,1,1,1
205461,['Emerald'],Pakistan,34.783888888889,72.368333333333,1,4,1,1,1,1
205457,['Emerald'],Pakistan,34.781388888889,72.367222222222,1,4,1,1,1,1
206085,['Emerald'],Colombia,4.906998,-73.328433,1,4,1,1,1,1
206086,['Emerald'],Colombia,4.8920164561402,-73.346663050003,1,4,1,1,1,1
206089,['Emerald'],Colombia,5.5577777777778,-74.218611111111,1,4,1,1,1,1
206091,['Emerald'],Colombia,5.5438888888889,-74.148888888889,1,4,1,1,1,1
206098,['Emerald'],Mozambique,-16.2083333333,38.3138888889,1,4,1,1,1,1
218750,['Emerald'],Zimbabwe,-19.766666666667,32.3,1,4,1,1,1,1
156983,['Emerald'],Pakistan,35.8155555556,75.4175,1,4,1,1,1,1
34136,"['Emerald', 'Trapiche emerald']",Colombia,5.5666666666667,-74.066666666667,2,4,2,2,2,2
20073,['Emerald'],Austria,47.199444444444,12.363888888889,1,4,1,1,1,1
223685,['Emerald'],Australia,-29.3402819925,151.691783512,1,4,1,1,1,1
224717,['Emerald'],Australia,-29.3619444444,151.624444444,1,4,1,1,1,1
224775,['Emerald'],Australia,-29.3561111111,151.635,1,4,1,1,1,1
224776,['Emerald'],Australia,-29.3561111111,151.640833333,1,4,1,1,1,1
224781,['Emerald'],Australia,-29.3544444444,151.642222222,1,4,1,1,1,1
224782,['Emerald'],Australia,-29.3537139761,151.634543686,1,4,1,1,1,1
226295,['Emerald'],Afghanistan,35.416666666667,69.761666666667,1,4,1,1,1,1
226296,['Emerald'],Afghanistan,35.4875,69.9041666667,1,4,1,1,1,1
226300,['Emerald'],Afghanistan,35.4275,69.804444444444,1,4,1,1,1,1
226334,['Emerald'],Afghanistan,35.4666666667,69.875,1,4,1,1,1,1
227249,['Emerald'],Afghanistan,34.91,70.155833333333,1,4,1,1,1,1
230246,['Emerald'],Australia,-29.3583333333,151.502222222,1,4,1,1,1,1
135200,['Emerald'],China,47.866666666667,88.833333333333,1,4,1,1,1,1
231634,['Emerald'],China,47.316666666667,90.233333333333,1,4,1,1,1,1
231644,['Emerald'],China,37.351111111111,75.4375,1,4,1,1,1,1
235388,['Emerald'],Portugal,41.795299,-8.670955,1,4,1,1,1,1
239359,['Emerald'],Canada,49.8166666667,-92.7283333333,1,4,1,1,1,1
240296,['Emerald'],Australia,-29.2586111111,151.672777778,1,4,1,1,1,1
3280,['Emerald'],USA,35.2111111111,-81.3555555556,1,4,1,1,1,1
11498,['Emerald'],USA,35.8666666667,-82.05,1,4,1,1,1,1
244318,['Emerald'],Brazil,-14.4,-40.8333333,1,4,1,1,1,1
244319,['Emerald'],Brazil,-14.6333333333,-41.0833333333,1,4,1,1,1,1
239485,['Emerald'],Argentina,-26.3544444444,-66.0541666667,1,4,1,1,1,1
245140,['Emerald'],Australia,-21.574432703881,119.29655751968,1,4,1,1,1,1
246223,['Emerald'],Australia,-30.880422832682,121.23890249795,1,4,1,1,1,1
216512,['Emerald'],USA,35.8492885,-82.0903939,1,4,1,1,1,1
241240,['Emerald'],Russia,57.114528796992,61.407397934245,1,4,1,1,1,1
19401,['Emerald'],Ukraine,46.9716666667,36.8077777778,1,4,1,1,1,1
31919,['Emerald'],Austria,47.206022902909,12.370696663857,1,4,1,1,1,1
4356,['Emerald'],Zimbabwe,-19.7,29.666666666667,1,4,1,1,1,1
248068,['Emerald'],India,26.275443,74.681032,1,4,1,1,1,1
248159,['Emerald'],Zimbabwe,-20.6,29.3,1,4,1,1,1,1
56942,['Emerald'],South Africa,-23.995819314792,30.521049499512,1,4,1,1,1,1
30847,['Emerald'],Brazil,-14.0152541,-49.1780939,1,4,1,1,1,1
248944,['Emerald'],Australia,-20.9344,118.9331,1,4,1,1,1,1
248984,['Emerald'],Australia,-27.579994261379,117.13690179023,1,4,1,1,1,1
249006,['Emerald'],Australia,-28.1582,116.739,1,4,1,1,1,1
251259,['Emerald'],Australia,-27.126782444385,117.46102619171,1,4,1,1,1,1
251263,['Emerald'],Australia,-27.118551195227,117.52632188797,1,4,1,1,1,1
251276,['Emerald'],Australia,-27.1338,117.4419,1,4,1,1,1,1
251277,['Emerald'],Australia,-27.157,117.3584,1,4,1,1,1,1
251257,['Emerald'],Australia,-27.129532425111,117.45767879486,1,4,1,1,1,1
251258,['Emerald'],Australia,-27.128539384316,117.45875167847,1,4,1,1,1,1
251253,['Emerald'],Australia,-27.133523596276,117.44115638733,1,4,1,1,1,1
251260,['Emerald'],Australia,-27.132568783603,117.45881605148,1,4,1,1,1,1
251254,['Emerald'],Australia,-27.129284165739,117.45381641388,1,4,1,1,1,1
251769,['Emerald'],Brazil,-5.8408333,-36.1183333,1,4,1,1,1,1
192743,['Emerald'],Brazil,-5.66666666667,-36.25,1,4,1,1,1,1
258587,['Emerald'],Zimbabwe,-16.3666666667,29.4666666667,1,4,1,1,1,1
258630,['Emerald'],Zambia,-13.104298114402,28.104481801638,1,4,1,1,1,1
258666,['Emerald'],Zambia,-12.528611111111,26.675833333333,1,4,1,1,1,1
258654,['Emerald'],Zambia,-13.105347,28.112173,1,4,1,1,1,1
258662,['Emerald'],Zambia,-13.051056,28.161567,1,4,1,1,1,1
258655,['Emerald'],Zambia,-13.104756,28.116865,1,4,1,1,1,1
258649,['Emerald'],Zambia,-13.164959,28.084003,1,4,1,1,1,1
258653,['Emerald'],Zambia,-13.107736,28.106865,1,4,1,1,1,1
258657,['Emerald'],Zambia,-13.095564251179,28.131791168066,1,4,1,1,1,1
258660,['Emerald'],Zambia,-13.073653,28.149542,1,4,1,1,1,1
258661,['Emerald'],Zambia,-13.056375,28.149813,1,4,1,1,1,1
258658,['Emerald'],Zambia,-13.087604,28.14097,1,4,1,1,1,1
258659,['Emerald'],Zambia,-13.079258,28.168862,1,4,1,1,1,1
258656,['Emerald'],Zambia,-13.10004,28.124036,1,4,1,1,1,1
206888,['Emerald'],Zambia,-13.069863630981,28.060840874583,1,4,1,1,1,1
258648,['Emerald'],Zambia,-13.167793,28.068105,1,4,1,1,1,1
258663,['Emerald'],Zambia,-13.056464,28.172599,1,4,1,1,1,1
258664,['Emerald'],Zambia,-13.04814,28.170083,1,4,1,1,1,1
258652,['Emerald'],Zambia,-13.094952,28.09723,1,4,1,1,1,1
100599,['Emerald'],USA,35.2319444444,-81.5825,1,4,1,1,1,1
100600,['Emerald'],USA,35.2275,-81.5663888889,1,4,1,1,1,1
267469,['Emerald'],Italy,45.74939345712,11.536749580849,1,4,1,1,1,1
742,"['Emerald', 'Trapiche emerald']",Colombia,5.5313888888889,-74.107222222222,2,4,2,2,2,2
248996,['Emerald'],Australia,-28.138510941336,116.70755774561,1,4,1,1,1,1
234944,['Emerald'],Ethiopia,5.7645403,38.9119977,1,4,1,1,1,1
292607,['Emerald'],Italy,46.1041556,8.392425,1,4,1,1,1,1
301267,['Emerald'],Canada,66.451111427394,-92.516677513428,1,4,1,1,1,1
42819,['Emerald'],Brazil,-19.2355555556,-41.4408333333,1,4,1,1,1,1
310647,['Emerald'],Brazil,-13.811026272525,-41.299834986231,1,4,1,1,1,1
6421,['Emerald'],Brazil,-16.9775746,-41.9989718,1,4,1,1,1,1
310650,['Emerald'],Brazil,-18.7770104,-42.9380462,1,4,1,1,1,1
310653,['Emerald'],Brazil,-17.7405182,-46.1741639,1,4,1,1,1,1
310656,['Emerald'],Brazil,-15.8384246,-43.1886234,1,4,1,1,1,1
310657,['Emerald'],Brazil,-17.7214465,-39.534881,1,4,1,1,1,1
248111,['Emerald'],Zimbabwe,-20.536111111111,29.281388888889,1,4,1,1,1,1
4647,['Emerald'],Russia,57.07881,61.39932,1,4,1,1,1,1
156288,['Emerald'],Romania,47.456938029207,23.792910658729,1,4,1,1,1,1
123187,['Emerald'],Pakistan,34.749722222222,72.355833333333,1,4,1,1,1,1
205459,['Emerald'],Pakistan,34.785,72.370833333333,1,4,1,1,1,1
3558,['Emerald'],USA,33.0786111111,-116.601111111,1,4,1,1,1,1
418697,['Emerald'],Colombia,4.7233333333333,-73.476666666667,1,4,1,1,1,1
277012,['Emerald'],Italy,46.128340868058,8.4175229365639,1,4,1,1,1,1
127450,['Emerald'],Egypt,24.616666666667,34.779,1,4,1,1,1,1
374516,['Emerald'],South Africa,-23.969927179939,30.6424273662,1,4,1,1,1,1
420650,['Emerald'],Brazil,-6.4694370587538,-38.266410822712,1,4,1,1,1,1
420649,['Emerald'],Brazil,-6.4466666666667,-38.258333333333,1,4,1,1,1,1
422396,['Emerald'],India,26.507021,74.768923,1,4,1,1,1,1
422397,['Emerald'],India,25.593733,74.291704,1,4,1,1,1,1
422398,['Emerald'],India,25.581146599974,74.276332855225,1,4,1,1,1,1
422399,['Emerald'],India,25.22408,73.709429,1,4,1,1,1,1
26417,['Emerald'],South Africa,-23.963543583584,30.641488569941,1,4,1,1,1,1
247777,['Emerald'],Brazil,-14.183846179546,-41.724529012756,1,4,1,1,1,1
432268,['Emerald'],Colombia,4.85295,-73.382417,1,4,1,1,1,1
186,['Emerald'],Australia,-41.4315047447,145.523831547,1,4,1,1,1,1
436795,['Emerald'],Pakistan,36.108055555556,71.500833333333,1,4,1,1,1,1
420648,['Emerald'],Brazil,-6.4227861898281,-38.25848363928,1,4,1,1,1,1
441717,['Emerald'],China,33.4918,108.8063,1,4,1,1,1,1
441806,['Emerald'],Egypt,24.603626031112,34.784278859502,1,4,1,1,1,1
440890,['Emerald'],Egypt,24.611268759499,34.782034470116,1,4,1,1,1,1
244342,['Emerald'],Egypt,24.6553333333,34.7546666667,1,4,1,1,1,1
440848,['Emerald'],Egypt,24.7716666667,34.7183333333,1,4,1,1,1,1
441764,['Emerald'],China,38.16667,87.86667,1,4,1,1,1,1
263267,['Emerald'],Egypt,24.656807161187,34.801896892276,1,4,1,1,1,1
108592,['Emerald'],Colombia,5.634816,-74.045792,1,4,1,1,1,1
464822,['Emerald'],Colombia,5.55,-74.166666666667,1,4,1,1,1,1
464825,['Emerald'],Colombia,5.5375,-74.15,1,4,1,1,1,1
465311,['Emerald'],Tanzania,-7.4886862465905,31.515106209554,1,4,1,1,1,1
470184,['Emerald'],Colombia,4.703038,-73.463497,1,4,1,1,1,1
474368,['Emerald'],Algeria,20.833333333333,4.9166666666667,1,4,1,1,1,1
